-0.9666362,-0.9478194,0.9335674,-0.94513124,-0.9034038,0.8856396,-0.92949975,0.97217035,-0.97441936,-0.98819757
-0.9688444,-0.95922923,0.94002324,-0.96157,-0.90575284,0.9044727,-0.91950417,0.97264785,-0.9746007,-0.9883472
-0.94337726,-0.9230915,0.86977845,-0.9341727,-0.81901366,0.81556,-0.8926199,0.9543856,-0.95258385,-0.96802425
-0.9397957,-0.908251,0.86840117,-0.91412055,-0.81737304,0.7816545,-0.8903508,0.935335,-0.94582915,-0.9557012
-0.9470527,-0.9166383,0.8765176,-0.90908307,-0.84947187,0.8120315,-0.8843317,0.95399815,-0.95024955,-0.974304
-0.9272457,-0.88759935,0.8351581,-0.86801785,-0.77415025,0.73290795,-0.8499664,0.9212869,-0.9245299,-0.9497783
-0.92928565,-0.8962663,0.8503703,-0.8934263,-0.7862217,0.75749046,-0.8687994,0.92533845,-0.9367755,-0.95321965
-0.85938877,-0.8365442,0.7570225,-0.8135176,-0.6105374,0.6319506,-0.79832536,0.84292036,-0.8736569,-0.9205849
-0.84956765,-0.8463856,0.75964326,-0.8105222,-0.7163078,0.64750993,-0.7729864,0.86479396,-0.8934984,-0.9241936
-0.8772765,-0.8680173,0.74795073,-0.82074916,-0.6739993,0.6684563,-0.7800599,0.8673874,-0.8831113,-0.9010396
-0.81933254,-0.82737637,0.72753936,-0.73738945,-0.63356274,0.5691873,-0.767766,0.8489436,-0.8469614,-0.90381455
-0.8623013,-0.82025015,0.64866394,-0.7941185,-0.5904523,0.61461425,-0.6822979,0.85282224,-0.8687241,-0.8830331
-0.78906983,-0.80763435,0.62917066,-0.77364206,-0.52206546,0.537388,-0.7380796,0.78343695,-0.83139926,-0.85537225
-0.76513755,-0.7466102,0.6061223,-0.6962088,-0.53792137,0.4591274,-0.663006,0.7186748,-0.79605204,-0.8828951
-0.75012034,-0.74790347,0.54511213,-0.73679054,-0.44077653,0.48565918,-0.72102004,0.7138625,-0.8452456,-0.85263395
-0.70190907,-0.6766647,0.5366694,-0.5148943,-0.3990737,0.38842478,-0.6014659,0.61973333,-0.83782715,-0.8566292
-0.6776226,-0.6438746,0.43728182,-0.537534,-0.28512245,0.38965446,-0.5563988,0.5497335,-0.7880962,-0.76929426
-0.5640882,-0.60651046,0.37532333,-0.44466773,-0.26655534,0.21312812,-0.4839899,0.5763041,-0.6859924,-0.75938886
-0.6053134,-0.6095648,0.4517906,-0.4400199,-0.27792415,0.27116373,-0.49476823,0.5707123,-0.73864776,-0.77493787
-0.5098685,-0.5977461,0.39039192,-0.4658491,-0.15205418,0.21545333,-0.45990598,0.5620208,-0.60338235,-0.66458815
-0.678376,-0.69219345,0.3448904,-0.5839319,-0.310871,0.3173653,-0.4640073,0.6684511,-0.68197215,-0.73083496
-0.57288516,-0.64466995,0.27907792,-0.58496684,-0.18412182,0.27928275,-0.44716534,0.6110085,-0.6727198,-0.67013186
-0.62034816,-0.6529331,0.30672166,-0.6483695,-0.38944754,0.22871472,-0.53261733,0.6204286,-0.6405741,-0.77999187
-0.64481163,-0.6285748,0.37933156,-0.5812167,-0.19817697,0.34350547,-0.51016283,0.56482923,-0.7281187,-0.7153831
-0.6590955,-0.6534607,0.33166325,-0.5738482,-0.23259221,0.30377585,-0.55447674,0.55447793,-0.71515983,-0.75662446
-0.66679054,-0.66629034,0.40839288,-0.5291849,-0.2724082,0.29289055,-0.5575821,0.61190104,-0.70213133,-0.7655722
-0.64000124,-0.70995677,0.40342945,-0.6215251,-0.33934987,0.3546183,-0.6000824,0.6631152,-0.7581898,-0.86253446
-0.7210102,-0.6792704,0.4088064,-0.5913741,-0.36223724,0.36031616,-0.5264835,0.55339384,-0.70706826,-0.81598294
-0.7227578,-0.67940795,0.33415392,-0.5753797,-0.42126268,0.3955304,-0.5149444,0.59251124,-0.79382277,-0.8534443
-0.64886135,-0.6525098,0.34136486,-0.54079205,-0.43169397,0.37559542,-0.4925799,0.5664706,-0.7783719,-0.83794343
-0.6124087,-0.5653582,0.36618,-0.5241942,-0.36764368,0.22915095,-0.5441181,0.46854568,-0.7140049,-0.7382085
-0.6538986,-0.64076495,0.34746787,-0.5766846,-0.24960668,0.3654526,-0.54564863,0.5838135,-0.7812332,-0.7630943
-0.63892794,-0.530477,0.34201708,-0.41015527,-0.3203118,0.12000141,-0.45126894,0.47016627,-0.7233152,-0.8008891
-0.5664433,-0.509509,0.23981412,-0.44013777,-0.18644574,0.14250793,-0.3712219,0.46714523,-0.5702112,-0.6214072
-0.57500684,-0.50963867,0.34862694,-0.42117667,-0.19441824,0.15177296,-0.40213588,0.39352578,-0.5644214,-0.61729944
-0.5021692,-0.43762153,0.3944105,-0.30638978,-0.050769776,0.08803653,-0.45450363,0.37922585,-0.607395,-0.53814834
-0.5150349,-0.5774609,0.38680983,-0.41027573,-0.0020567076,0.2198862,-0.43732145,0.46475106,-0.5582538,-0.4887861
-0.5309176,-0.47763604,0.37299752,-0.4977458,-0.045073286,0.17607598,-0.49175233,0.3875184,-0.6407743,-0.599593
-0.56087065,-0.49656692,0.39487705,-0.46267986,-0.02011988,0.14973255,-0.5260834,0.35179508,-0.6014997,-0.5448262
-0.4462686,-0.44187823,0.3468087,-0.39975998,-0.15988414,0.1306489,-0.4768581,0.30274782,-0.61452276,-0.67057765
-0.5322086,-0.41502732,0.44594356,-0.34033075,-0.2164125,0.03046547,-0.5070745,0.28041682,-0.61076456,-0.6816993
-0.4566393,-0.39083374,0.44883218,-0.3848573,-0.1970801,-0.0049203536,-0.5189543,0.3299417,-0.55911887,-0.5899042
-0.36211017,-0.40908468,0.27060685,-0.32300273,-0.08049198,0.05233264,-0.3702573,0.25322506,-0.38080895,-0.39405435
-0.4473466,-0.42248476,0.36521786,-0.31124073,-0.09799528,0.09260829,-0.42168397,0.3074356,-0.5187853,-0.44267362
-0.47660986,-0.39075795,0.2840411,-0.36882126,0.053207662,0.097445376,-0.366331,0.20529582,-0.505895,-0.3127647
-0.5031512,-0.4794754,0.34250915,-0.3734119,0.010619919,0.14306542,-0.48100564,0.31416085,-0.59847945,-0.4983297
-0.5132532,-0.42777732,0.281653,-0.34635535,0.037582807,0.10406065,-0.43799675,0.30873746,-0.583686,-0.4063347
-0.4351645,-0.34691945,0.27050337,-0.2939721,0.044588897,0.041456826,-0.37719956,0.26143613,-0.50516135,-0.48290068
-0.4334954,-0.38278717,0.28950572,-0.28465378,0.07920087,0.07735411,-0.42420763,0.27057713,-0.57386494,-0.4505446
-0.37135747,-0.2590778,0.083197385,-0.30519104,-0.036967404,0.010160365,-0.31698394,0.14114158,-0.5195529,-0.48012245
-0.40351316,-0.2689328,0.17527294,-0.2173907,-0.05681791,-0.038428538,-0.312988,0.15026629,-0.48971328,-0.5031411
-0.26953048,-0.1464315,0.17524712,-0.07795257,0.006129665,-0.097270824,-0.26482993,0.013501468,-0.4312174,-0.36037898
-0.25110447,-0.21009788,0.020942755,-0.17541094,-0.010810401,-0.09435392,-0.21945271,0.04995372,-0.34983566,-0.24994919
-0.22872269,-0.1589431,0.12174952,0.01921792,-0.066870525,-0.108557284,-0.19588768,0.0107479375,-0.3841668,-0.38077116
-0.361551,-0.15588367,0.046873603,-0.07679311,0.076276585,-0.14170979,-0.1710506,0.07392406,-0.3681079,-0.30207527
-0.25327718,-0.13835098,0.056939192,-0.09293928,0.049754895,-0.14206319,-0.16533886,0.08314364,-0.3413151,-0.24622451
-0.38757285,-0.17150831,0.13220721,-0.054288324,0.016278058,-0.105248615,-0.20582186,0.009440876,-0.36142728,-0.4155808
-0.24849041,-0.091347605,0.14185865,0.046887312,-0.051414695,-0.15815479,-0.14766201,-0.059097134,-0.3536539,-0.37648115
-0.22755091,-0.17234318,0.13168651,-0.02628869,-0.056513958,-0.13314182,-0.19699056,0.055746213,-0.37863114,-0.47099918
-0.14052299,-0.08701211,0.09128902,-0.01440653,0.069982946,-0.109169975,-0.15658729,-0.027317716,-0.3778315,-0.22356589
-0.13446638,-0.06163829,0.047480438,0.054259602,0.08904475,-0.14022498,-0.11237462,-0.059789825,-0.4047332,-0.20888491
-0.08645794,-0.039523046,0.040564,0.10152424,0.16496319,-0.14005859,-0.08677236,-0.13441345,-0.43045232,-0.2700826
-0.18551353,0.065070525,-0.057079047,0.1623483,0.16494615,-0.27314597,-0.00801599,-0.1892151,-0.25790524,-0.17854579
-0.08969711,0.044125836,0.011030003,0.17053165,0.14400545,-0.23058014,-0.051710516,-0.26789945,-0.33294395,-0.2070672
0.064781465,0.07673651,-0.022064472,0.33095327,0.21334146,-0.34076005,0.05687975,-0.2340546,-0.17560935,-0.13083382
0.06029956,-0.021943713,-0.09498795,0.24378757,0.22778818,-0.28331986,0.112302504,-0.13713056,-0.16512267,-0.1465058
0.11150295,0.0006571858,-0.036745746,0.1896114,0.31456813,-0.29609048,0.008901168,-0.09211846,-0.11061829,-0.020064954
-0.19076563,0.068804726,-0.13587278,0.18561171,0.11442157,-0.34123957,0.07119736,-0.25714275,-0.008587209,-0.09708746
0.06821827,0.107119285,-0.10059894,0.2693007,0.2694502,-0.33221528,0.033435453,-0.30094582,0.09184237,-0.091586836
0.056054547,0.064015314,-0.04734303,0.31332043,0.19366828,-0.34901315,0.061195314,-0.23851216,0.0077752843,-0.12225583
0.012399658,0.0955151,-0.10610884,0.18370007,0.2653188,-0.38488606,-0.03290563,-0.28444538,-0.02575339,0.030681603
0.087925985,0.09592181,-0.07614817,0.21682696,0.28974754,-0.3788537,-0.0028072372,-0.28643936,0.027306309,0.031118281
-0.0028398044,0.11436307,-0.0130749345,0.19511083,0.3027044,-0.41516662,-0.11103112,-0.2314915,0.04392701,0.012118521
0.021946609,0.04947562,0.10355416,0.28206658,0.34955746,-0.31952444,-0.06407356,-0.17966376,0.039809234,-0.023310373
0.098820545,0.08807988,0.119109236,0.25572404,0.316799,-0.36647412,-0.0785663,-0.13223816,-0.021410381,0.06937171
0.18356398,-0.003907139,0.04292569,0.290811,0.36228558,-0.27731383,0.042879708,-0.0767209,0.031308427,0.04489519
0.005135871,0.04342815,0.034636762,0.21323839,0.47802007,-0.3191152,0.030252587,-0.15669622,-0.10633608,0.024964048
0.01291184,-0.017140774,-0.048619136,0.0993372,0.30066818,-0.2309143,-0.015278134,-0.14981703,-0.16783501,-0.058462173
-0.07310084,-0.08861527,-0.036067363,0.20251434,0.30614784,-0.21620192,0.03983384,-0.059234146,-0.12483381,-0.06853513
-0.14216997,-0.14996843,-0.050596565,0.03570925,0.27015108,-0.18537551,-0.035191182,0.04987005,-0.21931149,-0.09817769
-0.18699042,-0.12609303,0.008951738,0.04252647,0.17581445,-0.16231327,-0.07021667,-0.002795812,-0.23847565,-0.128149
-0.07715332,-0.07244468,-0.015497889,0.12470648,0.23107904,-0.20453167,-0.04171832,-0.007854014,-0.29589644,-0.05001915
-0.10088368,-0.1779435,-0.02224652,0.04235401,0.20068829,-0.15863183,-0.06904983,-0.014181375,-0.18044974,-0.09535584
-0.13580306,-0.058527276,-0.05999324,0.10586044,0.30983412,-0.20149623,-0.0025527421,-0.076067165,-0.25281483,-0.05673229
-0.03333419,-0.009509232,-0.11105143,0.14193743,0.29636258,-0.25913635,0.01735738,-0.2040682,-0.09659763,-0.1371673
-0.12322726,-0.12573221,-0.00092974276,0.18226875,0.29108655,-0.19873817,-0.06517673,0.014819481,-0.21747048,-0.046275564
-0.060461715,-0.16210903,-0.07378356,0.037697487,0.1772395,-0.1769981,-0.00029271096,0.0016971456,-0.08997481,-0.16894136
-0.023310201,-0.15033147,-0.040671878,0.1438855,0.21258347,-0.14453894,0.08056177,-0.034147255,-0.17085652,-0.17642933
-0.017064258,-0.18307538,-0.06675292,0.00819208,0.31229666,-0.12510447,-0.0013306133,0.065217845,-0.11940341,-0.1481408
-0.12270412,-0.12854722,-0.042667218,-0.016455378,0.19291037,-0.17245093,-0.064053096,0.01625244,-0.16809736,-0.21187301
-0.06775339,-0.17897588,-0.017796753,-0.041560877,0.24762478,-0.16621716,-0.1244937,0.10051234,-0.20212042,-0.18416275
-0.17225519,-0.18264164,0.014457023,-0.03693237,0.30164635,-0.13421094,-0.14795846,0.050769217,-0.19702879,-0.10585638
-0.23900267,-0.11138262,0.07583714,0.09963253,0.17689571,-0.20626786,-0.062998466,0.011300135,-0.18481638,-0.19596723
-0.12698904,-0.080355495,0.14578438,0.07468819,0.2103439,-0.18776716,-0.14326747,-0.00864339,-0.2758401,-0.21166728
-0.072056815,-0.16988353,0.045121774,0.06599045,0.19969651,-0.16329351,-0.0664773,0.023657849,-0.11750046,-0.09294056
-0.09873789,-0.071751595,0.046205632,0.07487762,0.22868748,-0.14129639,-0.12171307,-0.065063596,-0.42986763,-0.16320755
-0.1505083,-0.17915133,-0.06949313,-0.0034653181,0.26508105,-0.07136505,-0.07760678,0.03126336,-0.38963106,-0.1574424
-0.15060547,-0.07706431,-0.053037092,-0.030658528,0.32192016,-0.16615087,-0.14651403,-0.043042805,-0.37250045,-0.121226326
-0.26357707,-0.07916341,-0.047052644,-0.045745615,0.32715312,-0.07732171,-0.12052467,-0.10778654,-0.3952515,-0.22298479
-0.15106708,-0.061962087,-0.040851437,0.039151717,0.28114414,-0.24238226,-0.17612645,-0.073631406,-0.36222053,-0.16313037
-0.19575104,-0.00086866296,-0.01206712,0.06838529,0.36651587,-0.18474667,-0.12648167,-0.11510001,-0.38326266,-0.2724405
-0.16521607,-0.018774047,-0.009898921,0.1655319,0.23689894,-0.20646404,-0.05344142,-0.12898898,-0.3268912,-0.29742628
-0.11521785,-0.01925518,0.057387367,0.22714834,0.19278559,-0.19087112,0.00083166343,-0.117008634,-0.3947039,-0.332072
-0.124190904,-0.02052232,0.0010861675,0.19435999,0.058530673,-0.18143915,0.07063138,-0.12651911,-0.35560876,-0.40906382
-0.062819116,-0.007675914,-0.016830852,0.19668633,0.23771825,-0.22849227,0.0022281967,-0.12807721,-0.3342392,-0.21334837
-0.1101418,-0.06924745,0.034600835,0.11599946,0.069140345,-0.21232364,-0.09464702,-0.03390257,-0.3272173,-0.18856263
-0.049885888,0.0046689766,0.022188798,0.13308991,0.26394013,-0.25391018,-0.053560823,-0.10420414,-0.26838693,-0.0659162
-0.117576584,-0.13150306,0.027441807,0.06768212,0.18053056,-0.15905654,-0.07189804,-0.0039021305,-0.24794434,-0.12320815
0.027528819,0.10043055,-0.03304523,0.24057956,0.32615888,-0.2934952,0.03861884,-0.25776702,-0.3050131,-0.12392471
-0.16198814,0.055613,-0.021090033,0.16054216,0.10114652,-0.3133642,-0.05229334,-0.22828569,-0.21206726,-0.07967247
-0.036667172,0.017993579,-0.06582349,0.161214,0.30932513,-0.24554816,0.01529867,-0.22742084,-0.2273774,-0.0985585
-0.092545316,0.09385458,-0.06289054,0.28778702,0.2800279,-0.31959802,0.05028906,-0.28157246,-0.16185208,-0.13031217
0.10623152,0.13688278,-0.07114043,0.33943373,0.2953829,-0.37352994,0.057758465,-0.37165308,-0.07198196,-0.021787131
0.049010728,0.1792813,-0.07465075,0.32246614,0.27840808,-0.4595854,0.033954915,-0.31148523,-0.012566464,0.0075098802
0.041522756,0.19554779,-0.13400148,0.31144312,0.32303748,-0.44088626,0.089455664,-0.3787696,-0.06799509,0.005904323
0.16262926,0.17363006,-0.13410163,0.46457878,0.33543098,-0.50098675,0.19284566,-0.32780597,0.10796431,0.10271315
0.15087962,0.19932732,-0.056844622,0.4116657,0.34964928,-0.5032698,0.09479563,-0.337265,0.047044124,0.09508414
0.24280162,0.1520543,-0.15037861,0.3284895,0.4224905,-0.40329105,0.11902808,-0.39446607,-0.01772741,0.082678474
0.2256284,0.23691498,-0.09778455,0.42365232,0.32618028,-0.5019659,0.17775501,-0.4106372,0.06868715,0.04786233
0.30114055,0.32288295,-0.108969614,0.40402663,0.33891565,-0.566305,0.089857616,-0.5153788,-0.012932619,0.09971918
0.20463096,0.17211598,-0.079024926,0.3556836,0.2836069,-0.4827103,0.058686305,-0.3154615,0.11105317,0.14192833
0.29235876,0.22690009,-0.10472189,0.45721066,0.30357254,-0.49744445,0.18092795,-0.42412966,0.13157523,0.10490459
0.14000148,0.09648594,-0.09401129,0.33226416,0.32339314,-0.38359672,0.08742661,-0.31626913,0.05665859,0.16873707
0.09054723,0.13436927,-0.08626366,0.33889464,0.25690886,-0.4429729,0.0772153,-0.3090973,0.04481532,0.03271455
0.16590895,0.08794905,-0.11590581,0.31032744,0.36903915,-0.333978,0.1186498,-0.3506319,-0.00736338,-0.0011223401
0.23324707,0.21316288,-0.055790886,0.42274907,0.37668693,-0.46695498,0.136532,-0.40816432,0.029600434,0.07518293
0.27356383,0.12064178,-0.172428,0.4260031,0.23828965,-0.41316605,0.25205213,-0.30620039,-0.02640109,-0.10026077
0.21135323,0.17351454,-0.14594722,0.41627634,0.20036839,-0.4720968,0.19293955,-0.36464474,-0.035033643,0.05297122
0.3140235,0.13010174,-0.19456427,0.4871326,0.27607787,-0.46948153,0.27326918,-0.32941532,0.04596363,0.09318395
0.40680122,0.21885955,-0.2282438,0.39080438,0.37702343,-0.44693118,0.1805492,-0.44476494,0.09697941,0.07606608
0.27924418,0.15075922,-0.23729332,0.3578636,0.41529348,-0.38986266,0.20176059,-0.37301198,0.04085852,0.045887973
0.2456451,0.2186399,-0.2232045,0.37152258,0.42454284,-0.37903357,0.20367968,-0.44186708,0.06548491,-0.04991256
0.1839802,0.23646195,-0.23163752,0.36084804,0.3518448,-0.38512364,0.19621398,-0.4757641,-0.007998073,-0.06177233
0.24911833,0.20218721,-0.2066632,0.37634796,0.38606742,-0.46989703,0.14966321,-0.43279493,0.1867552,0.11790048
0.34116575,0.2288443,-0.18707551,0.49410403,0.41425776,-0.4249731,0.2501806,-0.4787802,0.016544225,0.08847757
0.26178175,0.11591806,-0.15552878,0.3239205,0.44606522,-0.2970882,0.16363387,-0.32773155,-0.1610925,-0.05175556
0.26613408,0.08646699,-0.17533131,0.37132102,0.34473592,-0.4085586,0.20105736,-0.2409142,0.05481489,0.0055464385
0.1518456,-0.010937449,-0.22243886,0.16517876,0.2424253,-0.30162776,0.08727209,-0.16852824,0.03894223,-0.13236582
0.13926366,-0.07223386,-0.10279286,0.32781807,0.2315922,-0.2145295,0.1515676,-0.12722723,0.005023929,-0.13820425
0.024704712,-0.10843812,-0.2104353,0.09844471,0.28121236,-0.22452542,0.061660666,-0.05376231,-0.14870569,-0.09277156
0.02255861,-0.12395322,-0.08566752,0.11657694,0.17944485,-0.13130902,0.105871215,-0.030930722,-0.22412916,-0.24876086
0.07173364,-0.13053313,-0.11144348,0.060672157,0.225594,-0.14951895,-0.010202248,-0.030334648,-0.29062125,-0.21212043
-0.045181047,-0.17454822,-0.17410658,0.032675073,0.23148838,-0.047641423,0.07870902,-0.03443662,-0.31197935,-0.33081102
-0.15911943,-0.09733409,-0.14624842,0.06670741,0.030471012,-0.08924986,0.024129236,-0.10895993,-0.3778143,-0.41307122
-0.19183086,-0.1011072,-0.19401748,-0.009684249,-0.01973591,-0.10778235,0.02733067,-0.029706711,-0.36193383,-0.32430983
-0.19801413,-0.09837195,-0.12595434,0.01421951,0.115007184,-0.11674156,-0.07545876,-0.070980236,-0.4092551,-0.2809788
-0.16844931,-0.15701656,-0.026924597,0.13201183,0.11006576,-0.085475884,-0.028987331,0.0036083322,-0.42554745,-0.28197268
-0.16403687,-0.14790255,-0.06464012,-0.0938004,0.10659757,-0.059953436,-0.17409222,-0.015247709,-0.46908346,-0.3291147
-0.10684116,-0.1137662,-0.056215413,0.08115395,0.08641191,-0.12352443,-0.062280126,-0.08821212,-0.43868575,-0.4004065
-0.17038295,-0.066926435,-0.1366167,-0.033471562,0.07878511,-0.156054,-0.06343696,-0.057653055,-0.30393973,-0.2401843
-0.2075132,-0.09190224,-0.019544765,0.028233584,0.056366075,-0.20509315,-0.08673262,-0.061091516,-0.21436602,-0.1755617
-0.053638276,-0.0027214221,-0.05981565,0.13955061,0.23832528,-0.243483,-0.050715007,-0.13413061,-0.34319374,-0.15537147
-0.3058481,-0.016833324,0.033162817,0.09737914,0.04987277,-0.2537723,-0.06564108,-0.08171354,-0.30535996,-0.13798174
-0.28667742,-0.10114126,-0.05428185,-0.061314825,0.21279952,-0.089023754,-0.08811411,-0.027899968,-0.34851605,-0.16526061
-0.26642865,0.07812542,-0.13020411,0.16209456,0.14389226,-0.29534376,-0.04109957,-0.1865136,-0.26789555,-0.10028656
-0.22167628,0.10754193,-0.0035106395,0.1867708,0.15606512,-0.3025734,-0.08586848,-0.25645295,-0.2065424,-0.28078526
-0.043268017,0.07217495,-0.060889583,0.22864819,0.24204965,-0.33140907,0.0145539045,-0.2662258,-0.09213732,-0.13697861
0.044440977,0.045384202,0.0024205996,0.2158589,0.08739902,-0.21877012,-0.0044297734,-0.3353306,-0.19405203,-0.2518894
0.028954748,0.12570183,-0.046634916,0.25942194,0.16878982,-0.28921038,0.045053642,-0.32948637,-0.1543849,-0.264194
0.116183385,0.11951873,-0.023386534,0.27741718,0.24704213,-0.30549207,-0.007025216,-0.23725463,-0.13364895,0.01590079
0.04684865,0.064419255,-0.025055349,0.31704664,0.10490458,-0.28551266,0.10653085,-0.23927456,-0.20364338,-0.2474311
0.049083106,0.13963237,-0.04387304,0.27344295,0.19793326,-0.3095741,0.032188006,-0.2934379,-0.21064943,-0.29072636
0.10846051,0.16312422,-0.05375288,0.34357953,0.1848304,-0.32063097,0.107299626,-0.3798434,-0.19223793,-0.12412507
0.07623307,0.11250609,-0.019755773,0.3618283,0.275123,-0.3847966,0.06300179,-0.29003453,-0.12701027,0.012533619
0.03821013,0.0008206217,-0.07065027,0.319804,0.2844951,-0.27371868,0.08504736,-0.21216413,-0.11018835,-0.019115072
0.25410268,-0.0028737108,-0.055025917,0.27471912,0.36081403,-0.23350899,0.12421632,-0.14790896,-0.1847767,-0.0731867
0.32500735,-0.092246465,-0.0013966253,0.21535787,0.19916284,-0.16244254,-0.0008244662,-0.0041109817,-0.09810865,-0.1214097
-0.019244786,-0.08748217,-0.03697634,0.14271675,0.2830954,-0.17685622,-0.017988574,-0.060853444,-0.37287712,-0.18548246
0.08796705,-0.027672615,-0.029997809,0.21232222,0.3128078,-0.23652,0.04476941,-0.12112124,-0.24790439,-0.14232914
0.02285263,-0.09521154,-0.03445886,0.20502934,0.3144476,-0.14372131,0.03705046,-0.08983879,-0.37681302,-0.13544798
0.008782892,-0.05603315,-0.06467936,0.062463142,0.36198962,-0.19221415,0.009580127,-0.0001954548,-0.28269422,-0.056281853
0.022964895,-0.09353056,0.040631488,0.15476406,0.38636187,-0.1732101,-0.012923355,-0.062434502,-0.2611381,-0.19516143
-0.027577544,-0.21585158,-0.024404373,0.044002064,0.28356138,-0.14976405,0.027454598,0.13951218,-0.1390585,-0.2265368
0.05620041,-0.18729451,-0.09888681,0.0054605505,0.23132782,-0.13947618,-0.04011779,0.059470147,-0.24608651,-0.15860486
-0.025401844,-0.27611855,-0.08241896,-0.02077659,0.26144043,-0.052582685,0.011833048,0.17041597,-0.31537786,-0.22945091
-0.13047937,-0.27763286,-0.15491778,-0.19431016,0.3350846,-0.0018952169,-0.09228387,0.08956854,-0.33946142,-0.20150994
-0.3082596,-0.18641129,-0.07858499,-0.18081906,0.24573456,-0.11088162,-0.18539315,0.05724528,-0.36160794,-0.32982245
-0.31987786,-0.16019116,-0.10817973,-0.17227326,0.24779898,-0.087253734,-0.20942652,0.022118447,-0.38738886,-0.19615187
-0.3091895,-0.15043184,-0.01658222,-0.1369191,0.13188466,-0.15301515,-0.22409397,0.05406139,-0.31972507,-0.2497378
-0.2718663,-0.14184561,-0.04435662,-0.1311982,0.23978603,-0.14005658,-0.21891478,0.010044312,-0.30823082,-0.16149762
-0.20098497,-0.11150541,0.07137273,0.060856868,0.22385994,-0.15097843,-0.18968478,-0.020491421,-0.37154865,-0.24854538
-0.17036076,-0.1277567,0.036798988,-0.11332137,0.23352234,-0.15083256,-0.22848418,0.01891424,-0.23992294,-0.2129192
-0.27687266,-0.2385158,0.07544242,-0.13818894,0.20913994,-0.09861636,-0.1651622,0.13784362,-0.16778179,-0.25440004
-0.19731438,-0.2595161,0.16048126,-0.16722278,0.2791407,-0.12873401,-0.2591228,0.23029128,-0.20520015,-0.27005628
-0.32453606,-0.27719715,0.15315595,-0.13760287,0.19769625,-0.004884741,-0.25394922,0.13838607,-0.39243948,-0.3215821
-0.31076616,-0.15816088,0.02115089,-0.16774839,0.23693603,-0.112663694,-0.26158023,0.01985078,-0.32425445,-0.28607607
-0.2999437,-0.13278018,0.099598736,0.024103926,0.2888594,-0.13890299,-0.13948205,0.02859554,-0.2603734,-0.18907459
-0.32829547,-0.20912011,0.08877994,-0.23768309,0.21364674,-0.09390655,-0.24025519,0.04967522,-0.29267314,-0.13186514
-0.4160952,-0.13923569,0.16079676,-0.12385854,0.24605079,-0.121138684,-0.28980306,0.011550043,-0.2979335,-0.18886136
-0.30933955,-0.12531972,0.11214085,-0.043533724,0.27378878,-0.09613647,-0.15962304,-0.009766362,-0.2972313,-0.22792438
-0.36375102,-0.13470566,0.08646482,-0.11285437,0.27778876,-0.11467599,-0.21151885,0.021645863,-0.30245364,-0.20930304
-0.18714641,-0.11747219,0.08118234,0.04182101,0.22024955,-0.13268328,-0.123392925,-0.056887954,-0.26980075,-0.17586282
-0.26076028,-0.1211958,0.044388283,-0.0101635605,0.18622188,-0.0377464,-0.13980019,-0.0987882,-0.36803418,-0.272491
-0.19245774,-0.05972809,0.041577406,0.10451498,0.07856409,-0.104874186,-0.06807055,-0.1458231,-0.4075728,-0.3466597
-0.113830954,-0.008760958,0.068646915,0.08584929,-0.06468805,-0.20367782,-0.113680884,-0.18999858,-0.24839123,-0.37636495
-0.066853195,-0.09846872,0.008503471,0.08993741,0.0035578907,-0.14473428,0.00080084783,-0.024062194,-0.31173468,-0.29790616
-0.11520567,-0.09124452,-0.027158821,0.052825503,-0.12764786,-0.14779961,-0.06053421,-0.04223228,-0.37572166,-0.46493855
-0.12505877,-0.110595495,0.010755721,0.010386146,-0.14504828,-0.16893664,-0.09184686,0.020846581,-0.31342793,-0.44044876
-0.075370856,-0.11328439,-0.06250905,0.01871663,-0.08592027,-0.13594085,-0.04019994,-0.014074769,-0.35800266,-0.37651694
-0.15307972,-0.10778772,-0.0044836397,-0.1003572,-0.049970917,-0.15705581,-0.16092905,-0.016495066,-0.23330449,-0.30967563
-0.12531094,-0.07048146,-0.039908748,0.083819196,-0.0340868,-0.2148515,-0.040319163,-0.017983207,-0.27313706,-0.3196912
-0.24280791,-0.06977457,-0.03779495,-0.06393285,0.092047684,-0.19195172,-0.12989824,-0.024847485,-0.23338671,-0.22301532
-0.22007136,-0.11854068,-0.043054502,0.076885566,0.22230166,-0.16586117,-0.06549871,-0.018795297,-0.27869892,-0.11082585
-0.15892348,-0.19637775,-0.047089193,-0.1458731,0.22225635,-0.14248629,-0.16005498,0.07441401,-0.27418128,-0.101439126
-0.17138027,-0.21559377,-0.04607887,-0.04065888,0.24914648,-0.09758623,-0.084634915,0.040092703,-0.23624362,-0.18604335
-0.12906145,-0.16507737,-0.03292547,0.028552465,0.2686847,-0.17775705,-0.066646405,0.054477043,-0.20035408,-0.09431623
-0.23001833,-0.12243554,-0.070434704,-0.042214487,0.18403168,-0.13991,-0.05841585,-0.0064633745,-0.2531011,-0.29465842
-0.25250223,-0.07692925,-0.06397828,-0.07949721,0.27823913,-0.2083775,-0.16010436,-0.018700022,-0.23145819,-0.079442516
-0.16138794,-0.10245925,0.016362473,0.04840435,0.13777792,-0.21228519,-0.13853438,-0.0070027253,-0.15722463,-0.17299366
-0.17821608,-0.10806671,-0.0109765,0.077444226,0.21242586,-0.1603688,-0.09229797,-0.03042733,-0.29389778,-0.09494857
-0.25278455,-0.037506606,-0.06764805,0.11312639,0.25190216,-0.20326985,-0.039229307,-0.113305666,-0.2983132,-0.20484576
-0.26696402,-0.028512303,0.029760823,0.10830571,0.23842144,-0.15026237,-0.08780384,-0.15213272,-0.3966029,-0.22872718
-0.0906313,-0.08530978,0.07570411,0.23020089,0.2926216,-0.15659611,0.0061737113,-0.06734369,-0.37154666,-0.2094862
0.031261574,-0.05881463,0.021238046,0.21847883,0.2797857,-0.20188837,0.049092785,-0.07975958,-0.29776648,-0.14720704
0.027591651,-0.109663256,0.019573603,0.05953316,0.26367262,-0.111571275,-0.05335075,-0.036309898,-0.3577211,-0.22666308
0.017466243,-0.050986815,0.0067417272,0.18896079,0.20418036,-0.1755988,0.045561977,-0.08563743,-0.34260437,-0.2783615
-0.07870879,-0.13817656,0.038989723,0.008074779,0.074525,-0.11804483,-0.08885683,0.034128267,-0.31245726,-0.26574197
-0.08244223,-0.13221636,-0.05598887,0.018005459,0.09084058,-0.08605653,-0.010464331,-0.0063282712,-0.34964857,-0.32450143
-0.12263137,-0.16195963,-0.036758758,-0.044361632,0.16295297,-0.024115713,-0.028543383,0.029141987,-0.36013138,-0.32284805
-0.21368693,-0.19856516,-0.09903505,-0.12058682,0.13518627,-0.012243821,-0.049978014,0.07829417,-0.44288242,-0.37889525
-0.3731139,-0.27800056,-0.122722104,-0.14617175,0.06648793,0.092984885,-0.08377383,0.1201558,-0.47919104,-0.36898032
-0.24818891,-0.18788917,-0.09258401,0.050960712,0.15586379,-0.023837907,-0.067394726,-0.033852994,-0.56306857,-0.38664556
-0.19053905,-0.120451875,-0.035890326,0.044825867,0.1693747,-0.045282546,-0.06991892,-0.095553,-0.48794818,-0.46812525
-0.20621496,-0.08767382,-0.06345964,-0.07502599,0.053106047,-0.090876386,-0.16289201,-0.0768581,-0.44401222,-0.49678802
-0.11283345,-0.043526728,0.049355324,0.06481143,0.012395622,-0.16970055,-0.14637837,-0.107576564,-0.37269518,-0.38468874
-0.09028948,-0.011721015,0.021224292,0.16572973,0.06739559,-0.23942183,-0.05769037,-0.12906994,-0.2834074,-0.27097192
-0.041633263,0.011750932,0.026040187,0.101046465,0.028365303,-0.22539358,-0.10016368,-0.20231414,-0.28136393,-0.20400722
-0.047839757,-0.0026508358,0.040624615,0.10889342,0.0625561,-0.28453904,-0.10713243,-0.07078241,-0.14218427,-0.11967947
0.011990615,-0.024123637,0.058791183,0.15775454,0.10750591,-0.2433365,-0.078564644,-0.07955729,-0.26385796,-0.17782943
0.06838145,-0.016254185,-0.01642017,0.26728445,0.15026467,-0.27349493,0.022473887,-0.10090549,-0.18149878,-0.13693433
0.017906763,0.035769396,0.005431107,0.27904946,0.26468876,-0.33342102,0.01747974,-0.15410756,-0.16462235,-0.03330813
0.08245973,0.114009075,-0.03401975,0.18197963,0.31054842,-0.35599875,-0.061510578,-0.25863826,-0.05373687,-0.003538266
-0.10284922,0.07232541,-0.016282475,0.23675266,0.42419592,-0.36554956,-0.026659146,-0.21786329,-0.23128182,-0.025168914
0.068634935,0.15965636,-0.05682503,0.35025135,0.37802407,-0.39884162,0.045261133,-0.3594441,-0.14767186,0.04097769
0.11140281,0.14733994,-0.11001447,0.32579264,0.39380038,-0.38125405,0.10303445,-0.41265237,-0.10893995,0.032753386
0.079136156,0.17173138,-0.076102495,0.34304577,0.5069969,-0.4251448,0.08601167,-0.3974806,-0.02619754,0.07090256
0.19927014,0.093852594,-0.11728245,0.30001342,0.4418827,-0.3400651,0.16794999,-0.22686167,-0.13961415,0.020740693
0.21000986,0.16936159,-0.17758667,0.26383945,0.37464502,-0.4314922,0.122638375,-0.30363598,-0.026074748,0.052287087
-0.024302272,0.12933446,-0.19260806,0.23013273,0.35885146,-0.37861845,0.07898714,-0.28060848,-0.14942124,0.008918302
0.0828499,0.23824702,-0.15818706,0.39704683,0.42170474,-0.4963687,0.09829536,-0.39553475,0.10421324,0.08267767
0.062295318,0.0689897,-0.19127768,0.22050862,0.38788703,-0.3678412,0.09029805,-0.29668882,0.019948458,0.09055396
-0.0017360767,0.0786386,-0.14124717,0.24166492,0.32791045,-0.43850562,0.0692794,-0.21119568,-0.027208842,0.08834699
0.0141001465,-0.008535148,-0.10730226,0.22660078,0.36799186,-0.21454313,0.10028795,-0.20808186,-0.24949531,-0.12675753
0.066859834,0.05498734,-0.14161633,0.2754348,0.45359653,-0.3509633,0.1504565,-0.18289389,-0.046678547,0.07328807
-0.00065776694,-0.060833316,-0.09300766,0.21926337,0.3784322,-0.23517628,0.103307635,-0.071228765,-0.198336,-0.081895076
0.059547257,-0.016560605,-0.07999296,0.2571309,0.37416837,-0.25378478,0.12644033,-0.15801744,-0.11392306,-0.052070614
-0.018677514,0.0059424834,-0.17052117,0.15705693,0.46974525,-0.22333033,0.122821465,-0.16097671,-0.2562143,-0.08220974
0.028626982,0.034992125,-0.1332935,0.2073006,0.36600727,-0.28630432,0.081277125,-0.25180566,-0.17674515,-0.06813
-0.034648206,0.04077747,-0.08446825,0.1738258,0.41358516,-0.2804161,-0.020758046,-0.23722734,-0.25197625,-0.049026567
0.09393859,0.027773596,-0.12480492,0.25499955,0.30480823,-0.24359256,0.12592627,-0.30805087,-0.16028449,-0.16540429
0.0068193027,0.07140904,-0.063423544,0.2133389,0.31338307,-0.25707504,0.040929478,-0.288221,-0.17339407,-0.13735166
0.05258207,0.036948707,-0.052013252,0.23240787,0.26396972,-0.21879579,0.078547,-0.30109808,-0.19587158,-0.23935223
0.0073443297,0.16076693,-0.07567153,0.30918995,0.30140328,-0.30663592,0.082944,-0.34645432,-0.25445125,-0.2479616
0.078663275,0.15759242,-0.094991796,0.34352848,0.23783371,-0.34443405,0.10149061,-0.3350099,-0.22393282,-0.27151236
-0.0064076725,0.17887191,-0.084756434,0.28008986,0.2024665,-0.44989395,0.03858998,-0.3725632,0.060623378,-0.09874767
0.07087778,0.18733516,-0.10464257,0.29781193,0.26641017,-0.4208217,0.07878761,-0.36315536,-0.10430019,0.0035829986
0.06525636,0.23486993,-0.08920038,0.36336598,0.36087376,-0.48449257,0.08618449,-0.44588512,0.07405154,0.102310374
0.08067922,0.1715992,-0.119958766,0.31944728,0.33841956,-0.46233153,0.0715624,-0.32824296,0.10696676,0.15384047
0.31389835,0.18751773,-0.11654128,0.40202153,0.33248848,-0.44682887,0.11403514,-0.3613549,0.08560635,0.03274804
0.060190674,0.13580675,-0.2094846,0.28706178,0.37192196,-0.46128213,0.19155793,-0.3413838,0.14262909,0.19154982
0.2438064,0.16311353,-0.17352878,0.39969823,0.49077088,-0.4744319,0.17535914,-0.36749658,0.18453076,0.17335114
0.010507942,0.15108342,-0.1305062,0.19863413,0.56354433,-0.4038033,0.0660763,-0.36814263,0.037327714,0.21258587
0.16550915,0.11507509,-0.14347349,0.39472687,0.5512422,-0.43700093,0.1710261,-0.30849493,0.15197945,0.13899058
0.16246624,0.12179425,-0.1688609,0.3915404,0.62162423,-0.38133276,0.2334593,-0.32863823,0.011034331,0.16747873
0.31604016,0.12919645,-0.18226637,0.27082527,0.6613335,-0.26512,0.19013815,-0.28289673,-0.03220572,0.08748287
0.118500285,0.0833483,-0.094928354,0.3268087,0.45326066,-0.3293089,0.07033233,-0.23587121,-0.33618405,-0.09427701
0.42568305,0.1510501,-0.10399206,0.2770369,0.42042267,-0.32814768,0.082251646,-0.2782432,-0.12980582,0.005678831
0.22555995,-0.018287377,-0.13919422,0.1626034,0.42204168,-0.22769734,0.07240627,-0.15185107,-0.18646759,-0.040352684
0.13255146,0.051858637,-0.13308656,0.13400584,0.47300392,-0.20723794,0.0544293,-0.21241656,-0.30016595,-0.10231197
0.078071356,-0.061763443,-0.10263141,0.18944255,0.3672629,-0.17857313,0.06671183,-0.11513851,-0.3283619,-0.11346719
0.0061221775,0.10247359,-0.14935754,0.29141173,0.31633458,-0.29875103,0.14900094,-0.2698712,-0.24034688,-0.23446135
0.11696178,-0.060617764,-0.079592586,0.26421034,0.24560408,-0.16889319,0.14597982,-0.1804724,-0.23008162,-0.26214105
0.14068209,0.06191775,-0.08599612,0.33721894,0.16756809,-0.27043882,0.17357981,-0.2825341,-0.17988415,-0.19205068
0.19103223,0.07970177,-0.115964726,0.2744283,0.2633463,-0.32536122,0.08058646,-0.24879307,-0.2575099,-0.15390551
0.14020184,0.061854452,-0.13723138,0.26587358,0.30507386,-0.28519505,0.09927073,-0.28851736,-0.28854272,-0.20723578
0.053594556,0.07937175,-0.1145734,0.32151547,0.2555937,-0.3600682,0.10813432,-0.2126267,-0.07822905,-0.08760091
0.20033412,0.049573015,-0.06759946,0.34483355,0.24615908,-0.30426162,0.10551765,-0.20971698,-0.081362024,-0.1594327
0.12420823,0.102679186,-0.07237213,0.34635517,0.24787864,-0.32059643,0.102023676,-0.28874236,-0.10235289,-0.17168285
0.06285845,0.041228306,-0.12721883,0.23414993,0.18224202,-0.308671,0.12281758,-0.22616512,-0.07987304,-0.13768177
0.09230713,0.1172062,-0.06225786,0.31077096,0.11603535,-0.31920153,0.08134536,-0.33895585,-0.07380059,-0.115023784
0.07209209,0.013621709,-0.077071495,0.2010425,0.27642643,-0.29490486,-0.0078775445,-0.25474042,-0.075280204,-0.06255919
-0.0012316251,0.09813977,-0.037989385,0.24140082,0.2480824,-0.33525765,-0.02227236,-0.32550207,-0.041913066,-0.028103549
0.05515627,0.051795833,-0.12695941,0.18834311,0.32494608,-0.30418354,0.0513073,-0.27151698,-0.1230661,-0.018882861
0.1001624,0.113542,-0.0771714,0.26350102,0.27923346,-0.31594175,0.08686496,-0.35051107,-0.099921785,-0.0792548
-0.04638195,0.1543034,-0.1477814,0.17460603,0.42584464,-0.374046,-0.01776039,-0.38442087,-0.13083248,0.021772237
0.04466917,0.17439982,-0.11312439,0.23020184,0.42451105,-0.36715454,0.019827636,-0.38838074,-0.16295111,-0.049243733
0.057111226,0.24275032,-0.1447416,0.35384154,0.34945333,-0.45640555,0.12458315,-0.4283067,-0.14439991,-0.035022225
-0.07367502,0.21683353,-0.073457636,0.36088452,0.2973706,-0.4376753,0.04750879,-0.39918357,0.034194365,-0.06465481
0.1376107,0.23286775,-0.109421566,0.43260738,0.25344938,-0.4478862,0.16944063,-0.3800577,-0.12615345,-0.07342997
0.09859966,0.18345417,-0.13835642,0.37431216,0.32035786,-0.37183598,0.17191418,-0.3649963,-0.15697937,-0.049943063
0.18354498,0.11948221,-0.1013252,0.46845406,0.35430366,-0.331174,0.20196036,-0.32243785,-0.2037897,-0.03163032
0.19113512,0.081456564,-0.16056332,0.3563091,0.31125745,-0.29070318,0.20163721,-0.31351402,-0.23234466,-0.1925999
0.027970772,0.06637088,-0.17809387,0.3084806,0.37024337,-0.2711955,0.17321514,-0.29174778,-0.26621613,0.05188108
0.28481367,0.15909868,-0.1607992,0.27820763,0.38792238,-0.3291152,0.106938034,-0.36621776,-0.16115701,-0.0072754975
0.21654908,0.10024102,-0.1591237,0.31594694,0.182955,-0.32707843,0.15312976,-0.33192924,-0.10274925,-0.102481574
0.12871759,0.1259629,-0.09911563,0.259059,0.2533494,-0.35463497,0.04667417,-0.325313,-0.106030054,-0.038763195
0.33232757,0.08527061,-0.11498113,0.32817596,0.25861636,-0.30723825,0.17435671,-0.25265497,-0.12968309,-0.09519299
0.108386606,0.09029113,-0.110777006,0.24601915,0.23008104,-0.29436952,0.08200968,-0.2860569,-0.15152597,-0.1639187
0.25853956,0.029953875,-0.13933763,0.30020928,0.28809202,-0.3040862,0.09218277,-0.19662651,-0.19803348,-0.16364494
0.17147946,0.1660863,-0.08248948,0.4077799,0.31321242,-0.41656995,0.12944931,-0.34323347,-0.10357855,-0.0108789755
0.10994851,0.17096889,-0.090204015,0.36521938,0.27883592,-0.42766714,0.1194782,-0.35306418,-0.14690664,0.07491262
0.1950036,0.22794995,-0.072495475,0.3186101,0.49875793,-0.44124076,0.077995956,-0.4767119,-0.13285932,0.14163888
0.08990544,0.26480323,-0.060672097,0.34650436,0.365524,-0.4984182,0.021534227,-0.50502014,-0.085585855,0.047919862
0.07768159,0.23220135,-0.076727115,0.3691331,0.39811236,-0.48389572,0.08118479,-0.5007457,-0.078329735,0.07587544
0.038360123,0.25018406,-0.14663655,0.33234522,0.3487551,-0.5059782,0.086238466,-0.46786305,-0.058500435,0.07814542
-0.045042392,0.1475292,-0.1187682,0.24465922,0.36608642,-0.47853646,0.0071047987,-0.3542064,0.011587902,0.11984799
0.17082691,0.1660211,-0.1325509,0.33921567,0.51567215,-0.45989886,0.11111055,-0.4155007,-0.015021804,0.1801375
0.016160129,0.17792623,-0.093720555,0.2799687,0.43797603,-0.584413,-0.03104681,-0.38894594,0.12306027,0.27221203
0.1354242,0.20057069,-0.06762533,0.43655553,0.47850507,-0.52659035,0.08358546,-0.3945455,0.15024613,0.2830522
0.043258876,0.28676,-0.048308767,0.36046842,0.48618937,-0.5802296,0.04755075,-0.576151,0.07871684,0.25033966
0.19111782,0.14689745,-0.115474835,0.52482903,0.42899704,-0.42833215,0.21950084,-0.36234897,0.04264351,0.07712732
0.18596871,0.2200267,-0.1154802,0.39343855,0.5269213,-0.39020175,0.20454301,-0.45815778,-0.034515657,0.0364436
0.29018077,0.14643516,-0.16709141,0.5061893,0.47467637,-0.34225708,0.30219498,-0.33609033,-0.089949995,0.08656262
0.47665593,0.1790718,-0.17659597,0.37638974,0.42685094,-0.3678805,0.15257497,-0.3806827,0.0032042752,-0.06301425
0.24890965,0.12889418,-0.1977492,0.37555984,0.3918037,-0.3604833,0.18202822,-0.39801154,0.00053034717,0.028733077
0.20666355,0.103511915,-0.14977549,0.40414333,0.41550848,-0.32850292,0.20352075,-0.34283346,-0.077198945,0.01041108
0.13446657,0.13025087,-0.19054608,0.39373362,0.36829603,-0.35346752,0.33457395,-0.35485837,-0.06484709,-0.04555716
0.19601333,0.13924621,-0.18723558,0.39967492,0.36385942,-0.45101467,0.22020642,-0.35215628,0.08966362,0.036912173
0.17884248,0.10864163,-0.25887325,0.28006348,0.25861084,-0.39253432,0.16958915,-0.31085727,0.08987645,-0.024400538
0.01964134,0.12329111,-0.18031171,0.2331105,0.30763397,-0.3737175,0.061146755,-0.33826894,0.06206467,-0.0051431204
0.13262123,0.18714352,-0.23960981,0.3684549,0.37792405,-0.46943933,0.14013158,-0.38236156,0.13681267,0.10381653
0.19751091,0.21515052,-0.114848025,0.47067326,0.36953825,-0.40676266,0.18676284,-0.44630414,-0.031584706,0.0005586445
0.18601677,0.2053024,-0.2383677,0.43071634,0.43831617,-0.44523498,0.23739633,-0.437912,-0.0054697446,0.16932894
0.32465687,0.22302648,-0.12242075,0.515435,0.49375853,-0.5005176,0.23395705,-0.42048264,0.12160144,0.1816148
0.14826442,0.1753214,-0.2078964,0.38066146,0.4971398,-0.39599997,0.2520223,-0.40556717,-0.07780664,0.14599854
0.15191415,0.17497751,-0.13561969,0.3808023,0.49381542,-0.34803784,0.20496829,-0.4654228,-0.12974794,0.025787298
0.04346681,0.19568673,-0.1401226,0.346546,0.48161438,-0.39575168,0.08901323,-0.428215,-0.23509164,-0.020007458
0.10532631,0.23084071,-0.2046656,0.41770372,0.40920308,-0.5239528,0.20026785,-0.4510833,-0.05742278,0.10969091
0.1537397,0.19602856,-0.13109167,0.40356147,0.50540096,-0.527402,0.13011019,-0.44999608,0.03905426,0.25111642
0.13437323,0.15871939,-0.15460505,0.3582208,0.5123125,-0.39336944,0.13269456,-0.36080635,-0.050603144,0.11641262
0.23876777,0.17130212,-0.13372988,0.41754478,0.4516997,-0.4134934,0.1638191,-0.41868642,-0.0690994,0.067359574
0.10290856,0.17904678,-0.13942273,0.282291,0.38721558,-0.5779563,-0.009320987,-0.3493724,0.08771611,0.25999692
0.20949504,0.15209007,-0.09855781,0.32099235,0.5264735,-0.43737835,0.058230996,-0.36847597,0.016134217,0.17731567
0.16093865,0.15783976,-0.18766657,0.30261406,0.63044643,-0.43943894,0.13627723,-0.3491893,0.09861433,0.17482056
0.07062324,0.17263408,-0.19016415,0.31202173,0.54015255,-0.5428846,0.09665205,-0.37231955,0.1551198,0.251893
0.054612447,0.1358835,-0.2195689,0.27311578,0.41728756,-0.4268907,0.14577107,-0.3370117,0.096967965,0.065033905
0.047596887,0.11040031,-0.12250846,0.33458534,0.4193278,-0.4062067,0.17132626,-0.23215392,0.05707554,0.06776665
0.048512902,0.15580563,-0.15596543,0.35234496,0.40128627,-0.49340102,0.15453437,-0.27099597,0.087431684,0.11953556
-0.015949283,0.039706174,-0.126837,0.3725174,0.46737015,-0.4006936,0.14499731,-0.20523497,-0.077925146,0.2550285
0.13220178,0.07516862,-0.076141685,0.4716648,0.36177644,-0.3878338,0.18327859,-0.17391653,0.004488453,0.10266123
0.14804141,-0.0070246942,-0.18736853,0.29797927,0.5034171,-0.32013544,0.18998554,-0.17942004,-0.05044826,0.21229352
0.03489227,-0.04482454,-0.084688455,0.13881613,0.35469067,-0.23933643,0.047266483,-0.09802391,-0.13523951,-0.028618015
-0.05911176,-0.036895335,-0.2053688,0.04866919,0.52026564,-0.20674102,0.07211775,-0.14650491,-0.14923425,0.060976163
-0.030354857,-0.14062612,-0.13842064,0.055523086,0.34130484,-0.1688644,0.0446634,-0.032109432,-0.17326619,-0.15863828
-0.041766673,-0.047100164,-0.0788756,0.16289923,0.37491468,-0.242604,-0.03294801,-0.103207536,-0.25673765,0.011391385
0.005667462,-0.040079124,-0.11967515,0.16905181,0.2707082,-0.27119672,0.065758534,-0.13946809,-0.14437772,-0.12020062
-0.10285716,0.057762627,-0.096985266,0.18696086,0.31785125,-0.27041036,0.014427391,-0.25512835,-0.2502361,-0.042103745
0.034175478,0.14258878,-0.03359022,0.26930535,0.27964753,-0.3466382,-0.020663003,-0.27145836,-0.13671602,-0.15645064
-0.0070321993,0.039771758,-0.08648381,0.12883803,0.31673807,-0.24521066,-0.013988931,-0.23311855,-0.2223864,-0.17214462
-0.0075015584,0.021228537,-0.09164835,0.2187372,0.21617521,-0.2579968,0.070681974,-0.236638,-0.1742487,-0.18707693
-0.04877041,0.15533577,-0.10167162,0.13555972,0.27709585,-0.35396075,-0.045825284,-0.29628032,-0.11787114,-0.10707772
-0.09884645,0.17242031,-0.14184558,0.17697638,0.18780893,-0.46372342,-0.01968125,-0.31623468,-0.08156913,-0.012059528
0.012989156,0.20535645,-0.05794984,0.36328316,0.25383925,-0.3919343,0.059129383,-0.4126071,-0.090090714,-0.061239835
0.070825964,0.15019251,-0.08716059,0.3374199,0.4285752,-0.37758237,0.066083334,-0.3981796,-0.1391702,0.09395288
0.2648872,0.23598409,-0.065767825,0.5067197,0.48934993,-0.3600315,0.21235606,-0.46865964,-0.20962285,-0.015461628
0.012200622,0.18106139,-0.12580048,0.27822968,0.41147518,-0.41259575,0.0497069,-0.38868156,-0.18654379,0.0025111532
0.15502684,0.2535843,-0.10643879,0.47345433,0.34905,-0.56797653,0.10967698,-0.44572413,-0.08758885,0.08005206
0.12720516,0.1052203,-0.1417024,0.32772815,0.35867757,-0.37156242,0.14901568,-0.33406317,-0.15036003,0.09112867
0.15744653,0.20320646,-0.10656229,0.3746764,0.36316076,-0.44272202,0.13165875,-0.40206185,-0.12073295,0.05624392
0.19363478,0.17891844,-0.13906166,0.46068907,0.30328274,-0.44774655,0.16519696,-0.33521858,-0.112205595,-0.0068639927
0.20596501,0.10969705,-0.18355194,0.40524566,0.43169037,-0.38595194,0.19166335,-0.30632156,0.10798225,0.12163513
0.112940796,0.15212314,-0.17009969,0.3285868,0.46898055,-0.37878615,0.13188268,-0.44847375,0.15818582,0.08491
0.19260406,0.20237762,-0.17587501,0.39496306,0.35980836,-0.45643187,0.16841766,-0.42089114,0.14036013,0.044710632
0.08405189,0.23365355,-0.097277135,0.39617658,0.3426171,-0.4718386,0.1228271,-0.41666615,0.13581802,-0.010272663
0.32293546,0.21385111,-0.111892365,0.51835847,0.41908655,-0.5366418,0.19716688,-0.43588796,0.21448688,0.18476517
0.13323791,0.22292757,-0.1125697,0.478342,0.390071,-0.5283409,0.18502319,-0.45713916,0.19867621,0.07408101
0.16219577,0.22656646,-0.088699274,0.37389714,0.44902533,-0.48752207,0.076540135,-0.45357457,0.13147208,0.1481956
0.24863032,0.39620078,-0.09124517,0.5250025,0.4366084,-0.58208317,0.20868498,-0.6066575,0.19149622,0.101799585
0.15887953,0.27118206,-0.13087931,0.4568049,0.38914698,-0.6602335,0.13548526,-0.490512,0.106851354,0.2794194
0.22294125,0.30854407,-0.1485763,0.6187534,0.4119366,-0.6848752,0.23138084,-0.49582207,0.3292202,0.3062812
0.2509536,0.2779789,-0.18277752,0.6376218,0.4489087,-0.6368795,0.30360463,-0.5139426,0.34131005,0.32927558
0.26095742,0.26025313,-0.2114256,0.63291764,0.479812,-0.6036251,0.4399808,-0.45274755,0.2962256,0.21970949
0.20756057,0.30465057,-0.28571972,0.459429,0.5047374,-0.5334072,0.27671555,-0.55583113,0.12862392,0.2030711
0.34706926,0.2542056,-0.20712781,0.68891376,0.6672257,-0.5530144,0.3295748,-0.47099084,0.3373282,0.3864937
0.25551164,0.29449025,-0.27891225,0.54124063,0.60492724,-0.5529262,0.38541675,-0.52277946,0.31567538,0.29863742
0.28188947,0.26949996,-0.31122047,0.44608423,0.6628669,-0.45004466,0.26704022,-0.52263814,0.11831224,0.22636017
0.3236208,0.30702558,-0.45921406,0.45103657,0.6887389,-0.52096975,0.31990722,-0.56032985,0.1424875,0.19989467
0.24902402,0.26359516,-0.17375113,0.6719118,0.6465806,-0.54538554,0.26128903,-0.54368937,0.21149653,0.23603892
0.19663876,0.27115273,-0.21749987,0.4869229,0.57071567,-0.5944402,0.1860893,-0.523391,0.21650797,0.26856977
0.2474624,0.32934672,-0.19974622,0.60841125,0.6264179,-0.60811156,0.27523023,-0.6144909,0.35713238,0.34661138
0.25051075,0.2508118,-0.14787197,0.43810457,0.60463494,-0.5310298,0.15127556,-0.48188064,0.31699586,0.30276585
0.55780876,0.2308672,-0.13471834,0.6449611,0.5725607,-0.48596242,0.28149307,-0.4483426,0.25224474,0.28749758
0.5156114,0.22321914,-0.23088668,0.56779563,0.4746899,-0.4929713,0.3227744,-0.47975868,0.31184784,0.14632535
0.5322405,0.30636755,-0.22740985,0.6391234,0.47684819,-0.5770026,0.36338994,-0.5577287,0.33043367,0.2006381
0.35007417,0.26141104,-0.23364763,0.4960017,0.49960214,-0.5401954,0.25530908,-0.48569,0.09867579,0.20339732
0.6909574,0.33328623,-0.22146781,0.5683964,0.5307883,-0.5983706,0.25610888,-0.5935828,0.21042158,0.2729948
0.5116894,0.2854152,-0.26251683,0.42174494,0.6922348,-0.5071178,0.14271796,-0.5709408,0.25528944,0.3057171
0.5910284,0.21673103,-0.2752858,0.42898235,0.70427775,-0.47369945,0.2367465,-0.37703675,0.23127095,0.19728921
0.24118389,0.26893365,-0.23281549,0.40981388,0.58326983,-0.549298,0.09724966,-0.48404726,0.23051168,0.19760986
0.40791312,0.24222696,-0.28950673,0.579787,0.5142924,-0.6062989,0.294851,-0.45332602,0.36536047,0.27371863
0.16689089,0.14512184,-0.16584992,0.41847324,0.6229028,-0.46052545,0.15823549,-0.40595147,0.29938304,0.23467408
0.25020462,0.23001122,-0.21472833,0.45050395,0.47298715,-0.4659408,0.25490326,-0.4016755,0.24349736,0.23528384
0.12569031,0.16864085,-0.15632424,0.35444513,0.54955983,-0.4349068,0.14222038,-0.42601725,0.16850576,0.16866237
0.21568663,0.22341274,-0.21273373,0.43861496,0.43661773,-0.5238395,0.22458653,-0.39568776,0.20309417,0.07636801
0.18756531,0.24379905,-0.18052521,0.4829445,0.5504609,-0.5956952,0.23677137,-0.45267126,0.1598685,0.3023734
0.26582104,0.24742147,-0.19489314,0.48803023,0.36364555,-0.58294827,0.22456431,-0.48197544,0.23848796,0.16765746
0.36910012,0.27710047,-0.18551882,0.57332504,0.5142877,-0.5961686,0.26322082,-0.5237472,0.34844524,0.31696403
0.39339703,0.19986983,-0.21474646,0.54804015,0.4828292,-0.50610065,0.31522095,-0.40502822,0.124531984,0.2206565
0.62399036,0.15107226,-0.20558074,0.5069969,0.5304994,-0.48950818,0.33031946,-0.22939707,0.2707421,0.28066736
0.3108528,0.1538755,-0.2263164,0.43588394,0.46583927,-0.4637762,0.270739,-0.3463976,0.13925996,0.1381567
0.21790911,0.039303638,-0.19936109,0.27782175,0.49160662,-0.37994164,0.21565372,-0.18398869,0.12450805,0.2131143
0.20496559,0.03365318,-0.22009315,0.34772176,0.4159255,-0.5031315,0.24526724,-0.08496667,0.24869843,0.33946478
0.23639958,0.0029921592,-0.15642901,0.26740807,0.5386156,-0.35532328,0.12938833,-0.16540593,0.25527704,0.19698817
0.32033572,-0.015700584,-0.17041746,0.31067783,0.5037982,-0.34450155,0.16441856,-0.107929334,0.27985013,0.16089214
0.18747894,0.02442887,-0.14915316,0.26878187,0.37391388,-0.3725856,0.09190723,-0.1441259,0.13711323,0.1354077
0.12874477,0.055774294,-0.17146602,0.3384752,0.31402504,-0.3899886,0.19001691,-0.19904293,0.20457725,-0.072643846
0.20354758,0.06838177,-0.12948915,0.39179507,0.32639098,-0.38844818,0.19868656,-0.24047281,0.11625435,-0.03082539
0.23275876,0.047013573,-0.13329092,0.29623085,0.2845261,-0.3437205,0.15997589,-0.18792823,-0.010053109,-0.043562897
0.09017321,0.14442882,-0.09728287,0.3350417,0.13708696,-0.44096145,0.10419108,-0.31718472,0.012966234,-0.052468315
0.14885932,0.11220945,-0.16447899,0.29909754,0.20996782,-0.43806767,0.09026474,-0.28477755,-0.020103235,-0.026765196
0.050520778,0.08132541,-0.12859683,0.21797293,0.1549218,-0.45803404,0.057366267,-0.1329124,0.11504349,0.029600963
0.13522506,0.080505766,-0.109570436,0.3221609,0.2519414,-0.40751326,0.0918665,-0.21353051,0.10994883,0.083139054
0.00668664,-0.022622956,-0.1681312,0.24994329,0.36017185,-0.31185412,0.1771631,-0.13185556,0.113427885,0.027693296
0.115038455,-0.023236964,-0.095180996,0.31228527,0.36473954,-0.35345832,0.13380532,-0.114982955,0.22172949,0.22076032
0.16917762,0.113591865,-0.18351321,0.32043636,0.50341076,-0.38795024,0.1786327,-0.30743623,0.050516393,0.1645514
0.2221689,0.1483013,-0.14183408,0.4351864,0.4132372,-0.38369575,0.16932043,-0.37955245,0.11133473,0.11889404
0.21500991,0.1635537,-0.15123075,0.42860666,0.4738601,-0.4729216,0.21020854,-0.3789735,0.13548532,0.18358263
0.20126352,0.114649065,-0.122273,0.48048759,0.42041475,-0.41148448,0.20139712,-0.27475753,0.0012505495,0.029189473
0.17142154,0.049920216,-0.2289866,0.30954808,0.37263918,-0.37789273,0.19877093,-0.22519118,0.10705607,0.052611515
0.18211006,0.07426873,-0.16255233,0.31896433,0.27893925,-0.38965702,0.12566254,-0.28041697,0.106848866,0.057483066
0.09767022,0.01976337,-0.1636951,0.33375034,0.29705444,-0.3146651,0.23767458,-0.17744245,0.03018048,-0.026613848
0.17568538,-0.030888697,-0.13035463,0.21238674,0.33487964,-0.2454675,0.13751636,-0.104030214,-0.022332322,-0.07426969
0.09240145,0.062148686,-0.109142676,0.2751419,0.31948978,-0.36871752,0.09276789,-0.1808312,-0.0010074225,-0.0148832835
0.13385062,0.05356347,-0.15151818,0.25441524,0.3078542,-0.38055754,0.07189812,-0.2293207,0.20913485,0.07759945
0.062590644,-0.07760677,-0.047337145,0.1862359,0.32471812,-0.20637475,-0.008479884,-0.10089332,-0.079214364,-0.051318895
0.07830183,-0.031668276,-0.046922594,0.098676994,0.38742888,-0.29695928,-0.02675586,-0.0404466,0.12864809,0.034862332
-0.007908433,-0.036977842,-0.11156424,0.11987079,0.413994,-0.2378263,0.03897517,-0.1200082,-0.16915962,-0.074350156
-0.030433575,-0.046122514,-0.06578411,0.092985116,0.42195734,-0.29231125,-0.038010888,-0.07663107,-0.056252472,0.007110208
-0.040407207,-0.059927035,-0.05710783,0.1814537,0.33967668,-0.25353608,0.0007692872,-0.07671738,-0.16483995,-0.047459908
-0.13342573,-0.081170484,0.017095458,0.04621745,0.29177174,-0.1617281,-0.073075324,-0.08670153,-0.21830796,-0.14669299
-0.001054512,-0.014929497,-0.08430231,0.13095191,0.33386338,-0.24266379,0.02572885,-0.110780224,-0.26974145,-0.12666216
-0.01242215,-0.09097627,-0.065825894,0.13352326,0.30689496,-0.16053522,-0.025787849,-0.09806684,-0.32343793,-0.15751004
-0.021697335,-0.06417549,0.009150593,0.17199437,0.24538511,-0.22143006,-0.06333546,-0.08724436,-0.26185724,-0.20373136
-0.035113234,-0.086254835,-0.05700361,0.064111896,0.27451524,-0.14487427,-0.04096878,-0.12302745,-0.27139017,-0.15057725
-0.20765136,-0.034347787,-0.045166347,0.04676077,0.035840366,-0.17775697,-0.0883142,-0.12752901,-0.2999931,-0.32053116
-0.21395275,-0.043554153,-0.021214148,0.18660554,0.20391057,-0.20277351,0.012445731,-0.06851672,-0.34951633,-0.22593486
-0.17701793,-0.07334061,-0.07304971,0.008152356,0.2935524,-0.14673454,-0.07137954,-0.05351999,-0.34696662,-0.14628129
-0.22488302,-0.10904787,-0.07420103,0.07807878,0.23073192,-0.16806635,-0.03704149,-0.027882112,-0.29173166,-0.15282649
-0.19933814,-0.11607191,-0.029710248,0.032281272,0.19898285,-0.17818327,-0.097797446,-0.0327131,-0.25234017,-0.28113344
-0.06655138,-0.07613319,-0.004566906,0.09923904,0.3006613,-0.19332004,-0.061167955,-0.09278297,-0.23701921,-0.24751648
-0.07865582,-0.04952723,-0.05948449,0.16975534,0.1561585,-0.22892737,0.023747554,-0.12417667,-0.2637239,-0.38082758
-0.034728326,-0.04199919,0.014001899,0.10407196,0.09094348,-0.20037724,-0.04180552,-0.120282374,-0.2543186,-0.24528982
-0.053782973,-0.11040787,0.009387739,0.1343577,0.07732783,-0.165134,-0.029312035,-0.0341668,-0.30981645,-0.22198191
-0.10195645,-0.1479398,-0.051931858,0.004172398,0.1275948,-0.08787309,-0.0639551,-0.032566436,-0.32366493,-0.25470752
-0.14028992,-0.14015988,-0.00278575,0.014606569,0.0864297,-0.11565873,-0.061637025,-0.006007791,-0.3198106,-0.26726404
-0.17822775,-0.04940494,-0.09519838,-0.09212749,0.042068824,-0.21572821,-0.1613611,-0.010681458,-0.2657378,-0.2862017
-0.2616351,-0.09007134,0.0646469,0.021942506,0.12499994,-0.16855338,-0.1907822,-0.068699144,-0.24771707,-0.18595143
-0.24317029,-0.0949087,0.051291283,0.0046842275,0.15419458,-0.14261186,-0.16789345,-0.021642542,-0.35658497,-0.2780277
-0.17121458,-0.014333965,-0.013150202,0.08660794,0.23456103,-0.20438765,-0.09373956,-0.15254158,-0.30772418,-0.12620066
-0.111138396,-0.08908354,-0.077367276,0.025619097,0.22737479,-0.1250727,-0.041661475,-0.11702183,-0.2574261,-0.14814249
-0.10573996,-0.017110301,0.05745262,0.11313142,0.2277479,-0.19023257,-0.07686962,-0.13398723,-0.31214264,-0.20501871
-0.0943596,-0.032650884,-0.016484272,0.0685471,0.25307503,-0.13816671,-0.03786555,-0.12800524,-0.35838294,-0.119057454
-0.19421364,-0.031347923,-0.08113885,-0.049058005,0.23914817,-0.17924002,-0.14876944,-0.10270052,-0.36442792,-0.18228199
-0.029772703,-0.08786253,-0.03977781,0.06640053,0.24113941,-0.15244767,-0.055539675,-0.058463395,-0.33158562,-0.17322126
0.0013808077,-0.007007246,-0.06705364,0.13379394,0.24232873,-0.27942368,-0.070411414,-0.118960574,-0.2766355,-0.18213236
-0.0938902,0.083232105,-0.08328526,0.1794335,0.27448365,-0.2447453,0.005202127,-0.31233263,-0.21760824,-0.23244475
0.007743625,0.03950693,-0.06285197,0.19335946,0.20403408,-0.2647029,-0.013589723,-0.2614033,-0.24877404,-0.13110998
-0.029257417,0.056601506,-0.07292875,0.2688992,0.2813047,-0.25661847,0.070452034,-0.30259624,-0.17816834,-0.14978684
-0.03783184,0.07286923,0.041582897,0.37576184,0.122349426,-0.32013813,0.053142086,-0.15778947,-0.19549155,-0.23961511
-0.012981989,0.0054480787,-0.06274609,0.2875008,0.19406073,-0.2549039,0.11354476,-0.20677143,-0.19869673,-0.1998655
-0.028233554,0.06432924,-0.019475725,0.30280325,0.22658595,-0.32011417,0.040883597,-0.2368423,-0.095783554,-0.08982668
0.025196604,-0.042397935,-0.10586947,0.22955278,0.1721197,-0.2500449,0.1310757,-0.1366946,-0.17535014,-0.17837577
-0.008241653,-0.06074013,-0.1439076,0.24139118,0.16332641,-0.30582926,0.11700395,-0.120891556,-0.05905715,-0.2630908
0.12532724,-0.057530213,-0.10367434,0.23056225,0.24600884,-0.21728316,0.08961876,-0.11745994,-0.18819173,-0.074420944
-0.02734783,-0.084302165,-0.12185309,0.1714727,0.124968834,-0.2656173,0.068273336,-0.048834834,-0.07611345,-0.17028321
0.04079209,-0.061505415,-0.13506159,0.054991465,0.17371027,-0.16887781,-0.009062057,-0.09798171,-0.28633285,-0.2433332
-0.1216539,-0.10978263,-0.06061677,-0.019960694,0.20784596,-0.16172731,-0.095761985,-0.008497344,-0.23665673,-0.1283374
-0.07258149,-0.12104717,-0.0028509719,-0.06892688,0.25723177,-0.17896567,-0.17431569,0.04544155,-0.242777,-0.22812514
-0.2028444,-0.114525236,0.03995756,0.055669367,0.27410442,-0.1430054,-0.121901646,0.005918676,-0.3743228,-0.07808159
-0.17093205,-0.110301465,0.096435644,0.059043724,0.15557255,-0.13568665,-0.088580586,-0.042036023,-0.25696206,-0.3380096
-0.20291336,-0.078068085,-0.017141495,0.030389516,0.21583253,-0.10442266,-0.09929859,-0.11203596,-0.35936114,-0.22730221
-0.022800062,-0.13175578,-0.025267191,-0.049188886,0.22803608,-0.12619074,-0.091118336,0.017722912,-0.23743856,-0.21150771
-0.20566359,-0.07413602,-0.023741819,0.05609821,0.07508081,-0.1557097,-0.08903904,-0.03932982,-0.38670552,-0.22233078
-0.25756842,-0.08017717,0.05326613,-0.018008588,0.12875734,-0.16007638,-0.19126762,-0.05247,-0.37549436,-0.20740108
-0.17600118,-0.07237765,0.05818955,0.14317258,0.07534367,-0.17593022,-0.06380202,-0.051013846,-0.37875193,-0.22853322
-0.1269932,-0.005590291,0.009736037,0.21850172,0.09005553,-0.28242072,0.0016947074,-0.17218885,-0.102914564,-0.24109288
-0.13479911,0.04091689,-0.023956051,0.26045603,0.1456444,-0.19367914,0.074133515,-0.24327463,-0.35426483,-0.2680994
-0.06328964,0.025917118,-0.043358468,0.19400086,0.01886585,-0.2418928,0.06492606,-0.1476213,-0.26506895,-0.34343523
-0.017769426,0.06607952,-0.1305877,0.2710089,0.16685441,-0.1928252,0.14199516,-0.27299404,-0.33412248,-0.20579998
0.010848573,0.07031066,-0.034125127,0.31178004,0.097053215,-0.23324044,0.16602276,-0.25584063,-0.240711,-0.2555348
-0.039023295,0.1111835,-0.10570863,0.20224614,0.18909098,-0.25311038,0.049094517,-0.2908252,-0.2958014,-0.38254455
0.020096486,0.054482844,-0.06279925,0.2404886,0.10768825,-0.2800088,0.07094778,-0.23531312,-0.1778326,-0.21036911
0.020210756,0.013636474,-0.11216407,0.17456082,0.2499339,-0.2599192,0.07174047,-0.15707228,-0.20093998,-0.09054451
0.109901,0.112723425,-0.1108143,0.32008424,0.24182841,-0.37891147,0.11542826,-0.30406696,-0.021260895,-0.14205438
0.19533679,0.057656735,-0.19794117,0.19942313,0.23817116,-0.24585053,0.10679007,-0.28106928,-0.1755621,-0.20166709
-0.00085666194,0.12445429,-0.14873657,0.19811787,0.115737155,-0.34735817,0.048825152,-0.28260183,-0.062027924,-0.064737685
-0.018902866,0.12436113,-0.070708156,0.25053963,0.097512625,-0.29503512,0.053237855,-0.28139728,-0.18159412,-0.16729578
-0.030339992,0.13290596,-0.040006686,0.26835424,0.0930829,-0.363081,0.026626326,-0.26271895,-0.102356814,-0.07363281
0.037207905,0.15562987,-0.09702495,0.24158028,0.22639033,-0.35910833,0.05489452,-0.32098493,-0.065655544,-0.00932878
0.019695053,-0.042878143,-0.058030866,0.2103538,0.3103247,-0.26778713,-0.022926396,-0.116863325,-0.09634671,0.013899981
-0.025785683,0.17775185,-0.16848536,0.31934205,0.39341843,-0.37328732,0.11883336,-0.3380462,-0.10639017,-0.0033482187
-0.049256135,0.08106986,-0.12789315,0.17565115,0.41287717,-0.3203907,0.042601623,-0.2803398,-0.07674856,-0.013672289
0.0046436824,0.038219646,-0.13436839,0.23652025,0.32057548,-0.29249603,0.123517886,-0.28081256,-0.1041753,-0.10125741
-0.023675762,0.11731492,-0.13959847,0.21106245,0.33186123,-0.3139751,0.044784967,-0.3334093,-0.19667335,-0.019612703
-0.011941328,0.13382553,-0.114676364,0.2516093,0.3898614,-0.38634157,0.041082498,-0.29651743,-0.11051677,0.044422727
-0.020139951,0.23052102,-0.15309763,0.2635766,0.3280004,-0.44934356,0.03764752,-0.44529954,-0.15590397,-0.0141014345
0.03255912,0.1388134,-0.07420583,0.34881836,0.5045359,-0.42650524,0.0770549,-0.34196445,0.029587511,0.07025813
-0.023795195,0.09933107,-0.11989957,0.30736658,0.3760975,-0.3816011,0.12469059,-0.3908726,0.10840614,0.048770282
-0.025373703,0.20801462,-0.15818816,0.2931965,0.37669754,-0.46095443,0.05640039,-0.3997457,0.021865593,0.019812405
0.12920395,0.16132475,-0.18321195,0.3992578,0.51065344,-0.44683653,0.20026174,-0.39831698,-0.03609347,0.21407871
0.045849483,0.20039,-0.1488047,0.41548097,0.46441948,-0.53646624,0.11547563,-0.40969443,-0.008095438,0.24572688
0.07112764,0.18827596,-0.121648416,0.41873717,0.42515707,-0.5273109,0.10839839,-0.35279268,0.0733883,0.12891217
0.14817739,0.1956354,-0.1569967,0.40661642,0.41005182,-0.58009464,0.12788785,-0.39712572,0.119456224,0.2756398
0.16026118,0.14725451,-0.097658016,0.41144228,0.49777737,-0.4487677,0.16135085,-0.3764506,0.16866273,0.11357278
0.19365816,0.1416642,-0.16974732,0.41310567,0.5676107,-0.4439747,0.20576543,-0.35795566,0.1787259,0.30482566
0.24190125,0.20209625,-0.13268314,0.4120882,0.50070363,-0.47468358,0.17596689,-0.40910128,0.03358648,0.15707433
0.2148624,0.14210492,-0.24243738,0.44326162,0.57930076,-0.5139743,0.24858774,-0.3378916,0.14344223,0.25856936
0.28390026,0.15228163,-0.24899974,0.44628367,0.4898024,-0.5053844,0.23622634,-0.3521148,0.013324791,0.20829698
0.1554604,0.13681686,-0.21986842,0.3735344,0.44915757,-0.46972513,0.26610413,-0.33009005,0.05695352,0.23106469
0.27784783,0.14081971,-0.22254732,0.40690106,0.49354422,-0.5155792,0.19078964,-0.3323165,0.114916265,0.22446229
0.10027938,0.26966938,-0.20971549,0.37143,0.4774624,-0.610758,0.12585573,-0.45526528,0.16083798,0.18446988
0.16029744,0.17711173,-0.17489564,0.4606602,0.48281366,-0.578232,0.16777503,-0.3655798,0.22066231,0.29809844
0.2100336,0.31556925,-0.16574654,0.5378072,0.40963182,-0.5887281,0.23185992,-0.45875236,0.22902086,0.1599905
0.16133933,0.07574026,-0.23000272,0.46291855,0.495938,-0.4606154,0.31589794,-0.2554093,0.2597649,0.18428044
0.29392657,0.18394326,-0.30305204,0.5634114,0.4431353,-0.5666094,0.3367896,-0.42932305,0.24978994,0.2632146
0.21747518,0.10683475,-0.25386843,0.495995,0.46321386,-0.5066102,0.21788362,-0.27567384,0.22318979,0.31063196
0.13758905,0.13826464,-0.23064484,0.40773976,0.37369967,-0.50571007,0.24492732,-0.28451633,0.14686355,0.10788864
0.14418662,0.13520685,-0.2392453,0.3127362,0.44586366,-0.43569517,0.17630087,-0.33252555,0.1060402,0.10956705
0.10335688,0.14054042,-0.30286834,0.37358147,0.35390443,-0.46707454,0.25222978,-0.38089058,0.10495815,0.08708822
0.09505661,0.002341758,-0.2444078,0.20042878,0.3559703,-0.2989545,0.15363558,-0.22909404,0.005308802,0.017483836
0.10687173,0.15945283,-0.2137076,0.33714652,0.36880308,-0.383956,0.11848239,-0.41534892,-0.063181885,0.054497167
0.103317745,0.16891861,-0.15332876,0.3775322,0.317764,-0.54302645,0.11859458,-0.32020518,0.122526355,0.20547013
0.16806643,0.18059202,-0.14204754,0.30503634,0.3873842,-0.44945192,0.09091117,-0.3574914,0.0011379789,0.16441707
0.03600061,0.16232096,-0.0957389,0.38074696,0.43955857,-0.50572896,0.11022429,-0.37989268,0.13999404,0.28555074
0.12699707,0.2650641,-0.17247789,0.35630733,0.43457687,-0.39880058,0.11402396,-0.5206995,0.032100834,0.081381276
0.11329847,0.14326592,-0.19101402,0.31787893,0.4426073,-0.40445083,0.19352654,-0.3875305,0.0722001,0.16996889
0.08413537,0.3197686,-0.26449913,0.3766526,0.4347425,-0.45681393,0.16495566,-0.51566434,-0.0010436323,0.11956034
-0.017364105,0.24244736,-0.20557344,0.28941527,0.3808787,-0.4953714,0.05857955,-0.4814759,0.013014237,0.0827365
0.053318612,0.29614648,-0.17038433,0.4617455,0.45445195,-0.56017554,0.1270623,-0.51985115,-0.020422338,0.06969619
-0.048958015,0.28099513,-0.20928754,0.34054473,0.44339994,-0.58286273,0.057754472,-0.5118789,0.16041635,0.09781102
0.06950911,0.28713384,-0.14383133,0.4782719,0.37198514,-0.60257304,0.09755709,-0.53912663,0.13130997,0.13279803
0.09427548,0.50644046,-0.28263044,0.5259734,0.427528,-0.702125,0.086211726,-0.7383741,0.22410463,0.102223605
0.3064165,0.41641533,-0.11833991,0.56807894,0.48165745,-0.62424785,0.18695992,-0.6639247,0.12791741,0.2134317
0.17434011,0.42084566,-0.22253916,0.6486933,0.52825326,-0.6967414,0.24453834,-0.7230417,0.3544382,0.28268224
0.48444042,0.46533912,-0.21419218,0.7592666,0.50990397,-0.65197307,0.42220846,-0.7209971,0.2168946,0.2659981
0.48048577,0.44838288,-0.23312087,0.75244004,0.55344486,-0.6766938,0.40909344,-0.72299165,0.26578024,0.3703425
0.636403,0.49972558,-0.23448583,0.63433635,0.54791117,-0.7075835,0.34293842,-0.7651585,0.18672322,0.29046637
0.674078,0.46787664,-0.22737026,0.7592168,0.6165774,-0.73694515,0.33718324,-0.72542995,0.5055386,0.39749745
0.62570536,0.44614416,-0.30889916,0.6995085,0.7601575,-0.68737155,0.30947405,-0.73552907,0.29821244,0.47082913
0.33936572,0.28867787,-0.35221443,0.557911,0.7247216,-0.56664485,0.36014408,-0.51125085,0.35468742,0.37691855
0.59245384,0.38703826,-0.40964457,0.61443263,0.749873,-0.56156623,0.33305737,-0.66598254,0.21443509,0.33502144
0.2963544,0.4131802,-0.3188729,0.55797577,0.6559692,-0.64845526,0.43828714,-0.6947576,0.26034564,0.36617377
0.64352405,0.29637566,-0.36877218,0.71690595,0.70644486,-0.53294814,0.5008928,-0.48900738,0.2009215,0.2395264
0.34229684,0.28976852,-0.33704296,0.53741705,0.6100977,-0.45829433,0.40892646,-0.5169139,0.06423922,0.20182288
0.6642611,0.36838022,-0.36654744,0.73714477,0.6795178,-0.5590979,0.483548,-0.61417454,0.13921322,0.30721074
0.43293443,0.39626738,-0.26034242,0.73840094,0.5051177,-0.6165202,0.4665753,-0.6497665,0.06834153,0.24285828
0.5401658,0.38018122,-0.40988925,0.6541231,0.6816892,-0.5356774,0.42864797,-0.65198755,0.15294614,0.29245725
0.7286886,0.30468297,-0.39605796,0.63990796,0.5034954,-0.56000185,0.42192638,-0.57809514,0.08616736,0.12239668
0.30265746,0.3864851,-0.40553242,0.53821737,0.65228885,-0.6281957,0.34562108,-0.5972416,0.193397,0.26926738
0.32615447,0.2384102,-0.2751608,0.49450728,0.44515225,-0.5591294,0.25599986,-0.4732261,0.17821214,0.18454093
0.38056347,0.35191202,-0.30301887,0.5707214,0.5111438,-0.5823863,0.40649384,-0.5730426,0.15726213,0.15112223
0.48076576,0.28282163,-0.26521078,0.49841902,0.4174952,-0.5906948,0.3118071,-0.47507015,0.16232644,0.18052535
0.30812415,0.25692284,-0.24576858,0.51560795,0.3800862,-0.5052011,0.3236502,-0.5105945,0.2255538,0.06848829
0.4411687,0.26659516,-0.26825392,0.5524117,0.33262542,-0.5357288,0.37059188,-0.51608807,0.12439525,0.07979579
0.24901962,0.16398454,-0.20657428,0.41660473,0.48714516,-0.39898673,0.2764662,-0.36816537,0.025164982,0.12831265
0.17130421,0.25804093,-0.282578,0.1944977,0.2652199,-0.3939477,0.15137838,-0.52221745,0.025071925,-0.003270391
0.100266464,0.2319086,-0.21156897,0.39369178,0.44586796,-0.45680606,0.16476801,-0.4265656,0.1427065,0.07596418
-0.00075396884,0.20989096,-0.23520698,0.25865215,0.28936118,-0.33650005,0.10012133,-0.5210422,-0.13080575,-0.01988344
0.15702033,0.19189599,-0.14399949,0.45550036,0.3753775,-0.43127385,0.1768208,-0.42003444,0.036900003,0.052112147
0.13138694,0.13445766,-0.13976489,0.3735618,0.37297246,-0.41700813,0.17913802,-0.3088863,-0.0657104,0.0741731
0.14496198,0.0820537,-0.15639,0.3741329,0.36593994,-0.3781243,0.20492817,-0.3422096,0.0313169,0.0966128
0.083264284,0.091891,-0.17801487,0.30240726,0.3616711,-0.47025973,0.15216605,-0.21683162,0.026953947,0.1322126
0.17568572,0.008166966,-0.1647723,0.34244418,0.37149054,-0.28834477,0.22986814,-0.14328201,0.049554184,-0.03332687
0.12126454,0.02394655,-0.13294868,0.29601562,0.35759836,-0.3317519,0.1362853,-0.24819024,0.15535395,0.018427268
0.095142655,-0.0066648033,-0.1142193,0.29548085,0.21735129,-0.26779848,0.13093257,-0.1291152,-0.06995454,-0.09570712
0.19348918,-0.016579583,-0.10914546,0.24601053,0.39647093,-0.24853192,0.15315887,-0.12081945,-0.027769487,-0.060199056
0.21679394,-0.049072724,-0.052507926,0.26147923,0.32861182,-0.19216612,0.10593789,-0.12028741,-0.13461265,-0.15013638
0.1462476,-0.040824525,-0.15976161,0.22166738,0.32373783,-0.14783183,0.16188067,-0.20369188,-0.22392622,-0.15136556
0.13541889,-0.093307324,-0.1790461,0.18270485,0.25156236,-0.14535183,0.14713864,-0.12070195,-0.24478824,-0.2415638
0.17403965,0.013911065,-0.14996797,0.23335224,0.26227397,-0.30824205,0.07378101,-0.18199784,-0.2697391,-0.2202736
-0.034189392,-0.05741135,-0.11760669,0.11698442,0.27884465,-0.18617375,-0.029800648,-0.09886004,-0.3717767,-0.115409605
0.03084357,-0.08305511,-0.13842495,0.17039374,0.33172563,-0.12756117,0.07519841,-0.11244555,-0.36918762,-0.10059449
-0.03946865,-0.008169231,-0.17052534,0.21006699,0.23342751,-0.21072766,0.11514293,-0.21495552,-0.3157936,-0.26893833
-0.058958877,0.0036244085,-0.11535666,0.119123936,0.18773697,-0.17062205,-0.01981519,-0.24157342,-0.3521313,-0.23741886
-0.033246536,0.051341917,-0.06190571,0.15740952,0.17291994,-0.19995062,-0.018262845,-0.26150456,-0.3876676,-0.28171223
-0.055749256,-0.016250268,0.005196182,0.1370052,0.19550546,-0.1724078,-0.09256174,-0.21514797,-0.39803886,-0.24736357
-0.102588594,-0.012006183,-0.06675431,0.12481308,0.18822663,-0.16374749,-0.04519356,-0.17855573,-0.42583525,-0.2314076
-0.10597406,-0.009058645,0.020614013,0.20459178,0.25497228,-0.19215201,-0.04124391,-0.16697392,-0.48415568,-0.28902984
-0.13849507,0.08127196,-0.033244997,0.13927752,0.2513466,-0.1915879,-0.05108303,-0.2181105,-0.3569608,-0.32681775
0.058263153,-0.028667103,-0.04630069,0.25378305,0.22266969,-0.20593046,0.092005506,-0.15774103,-0.38376114,-0.24035083
-0.043150093,-0.08367319,-0.033138447,0.0744292,0.30500367,-0.19622226,-0.025409145,-0.0592742,-0.2080789,-0.12831117
0.037091896,-0.045819364,-0.1182318,0.12739825,0.38626963,-0.24011362,0.059555653,-0.11055072,-0.14928645,-0.03721714
-0.062606044,-0.12646472,-0.09206498,0.039541498,0.306124,-0.10993683,0.009116025,-0.038062196,-0.29447085,-0.15506646
-0.15999798,-0.21764167,-0.048199054,-0.10326257,0.33413997,-0.08991706,-0.089948826,0.07120257,-0.18911082,-0.09747614
-0.16911417,-0.18510665,-0.08981218,-0.18111762,0.41758072,-0.1087908,-0.12121805,0.047114447,-0.20775294,-0.16668357
-0.12290598,-0.16853979,-0.18563567,-0.11686611,0.32547954,-0.07941792,-0.06584207,0.038161192,-0.3480161,-0.1075189
-0.17068486,-0.12401898,-0.16992316,-0.11549714,0.36994195,-0.1872482,-0.1590275,-0.021524066,-0.32954422,-0.028905667
-0.22515996,-0.07743484,-0.08110769,-0.11236559,0.2395734,-0.15613292,-0.21079801,-0.063140616,-0.3105098,-0.2247612
-0.31722492,-0.078701526,-0.01818227,-0.049462512,0.28149888,-0.2751228,-0.2729923,-0.06448656,-0.27389613,-0.077496424
-0.26438543,-0.02915179,0.024294378,0.024363792,0.2996002,-0.27478415,-0.21428715,-0.120591424,-0.28447267,-0.10953216
-0.16385977,0.113423705,0.10734922,0.19298328,0.19939609,-0.38075206,-0.21599331,-0.32529002,-0.27740747,-0.05041556
-0.017665075,0.108498946,0.07858172,0.28106436,0.26629627,-0.43114978,-0.09029986,-0.1921455,-0.14694323,-0.010845936
-0.018016638,0.12475376,-0.009267773,0.24079618,0.17635204,-0.3888803,0.011804688,-0.28972882,-0.023689874,-0.019762266
-0.043296795,0.10405048,-0.08321377,0.20955786,0.19971433,-0.31608197,0.02310907,-0.27120915,-0.16641371,-0.14436021
0.17429024,0.19330022,-0.051298283,0.4073912,0.39852062,-0.47095445,0.09111408,-0.396553,-0.028345864,0.15085244
0.101656765,0.19973598,-0.14910619,0.34287444,0.38004613,-0.49608672,0.10298797,-0.4115554,-0.061857104,0.23847534
0.09884574,0.2498497,-0.08913404,0.35024193,0.4463945,-0.53210163,0.06074801,-0.49343348,0.032489415,0.15386774
0.0811241,0.2791874,-0.13607456,0.46375978,0.49169126,-0.6778894,0.06210503,-0.540861,-0.049735647,0.33394894
0.069433115,0.23923054,-0.17425509,0.33047837,0.45041123,-0.55274487,0.10241509,-0.47317642,0.07115283,0.20032789
0.16537625,0.24185888,-0.15692592,0.46527988,0.5396477,-0.5964118,0.16809395,-0.4587884,0.25435406,0.24236976
0.17738958,0.2509337,-0.15969795,0.46867555,0.38277897,-0.5980788,0.14457005,-0.49164113,0.2961237,0.25508782
0.14700827,0.27245903,-0.062898904,0.4954836,0.5684149,-0.56045604,0.14988652,-0.5373605,0.20906629,0.38774803
0.18724069,0.2065983,-0.1023353,0.44173878,0.6867603,-0.5441268,0.16554613,-0.42495954,0.18913183,0.4112206
0.22316948,0.24855109,-0.050879717,0.45304415,0.6518612,-0.54076576,0.13933045,-0.5072758,0.2133925,0.33365002
0.269546,0.1759234,-0.13385877,0.34013754,0.6600269,-0.39223677,0.15557247,-0.38552415,0.12849051,0.18473633
0.26476023,0.19097997,-0.09332883,0.39323425,0.5031565,-0.48415655,0.115619905,-0.37371653,0.20358482,0.19643208
0.17286278,0.14919753,-0.10446545,0.39426053,0.70088464,-0.36177462,0.15231708,-0.35526,0.11519905,0.12905441
0.16506618,0.15443271,-0.08881014,0.32298574,0.59212554,-0.45916644,0.09540668,-0.3427006,0.16672269,0.20985201
0.038340606,0.1922943,-0.10128667,0.34269097,0.4970785,-0.43812972,0.083922535,-0.39357188,0.035382085,0.05532518
0.20401202,0.24156079,-0.09997408,0.45017862,0.5205687,-0.46148428,0.17387113,-0.4618086,0.020440621,0.16004945
0.09853149,0.27470347,-0.13348095,0.45549068,0.4745988,-0.49710643,0.19972885,-0.5702977,-0.083058126,0.1490181
0.16757442,0.3023398,-0.1825177,0.46146464,0.5593746,-0.5320856,0.24186091,-0.5312741,0.054972917,0.23132695
0.15274623,0.2923591,-0.16774035,0.39281958,0.637185,-0.49676675,0.16827849,-0.58377236,0.021037886,0.26594278
0.17141488,0.28815985,-0.17846863,0.5068075,0.6516417,-0.5959728,0.21453454,-0.5601971,0.21293062,0.30363253
0.30119425,0.11569475,-0.20059606,0.41599053,0.6466339,-0.47579807,0.11349495,-0.3197303,0.22555004,0.35534596
0.41562742,0.1815351,-0.29265967,0.38465193,0.6935095,-0.52662635,0.2433817,-0.30900335,0.21354587,0.34049645
0.32529062,0.16658802,-0.22237957,0.43629575,0.652173,-0.48282957,0.25971353,-0.34351036,0.12566517,0.3287518
0.22224565,0.14194469,-0.27265975,0.3834538,0.6810719,-0.47235706,0.263483,-0.35233134,0.09260367,0.29773834
0.2783591,0.19174102,-0.21984062,0.42381012,0.65799755,-0.4526393,0.22868471,-0.4178877,0.1312154,0.23464671
0.23422875,0.08915874,-0.3327588,0.3161424,0.7662635,-0.40561575,0.24018502,-0.3527361,0.19096407,0.3733796
0.32451272,0.19023725,-0.287433,0.44026682,0.72000414,-0.45594952,0.27267435,-0.3871612,0.06368708,0.2711917
0.19099264,0.053511687,-0.30756846,0.24367724,0.69202423,-0.31373,0.20631826,-0.21858793,0.028385984,0.22537982
0.2952673,0.16098683,-0.22299616,0.47387052,0.6906805,-0.3839795,0.28984293,-0.3234655,0.0056451107,0.13722041
0.26046932,0.13142222,-0.28084385,0.4089919,0.6621363,-0.405377,0.2864859,-0.32458287,0.12349328,0.21364619
0.4140103,0.16610305,-0.3139011,0.49496847,0.4902088,-0.44135395,0.39569455,-0.34329504,0.080245495,0.086871
0.26998383,0.012526646,-0.2420487,0.30183032,0.5054644,-0.36389166,0.18616319,-0.16426809,0.067096464,0.22059552
0.063166104,0.042589307,-0.2612807,0.19788165,0.32715476,-0.34039313,0.13127215,-0.2691062,-1.3411045e-05,-0.039777536
0.10262899,0.11018829,-0.25877735,0.26713374,0.3371306,-0.34692875,0.22619894,-0.28937438,0.025911579,-0.02277971
0.36042103,0.17545427,-0.27550232,0.40050152,0.45727828,-0.36821878,0.2451003,-0.38910303,-0.08072554,0.020132339
0.2363782,0.21764673,-0.34638944,0.32718515,0.34193313,-0.50702894,0.16190843,-0.4044372,-0.10617992,0.018858967
0.23270911,0.2566721,-0.19941789,0.50343704,0.3468238,-0.61513203,0.22073887,-0.43625695,-0.008258104,0.21422271
0.3239941,0.20467016,-0.16631135,0.52811235,0.34232184,-0.5521398,0.18222623,-0.42071325,-0.06015216,0.1362784
0.2557814,0.13697864,-0.15428278,0.49205682,0.41547084,-0.49715012,0.22185709,-0.25773928,0.082454,0.30802324
0.47285086,0.11850414,-0.15814486,0.5886467,0.43832427,-0.41320217,0.3443937,-0.20948234,0.16925971,0.22101574
0.5962647,0.12779334,-0.19606717,0.44644174,0.47611055,-0.3766716,0.28329575,-0.28252247,-0.018958233,0.078656085
0.4202808,0.10306555,-0.17590114,0.41457456,0.5887346,-0.32941362,0.28564218,-0.21106903,0.07088873,0.1999373
0.2955118,0.093772516,-0.13742577,0.40160468,0.42609832,-0.33140793,0.22854528,-0.25831795,0.10639442,0.029367255
0.25779954,-0.037001606,-0.15089013,0.30700725,0.38121814,-0.25345138,0.20164244,-0.11427417,-0.016628841,0.06519945
0.25980815,0.01504698,-0.17782874,0.32481256,0.31895712,-0.2718379,0.1699709,-0.17070211,0.020706257,-0.06349477
0.4230193,0.07206819,-0.22132634,0.36219475,0.3878718,-0.3240581,0.2517233,-0.24954313,-0.12756643,-0.073412284
0.17771685,-0.014020761,-0.19446701,0.28535914,0.31728166,-0.27356282,0.20323358,-0.17297268,-0.023270547,-0.044969115
0.12740016,-0.03907978,-0.22731075,0.21967594,0.21353829,-0.24067241,0.18785152,-0.19980238,-0.03813171,-0.18194695
0.031418893,-0.027884241,-0.15883876,0.13829571,0.28863546,-0.21675977,0.07559896,-0.17739162,-0.20663176,-0.1307711
0.025349814,-0.049726002,-0.10291665,0.19272745,0.096081436,-0.20087735,0.11285793,-0.0958385,-0.22533564,-0.20807686
0.037297376,-0.06455098,-0.07157748,0.06861015,0.22333127,-0.15400594,-0.044001788,-0.175213,-0.2559307,-0.25777274
0.15927996,-0.033833027,-0.13691582,0.20512356,0.15736915,-0.20620441,0.12713937,-0.116987966,-0.2823096,-0.21909268
-0.015516414,-0.011165692,-0.071752325,0.11052347,0.16026263,-0.18695232,-0.035174843,-0.20796327,-0.27790478,-0.22943683
-0.08179273,-0.014357385,-0.073323905,0.092071384,0.18410361,-0.2807229,-0.011628759,-0.108280525,-0.12698573,-0.05191829
-0.047418963,-0.013735354,-0.035137843,0.09821549,0.3002612,-0.27259573,-0.073646836,-0.08636611,-0.13237603,-0.029657098
-0.0520584,-0.049181864,0.026603514,0.082302,0.3236908,-0.21304898,-0.08436253,-0.10642719,-0.16757825,-0.055075333
-0.024388129,0.019128432,-0.07685333,0.21425703,0.30036217,-0.2712986,0.0041099405,-0.17237383,-0.36696973,-0.18158828
-0.11931712,-0.103349864,-0.035915542,0.04058947,0.2623767,-0.16491596,-0.016945684,0.002764868,-0.2502635,-0.09826353
-0.033448417,-0.022657614,-0.09240006,0.13869388,0.38896647,-0.2574809,0.03328514,-0.12563433,-0.18928961,-0.022726303
-0.040712923,0.015126863,-0.04547179,0.17121777,0.32853186,-0.2638925,0.037923556,-0.14235929,-0.2192627,-0.09759002
0.08830861,-0.012462224,-0.059076965,0.2896588,0.34053457,-0.25686392,0.06305193,-0.16160688,-0.15329772,-0.0077087544
0.06195565,0.053243723,-0.062732644,0.262749,0.311554,-0.3092899,0.05344054,-0.23172118,-0.09151146,-0.115550414
0.046353363,-0.044614483,-0.049241606,0.21046089,0.30181617,-0.22930016,0.0426234,-0.13103801,-0.12694629,-0.0579668
0.16423835,0.045867305,-0.11279284,0.21772285,0.2990932,-0.33146045,0.064452276,-0.13168402,-0.10905802,-0.1276395
0.19194382,0.015629688,-0.10288132,0.32997784,0.3913561,-0.2401329,0.13807122,-0.1772499,-0.114167616,-0.072081536
0.18438439,0.0051708356,-0.040666983,0.29551858,0.31026047,-0.26718876,0.042683087,-0.17645672,-0.06465486,-0.031080365
0.049499772,-0.021311855,-0.08300833,0.12993143,0.334955,-0.26531565,-0.050489463,-0.14835113,-0.2605687,-0.06667238
0.4024697,-0.023493258,-0.107350335,0.13030429,0.4183785,-0.23748067,0.006504906,-0.08721687,-0.18409367,0.031911753
0.15805997,-0.09237436,-0.15470017,0.0160793,0.44598025,-0.15275225,0.039355706,-0.076136015,-0.18818946,-0.04825089
0.10448026,-0.016508674,-0.14297879,0.066778794,0.4300488,-0.22470176,0.024850668,-0.13716651,-0.14233273,-0.11170962
0.02166911,-0.24221043,-0.15571141,-0.12518445,0.41553572,-0.15620482,-0.074108526,0.049037132,-0.15308805,-0.07038048
-0.09413809,-0.078751914,-0.11718254,-0.022213805,0.37059218,-0.19612782,-0.04816582,-0.08502812,-0.14543624,-0.14005083
-0.09234201,-0.24703375,-0.053707577,-0.15755025,0.35813665,-0.07520019,-0.10952882,0.11565797,-0.2296425,-0.14854243
-0.29018092,-0.2009439,-0.028895944,-0.16995996,0.35060182,-0.13282914,-0.17841053,0.12380337,-0.26564634,-0.17491111
-0.22466853,-0.14826521,0.07671985,-0.050032448,0.30022094,-0.16909643,-0.21510714,0.05341011,-0.31362176,-0.30275348
-0.2921764,-0.13778155,0.0046096565,-0.028224949,0.18050164,-0.17407586,-0.113198645,0.01652446,-0.15842754,-0.21042661
-0.085944004,-0.0795659,-0.0005727261,0.073016524,0.13674141,-0.19839847,-0.0786387,-0.0636534,-0.22733326,-0.29766166
-0.082707345,-0.13517496,-0.00041955707,0.10850498,0.13887261,-0.14864472,-0.050763775,-0.04251846,-0.2479724,-0.23992004
-0.12362687,-0.061773654,0.033638835,0.09441918,0.08327015,-0.1732445,-0.050604858,-0.046112,-0.37416148,-0.315771
-0.13201657,-0.053061016,-0.036018815,0.12081156,0.21304461,-0.2723055,-0.066315204,-0.064550385,-0.14511459,-0.084001
-0.059250195,-0.14523117,0.034116894,0.14094324,0.06883864,-0.13939823,-0.013770574,-0.029919807,-0.275803,-0.2874633
-0.05518661,-0.07499431,-0.09127102,0.09954638,0.18758896,-0.2323205,-0.0042299526,-0.10731018,-0.16421485,-0.19097145
-0.052318227,-0.09590003,-0.100344405,0.07880573,0.30244836,-0.15355627,0.01972972,-0.061998665,-0.25520393,-0.11164996
-0.07109629,0.017140528,-0.05474655,0.14693342,0.3316129,-0.30719087,-0.038270876,-0.17197512,-0.14239545,-0.03384425
-0.0889535,-0.06738634,-0.08917529,0.06905561,0.29941493,-0.14720072,-0.025934616,-0.11483157,-0.33940434,-0.13880107
-0.10820134,0.012756162,-0.059721276,0.0795916,0.2403973,-0.25974667,-0.0924848,-0.16134806,-0.21484491,-0.2192293
-0.08996574,-0.014433127,0.03109732,0.03267558,0.21940376,-0.22336577,-0.17147219,-0.11775199,-0.26914465,-0.2022068
-0.1654326,0.14354832,0.02410998,0.19981493,0.14057006,-0.3692243,-0.114517584,-0.323876,-0.1735483,-0.11955721
-0.079097115,0.03691271,-0.006729427,0.11214124,0.17809689,-0.22885081,-0.08709096,-0.19652961,-0.352738,-0.17617558
-0.13380222,0.025329283,0.09122555,0.19947967,0.13879476,-0.2742353,-0.047903962,-0.16754605,-0.30039328,-0.04358793
-0.05523403,0.096534446,-0.031272933,0.2038192,0.25637212,-0.31176364,-0.0046579577,-0.28075743,-0.21228303,-0.08180894
-0.04653666,0.105878666,0.045898195,0.33640698,0.2316405,-0.3225948,0.02922531,-0.22518258,-0.32096994,-0.1963483
-0.08402219,0.14072873,-0.028663129,0.3604284,0.30223876,-0.39596996,0.059044477,-0.2962936,-0.10613095,-0.041069474
0.08522578,0.12800395,-0.00278651,0.46751067,0.26947856,-0.40799338,0.135136,-0.24869919,-0.08200921,0.049043898
0.23466489,0.12714379,-0.062454015,0.42828095,0.23091291,-0.39856508,0.15631458,-0.31264415,-0.051803865,-0.022296965
0.18390338,0.04620456,-0.111128785,0.33525062,0.27393833,-0.3174863,0.18701147,-0.25458527,-0.05453794,-0.0018229465
0.27164465,0.074672,-0.20999403,0.36320722,0.34350446,-0.301548,0.28335032,-0.28276342,-0.06980585,-0.019062832
0.22751027,0.10223814,-0.1661029,0.44913405,0.40112567,-0.31555468,0.32894164,-0.31701767,-0.0794303,-0.04595163
0.308203,0.08861512,-0.15595663,0.43508142,0.3710308,-0.3310572,0.26902068,-0.27479097,-0.11978568,0.0010702307
0.26850635,-0.00518897,-0.23072596,0.21516155,0.49148682,-0.20838329,0.22897679,-0.14359084,-0.14377491,0.07277587
0.09630724,-0.057520915,-0.21013978,0.17734091,0.3311068,-0.22161953,0.16575254,-0.08238573,-0.16094369,-0.057588417
0.07501681,-0.049876202,-0.20328563,0.22276405,0.36528736,-0.28935647,0.1431438,-0.0712953,-0.15556999,-0.025764663
-0.0010140274,-0.10554119,-0.24272403,0.20901497,0.34294835,-0.16412461,0.25506788,-0.034483947,-0.26633412,-0.08449472
-0.020313665,-0.07553717,-0.26939815,0.11016499,0.39860427,-0.2379394,0.1403277,-0.073694564,-0.15608887,0.029733846
-0.0009371617,-0.070584446,-0.17025527,0.08740723,0.48262048,-0.085098274,0.06766211,-0.08482012,-0.35999504,-0.09836922
-0.11727931,-0.042868625,-0.13406068,0.12037808,0.2557174,-0.18776533,0.05655777,-0.12747909,-0.274713,-0.18539709
-0.08899215,0.022280164,-0.11651176,0.10733119,0.30204692,-0.2540975,-0.044141214,-0.2091543,-0.2818736,-0.18044193
-0.01662134,-0.0010044571,-0.089034855,0.20110582,0.30234033,-0.25950196,0.023996692,-0.16525388,-0.19681095,-0.15258667
-0.13158187,0.11405258,-0.15651856,0.08895332,0.17905287,-0.31657463,-0.035402205,-0.2610634,-0.17146799,-0.16518472
-0.14063185,0.02879071,-0.061558217,0.15715285,0.16866697,-0.320189,-0.04389792,-0.24701922,-0.03342339,-0.07654324
-0.019412598,-0.04384579,-0.05949101,0.20046051,0.28175542,-0.3010728,0.021364134,-0.070122465,-0.028782418,-0.047969162
-0.023479981,-0.066723086,-0.07215305,0.19962406,0.2735327,-0.19033349,0.038441274,-0.16879119,-0.1399999,-0.070275486
0.020109244,-0.16560967,-0.042253684,0.0846042,0.37148675,-0.1465798,-0.022118388,-0.000644829,-0.19016755,-0.109214336
-0.029326105,-0.1196143,-0.061565727,-0.043276377,0.36746994,-0.08130222,-0.029606866,-0.05304155,-0.2499391,-0.19368531
-0.08017631,-0.059622195,-0.09924045,0.03323693,0.28346306,-0.16985355,-0.016540345,-0.12621132,-0.185132,-0.1671166
-0.057922017,-0.0017838906,-0.00713302,0.15882552,0.16784473,-0.16893697,-0.04839969,-0.21913955,-0.4022746,-0.20732602
0.0018642299,-0.09103941,-0.03716479,0.18561573,0.089633994,-0.117825285,0.053572174,-0.15068138,-0.32858995,-0.37273896
-0.09850925,0.059856273,-0.0077749267,0.066446185,0.10344845,-0.28240755,-0.1285657,-0.19075495,-0.20176272,-0.21646063
-0.07436607,0.03787716,-0.03904718,0.16222778,0.08216589,-0.24436013,0.004204636,-0.22116023,-0.23909052,-0.24025184
-0.08337432,0.07226631,0.09239827,0.2264203,0.09756472,-0.36095703,-0.1151475,-0.14579262,-0.04145881,-0.060692962
0.22110713,0.066349104,0.014613989,0.3568055,0.19101325,-0.32192314,0.039621342,-0.20987481,-0.09908428,-0.07619235
0.019190146,0.10641162,-0.030763974,0.29617977,0.19781789,-0.32626355,0.03028255,-0.30073687,-0.06522706,-0.039200354
0.12866363,0.11464971,-0.029498331,0.31801462,0.24825704,-0.33517626,0.0814466,-0.31716526,-0.11636155,-0.12033278
0.014751748,0.14785837,-0.100513056,0.236553,0.31234327,-0.38565794,0.03313986,-0.3221345,-0.002210256,-0.024416048
0.008617421,0.14649041,-0.12925772,0.2220779,0.3251719,-0.4152519,0.043872517,-0.30581185,-0.0054298104,0.031581983
0.06358851,0.104565494,-0.08972897,0.2617466,0.2992375,-0.38610065,0.024617525,-0.21949533,-0.010872457,0.025185935
0.059827965,0.075993046,-0.08757837,0.3024005,0.28484777,-0.30657265,0.12495559,-0.31362516,-0.092668794,-0.053145565
0.07107171,0.024952909,-0.118066445,0.17996316,0.30568233,-0.3175425,0.047207147,-0.19015987,-0.052231904,-0.09104717
-0.06164315,-0.0029456827,-0.1372612,0.16740108,0.43074167,-0.31613812,0.06146111,-0.14539608,-0.06096912,0.052143622
-0.07674697,-0.0069775046,-0.14953658,0.17965978,0.298533,-0.25497532,0.092608064,-0.18798818,-0.1571294,-0.07657104
-0.047113553,0.0067685405,-0.117772594,0.27343675,0.24039327,-0.34887245,0.099346556,-0.11747314,-0.12258297,-0.08813764
-0.04845948,-0.09444149,-0.093060724,0.1530079,0.27119094,-0.25244778,0.053685002,-0.04223267,-0.04460781,0.0070074545
0.030309068,-0.057124674,-0.13386087,0.16651502,0.31848085,-0.24798179,0.08606214,-0.1031264,-0.08181395,-0.059921097
-0.009700709,-0.028857293,-0.1890761,0.16973522,0.3397596,-0.30394605,0.12007488,-0.12694564,-0.07398814,-0.026549358
-0.025415385,-0.042862825,-0.12727737,0.11788863,0.32693768,-0.27453962,0.031155067,-0.12448917,-0.1225346,-0.07294086
-0.080320835,-0.06378658,-0.13176578,0.037688337,0.35194835,-0.22651498,-0.047337085,-0.08505464,-0.22059819,-0.012250094
-0.0061937654,-0.003710551,-0.12739173,0.042366542,0.27668017,-0.23219731,-0.05559424,-0.19102816,-0.18162811,-0.13350724
-0.14466308,0.008749753,-0.07348065,0.039007027,0.28176284,-0.22396845,-0.091528766,-0.20890558,-0.21708962,-0.11718494
-0.0188165,-0.051238094,-0.06580204,0.09995281,0.2280637,-0.22373323,-0.048305422,-0.08307422,-0.28984118,-0.2065477
-0.15621622,0.08996484,-0.08757203,0.16646604,0.23745868,-0.31398493,-0.04477921,-0.2720774,-0.1654775,-0.13281904
-0.06457782,0.011172724,0.0268281,0.16242974,0.22842774,-0.24928154,-0.02719648,-0.13209566,-0.27068067,-0.08566333
-0.02968217,0.060506344,-0.04195931,0.21865547,0.34571096,-0.26628134,-0.007082672,-0.2770261,-0.20867425,-0.16418345
0.050500024,0.045378234,-0.036349487,0.24797527,0.21798553,-0.2765393,0.0063824235,-0.2550863,-0.2065537,-0.11703347
-0.11262002,0.12482919,-0.078946695,0.2071694,0.2785435,-0.31136417,-0.016165324,-0.3197354,-0.267096,-0.15533544
-0.028711576,0.022786636,-0.10737941,0.10214379,0.23925553,-0.2519932,-0.025720384,-0.23739462,-0.15583746,-0.05802066
-0.13729657,0.05355418,-0.038858254,0.23514259,0.28081998,-0.2841908,-0.0017162843,-0.2557058,-0.23298012,-0.043876473
-0.06703677,0.007626475,0.02032602,0.028780662,0.2884411,-0.30873057,-0.14127399,-0.15437835,-0.11072834,0.03252954
-0.06190905,-0.0014384676,0.03948498,0.1311172,0.24509655,-0.26830152,-0.10382966,-0.13585441,-0.14322318,-0.13431862
-0.060759593,0.05201876,-0.0074514635,0.11370942,0.3117642,-0.22151332,-0.066094935,-0.26541147,-0.2612128,-0.14583717
-0.10029136,0.03157936,-0.025730696,0.11180985,0.27661723,-0.23870851,-0.07128455,-0.24427928,-0.24532405,-0.17231965
-0.0014359923,0.08563051,0.038445618,0.16854924,0.30075982,-0.33214706,-0.16022253,-0.2930566,-0.31944284,-0.07003218
-0.025998402,0.14278555,-0.038246,0.22233199,0.27053472,-0.3838353,-0.066761665,-0.3488394,-0.22120902,-0.055224963
-0.0844917,0.13810125,0.024232969,0.27933788,0.29749995,-0.38863933,-0.02070009,-0.35621205,-0.21499808,-0.0036365974
0.039337844,0.16130194,-0.0072575575,0.21887165,0.29323727,-0.3639595,-0.03759791,-0.3416295,-0.15645534,-0.04586591
-0.015986713,0.15598872,-0.09938853,0.2099216,0.366053,-0.49571672,-0.0046894653,-0.34150365,-0.05882367,0.14855829
-0.025742624,0.20299523,-0.09573105,0.27788526,0.38658902,-0.51798093,-0.005931755,-0.44346234,0.1360677,0.1667374
-0.0341803,0.14155763,-0.13463137,0.33321157,0.51426,-0.46545425,0.1164427,-0.38188255,0.012608203,0.22888735
0.055414557,0.070485845,-0.11587958,0.26631263,0.50575554,-0.44184327,0.020574735,-0.26254898,0.015187772,0.19378024
0.15064502,0.1880726,-0.12925139,0.4304971,0.5246315,-0.46719664,0.1714647,-0.4108564,-0.053295493,0.20821735
0.00040175018,0.1542534,-0.14446999,0.36664778,0.4965188,-0.3895045,0.1539362,-0.38309097,-0.13070068,0.11177391
0.21038526,0.15922627,-0.24015771,0.37849027,0.5506036,-0.4296306,0.22479266,-0.38238737,0.12772116,0.16603896
0.28038722,0.14637402,-0.25566977,0.38353848,0.40470785,-0.48961553,0.2417705,-0.3153403,0.11812355,0.12149267
0.16476195,0.16824117,-0.19626412,0.34925452,0.57400405,-0.4655077,0.13995238,-0.40502524,0.18764302,0.21115354
0.24363595,0.1566433,-0.2081318,0.3918504,0.3696535,-0.48531044,0.17550857,-0.3659386,0.0751567,0.105113864
0.12640674,0.257723,-0.18136571,0.39289802,0.4206434,-0.5608816,0.1349257,-0.45979646,0.14195919,0.14318368
0.11675244,0.11283879,-0.15931183,0.37108305,0.40137097,-0.4566323,0.20517556,-0.27903983,0.05622004,0.18142584
0.2560997,0.26534367,-0.20126688,0.4763085,0.5834828,-0.6551669,0.23525678,-0.46059537,0.26274866,0.36710805
0.27263528,0.26029202,-0.19783625,0.5368735,0.54274976,-0.58540446,0.28239053,-0.49326348,0.29886463,0.25525534
0.27739614,0.24271563,-0.23708546,0.55628663,0.5662313,-0.5847158,0.3366551,-0.49585316,0.26729375,0.34969944
0.37645566,0.23395911,-0.21472865,0.5708616,0.50361574,-0.58489674,0.29611617,-0.44831896,0.35622078,0.28248125
0.3800274,0.26585308,-0.2762307,0.5683089,0.5079244,-0.5759172,0.39833453,-0.45734006,0.23683813,0.28307492
0.34554055,0.21749836,-0.3162043,0.5931279,0.4621266,-0.61058766,0.30917776,-0.46441466,0.35395956,0.2647547
0.24471375,0.21444052,-0.26640508,0.49847344,0.5847299,-0.5382703,0.27108812,-0.4234828,0.37066126,0.33474347
0.38100618,0.18098454,-0.23348188,0.60510343,0.6177611,-0.4900448,0.30980745,-0.3917125,0.33527443,0.20987496
0.20045066,0.09775861,-0.3615118,0.49602425,0.46931994,-0.5044399,0.26208246,-0.3383465,0.334131,0.13397889
0.25454974,0.06981621,-0.28343672,0.32567155,0.58942604,-0.36441886,0.24060251,-0.2985254,0.22079739,0.19013497
0.35698482,0.052777573,-0.24380471,0.3160915,0.6284925,-0.29316008,0.22741805,-0.25622436,0.16659905,0.14055763
0.12538281,0.112218864,-0.19442913,0.22783825,0.6461298,-0.38355702,0.13031365,-0.30847192,-0.01380122,0.1739639
0.19401191,0.12273414,-0.14103681,0.23252626,0.5543334,-0.3584712,0.09265366,-0.31124818,0.055575743,0.12241457
0.12592141,0.01977402,-0.13365872,0.26422822,0.5637461,-0.3405888,0.08560746,-0.22987834,0.0065129222,0.21310024
-0.04995293,0.1251342,-0.18262431,0.243458,0.47099447,-0.35736084,0.0919006,-0.34543717,-0.19629343,0.048083346
-0.07346089,0.14273086,-0.15967989,0.34526724,0.5323452,-0.3989311,0.10859183,-0.35399857,-0.16664995,0.112455025
0.010506661,0.17735961,-0.1231785,0.36268052,0.49933726,-0.42093724,0.13209566,-0.41115278,-0.117391504,0.075584814
0.047090188,0.18529348,-0.16784231,0.28294367,0.3432481,-0.4134211,0.09176247,-0.36055282,-0.14047791,-0.08079894
-0.007791935,0.111858845,-0.06927703,0.18294762,0.45271698,-0.35753256,-0.029054731,-0.31957707,-0.029948136,-0.0042175846
0.033468258,0.18290724,0.0051669762,0.31386086,0.3499657,-0.35425338,0.006366569,-0.38616124,-0.09939231,-0.10997589
-0.0638556,0.07753335,-0.057556886,0.25512558,0.24527268,-0.37137055,0.011822225,-0.26771808,0.059387457,-0.028720398
-0.005341591,0.2013959,-0.04968603,0.30851287,0.36397922,-0.39837137,0.010412123,-0.3625392,0.05978196,0.0057451986
0.047992133,0.11299088,-0.09342777,0.32286316,0.3145066,-0.37560406,0.08057902,-0.3058369,0.087522864,-0.020409357
0.17219742,0.13158469,-0.08619991,0.39200807,0.3648754,-0.36642307,0.15234125,-0.38914546,-0.018831694,-0.03425152
0.1642181,0.09240038,-0.10750379,0.3327805,0.34304315,-0.3930624,0.1020328,-0.33693007,0.046665948,0.06145408
0.25918922,0.076599576,-0.14365378,0.36625743,0.41659436,-0.35113215,0.1837281,-0.21356681,-0.023564802,0.015762826
0.25108755,0.17390014,-0.1706567,0.51332766,0.39858252,-0.4392389,0.25834048,-0.37875053,0.021566013,0.14394632
0.13310547,0.046445027,-0.18149982,0.23172322,0.4313289,-0.41279107,0.07606705,-0.18259697,0.094581984,0.17419946
0.09514568,-0.035760585,-0.15743199,0.32863432,0.4622603,-0.28141782,0.20190904,-0.11237602,0.10382892,0.17721069
0.1681743,0.07964235,-0.14934134,0.23238161,0.45768398,-0.42307627,0.05297923,-0.27455854,0.057584763,0.21916191
0.19628368,-0.008948162,-0.13209727,0.26055348,0.46439958,-0.20696227,0.1513322,-0.16944349,-0.09117279,0.008150218
0.013597601,0.011868233,-0.05238035,0.112182155,0.6485106,-0.19278406,0.041567083,-0.17335881,-0.17657503,0.017695457
-0.05910853,0.035338134,-0.030668637,0.13915487,0.540686,-0.24949774,0.045712262,-0.16894324,-0.20698616,-0.12275935
-0.054299172,0.027843444,-0.047175277,0.15189892,0.47160235,-0.27132267,-0.03014335,-0.15001257,-0.22122025,-0.15334557
-0.010973654,0.06421254,-0.13712592,0.21973298,0.33457673,-0.30656728,0.053420328,-0.222397,-0.3213472,-0.16724348
-0.06108689,0.007807111,-0.12099939,0.1348719,0.25710937,-0.2860063,0.011280386,-0.22780514,-0.04115179,-0.13458285
-0.08460165,0.00838579,-0.106355995,0.12780453,0.28207403,-0.24543555,-0.0020514252,-0.23405333,-0.18894868,-0.19684143
0.0041678725,0.100687474,-0.26003638,0.1735489,0.24220838,-0.32683235,0.059743304,-0.2723113,-0.20002079,-0.20704788
-0.13229884,0.17019716,-0.15913375,0.25703922,0.33382496,-0.34944764,0.009953155,-0.34306914,-0.18963052,-0.078381866
-0.002644138,0.20897502,-0.08246833,0.3485151,0.2950703,-0.42293283,0.029685833,-0.36135527,-0.1691993,-0.01944501
0.032121863,0.16835546,-0.07171179,0.38625666,0.43804276,-0.40191883,0.089246295,-0.3695972,-0.1326835,0.07848258
-0.033243656,0.160023,-0.070476815,0.22436976,0.31442338,-0.40755725,-0.046982005,-0.35243797,-0.10878581,-0.03343616
0.060436405,0.19110028,-0.060720578,0.36879212,0.34523112,-0.48844418,0.03984314,-0.37850365,-0.064432554,0.090034604
0.052678265,0.24392402,-0.01384,0.40958163,0.4370885,-0.503715,0.05792382,-0.49551815,-0.08318502,0.109549634
0.16633858,0.25556043,-0.0025830509,0.47469965,0.39788643,-0.5684749,0.13997489,-0.43193427,0.11347032,0.22019278
0.1916289,0.22578377,-0.061208244,0.38784227,0.3319886,-0.53551126,0.05095571,-0.39821428,0.013326519,0.120711446
0.20201191,0.24365947,-0.061634295,0.5034941,0.36588123,-0.53839594,0.17304346,-0.4725745,0.14049949,0.0966721
0.37921387,0.2859742,-0.068876944,0.6345707,0.35525292,-0.5622542,0.25909176,-0.513867,0.046916116,0.12300964
0.15416461,0.32441282,-0.09262167,0.47703147,0.3566221,-0.522342,0.22171757,-0.5398019,0.12765679,0.16018124
0.35016546,0.35067993,-0.078578874,0.5496991,0.4541985,-0.48443946,0.3080843,-0.62189823,0.00037848947,0.12604176
0.33369642,0.4534171,-0.19004454,0.6571115,0.47654173,-0.6446344,0.36873874,-0.69401103,0.109013125,0.18325119
0.29037163,0.39250237,-0.24421352,0.60802287,0.6593118,-0.6236955,0.29960763,-0.6329022,0.18166806,0.25324908
0.22736837,0.40640774,-0.30595353,0.62218875,0.6432893,-0.68912935,0.41047087,-0.709192,0.15063585,0.41574544
0.33796036,0.5229056,-0.27340195,0.6267107,0.7179438,-0.7316351,0.31771347,-0.8121051,0.36565176,0.41269255
0.4883256,0.56077546,-0.30024856,0.6554415,0.6435285,-0.7652197,0.41255075,-0.7958445,0.25453472,0.40477657
0.3925366,0.64327806,-0.30948913,0.7664172,0.6424528,-0.79184866,0.4195484,-0.8564241,0.36033887,0.33240038
0.40187627,0.5047644,-0.29103932,0.77228975,0.78573555,-0.72357005,0.37846988,-0.7772775,0.38586092,0.47942638
0.45509663,0.6232439,-0.27531517,0.81964195,0.7252904,-0.8237318,0.44578606,-0.8476797,0.38660353,0.42374763
0.69236875,0.58744013,-0.2940455,0.8164458,0.696622,-0.81219697,0.50355136,-0.8346242,0.4616964,0.5055191
0.5263775,0.5909,-0.35950896,0.8767504,0.72035086,-0.8812675,0.54954875,-0.82236224,0.5003044,0.54423445
0.77619547,0.6307749,-0.43600672,0.91931313,0.79378283,-0.87976,0.70281017,-0.8663024,0.60170907,0.65810126
0.76844317,0.4653241,-0.48938817,0.86243445,0.8383838,-0.82591414,0.61822915,-0.73688835,0.62379444,0.75354123
0.84813523,0.5476382,-0.5323459,0.80215514,0.812399,-0.8198876,0.5661798,-0.83260876,0.5046052,0.5841192
0.8257843,0.41683647,-0.58081883,0.79585195,0.8227212,-0.76072174,0.5435625,-0.7322342,0.50414443,0.66407573
0.55254,0.43510032,-0.48258486,0.7881217,0.8135541,-0.7659461,0.44292325,-0.74477476,0.55611056,0.64529145
0.64775157,0.32339552,-0.52229464,0.7057202,0.7962254,-0.6332388,0.52052134,-0.57798725,0.4690581,0.5322311
0.65990055,0.33078554,-0.3676226,0.62822455,0.8304509,-0.7095199,0.3799489,-0.5768035,0.40189087,0.6089187
0.3920772,0.25831625,-0.39054564,0.57422364,0.81943554,-0.63029635,0.24498259,-0.52418923,0.3094412,0.54745966
0.8068056,0.2923995,-0.3286649,0.58951926,0.83198273,-0.5013659,0.36262223,-0.53309345,0.11972804,0.31293905
0.60228044,0.23364723,-0.31489095,0.47361326,0.74403274,-0.57031566,0.22970046,-0.446054,0.3025756,0.41899446
0.38827592,0.2121185,-0.21325742,0.4752466,0.63777363,-0.5786034,0.16309807,-0.44447285,0.21043009,0.3567691
0.2534672,0.19322403,-0.27553684,0.4201381,0.65033895,-0.46445334,0.25457147,-0.426623,0.04566273,0.301059
0.2624942,0.15627381,-0.29012245,0.47974575,0.6951548,-0.45565507,0.29853523,-0.390903,-0.01971026,0.2880473
0.23054199,0.20875843,-0.35839653,0.4785752,0.7188918,-0.5512245,0.32896328,-0.4384585,0.06858287,0.3541087
0.29249027,0.16901806,-0.3442828,0.43640494,0.5637765,-0.52567965,0.29392025,-0.3370033,0.042901475,0.26564613
0.21960545,0.1829737,-0.2505165,0.42887646,0.5762118,-0.41634005,0.20799132,-0.39339793,0.004000456,0.24730065
0.21464115,0.2285472,-0.25662613,0.4256535,0.6610853,-0.44235608,0.24905105,-0.4444403,0.0308396,0.26138481
0.22581476,0.14911962,-0.19315831,0.37841973,0.5783048,-0.39612305,0.18363285,-0.36962643,-0.07627982,0.13914573
0.24682929,0.13881288,-0.18410933,0.43264368,0.59225863,-0.44563177,0.20877759,-0.2970621,-0.018161401,0.1143797
0.27401406,0.05920321,-0.22814892,0.29434294,0.4649386,-0.3218126,0.18544652,-0.24989335,-0.032990005,0.052005358
0.17172629,0.095432915,-0.14473923,0.30527735,0.47270393,-0.40596434,0.16119842,-0.24607891,0.088918544,0.152375
0.17678009,0.029256903,-0.15817508,0.25556046,0.41554102,-0.27262408,0.15720457,-0.24457379,-0.038668983,0.058953717
0.089571394,0.0713248,-0.11117514,0.3268755,0.39753422,-0.31364968,0.10981152,-0.3115038,-0.091756515,0.055574123
0.046648037,0.08248162,-0.10790762,0.31977716,0.4278374,-0.32340202,0.16576509,-0.2616492,-0.16656956,0.019647676
0.14683446,0.23258902,-0.101885386,0.3671357,0.4159663,-0.43551314,0.052034188,-0.4329518,-0.18761192,0.019768195
0.10480925,0.15520014,-0.122555956,0.37778404,0.502115,-0.39347082,0.18914007,-0.39678347,0.044877317,0.015021521
0.13531967,0.22509575,-0.074500225,0.45516402,0.41244182,-0.47536165,0.13455746,-0.41809973,-0.016078182,0.040787164
0.26374918,0.17614162,-0.12861939,0.4354364,0.34548014,-0.4614722,0.1762482,-0.38894176,0.12613726,0.00022732466
0.2318129,0.15700687,-0.16411734,0.38241625,0.40840513,-0.36756313,0.20647904,-0.43135914,-0.03253813,0.06502656
0.075215064,0.059532437,-0.19262925,0.27055773,0.3317176,-0.43926886,0.10742206,-0.22634473,0.024324395,0.111397184
0.3159822,0.07786508,-0.21506056,0.30049333,0.37047642,-0.30639192,0.19821978,-0.26094458,0.048029408,-0.03533873
0.009417129,0.11072019,-0.1421661,0.3379166,0.3129461,-0.38544336,0.1850868,-0.2686982,-0.063048765,0.070080385
0.12510069,0.061330494,-0.101469256,0.35171452,0.42190775,-0.4342759,0.1057094,-0.15789312,0.037079122,0.23611969
-0.023965962,0.08866225,-0.14277928,0.22852218,0.49898437,-0.41838014,0.06752053,-0.32228595,0.09468941,0.18606207
0.19756146,0.055797573,-0.1431491,0.35106903,0.5612445,-0.38079676,0.14587134,-0.21896723,0.06631841,0.25144163
0.0051674605,0.07718149,-0.16763328,0.24640875,0.394537,-0.45545402,0.0661961,-0.20974346,-0.011151515,0.120016985
0.19028889,0.0771678,-0.17120819,0.24584594,0.4097262,-0.46029425,0.05256059,-0.19243415,0.13901079,0.12434166
0.16927062,0.055051506,-0.10407471,0.30398405,0.39041746,-0.4609269,0.09955948,-0.13125546,0.19812064,0.28312248
0.12837076,-0.0037188209,-0.17049979,0.12886608,0.53548187,-0.35410058,0.052458107,-0.14612168,0.06733366,0.17905104
-0.01250552,-0.03427697,-0.0691696,0.12132097,0.47290334,-0.30889553,-0.04311422,-0.13731316,0.04868427,0.20309414
0.11075588,0.08421974,-0.09744715,0.13996293,0.5165025,-0.37125513,-0.046281405,-0.23589358,0.029578535,0.096481465
-0.013989862,-0.027462251,-0.10306927,0.13953364,0.3763569,-0.29461044,0.0022539608,-0.12815782,0.030519422,-0.0019647155
0.08333654,0.038740326,-0.09043779,0.19863048,0.37970224,-0.29563776,0.011547484,-0.24676584,-0.13605632,-0.017736735
-0.03952766,-0.09086172,-0.06539911,0.14543276,0.37031263,-0.1922126,0.051965434,-0.09254116,-0.06543537,-0.067120776
-0.015139548,-0.0132783,-0.056177564,0.19398558,0.4487546,-0.21419126,0.06493283,-0.1388714,-0.27923095,-0.031000037
-0.06352401,0.036573093,0.0057981107,0.20516759,0.4228037,-0.2753359,0.0130225355,-0.17437717,-0.19206168,-0.13257998
-0.05050993,0.041747224,-0.019166715,0.17945841,0.30262592,-0.28860924,-0.021071741,-0.18080008,-0.21323362,-0.21701415
0.1534481,0.16839562,-0.09972921,0.2759746,0.29379743,-0.362622,0.027892863,-0.33276743,-0.2017091,-0.09783167
0.07629735,0.021573951,-0.044549387,0.27938688,0.26147476,-0.31625828,0.07992648,-0.18369599,-0.04842571,-0.12943551
0.06569154,0.057547275,-0.06612068,0.33125475,0.33086902,-0.28389296,0.14264672,-0.28827834,-0.047267817,-0.123166434
-0.022179833,-0.031280816,-0.054265328,0.12538178,0.32328618,-0.25976336,0.035325922,-0.1116571,-0.05078974,-0.05535817
-0.15106332,0.019109247,-0.1294411,0.017443482,0.19365275,-0.24568644,-0.012781574,-0.1491874,-0.15716358,-0.11541338
-0.18924601,0.04009659,-0.08158519,0.08420339,0.17022742,-0.3261941,-0.06723929,-0.13252398,-0.1237106,-0.2914729
-0.2165472,-0.029964013,-0.017406732,0.040814023,0.19524905,-0.24227898,-0.094313666,-0.11037176,-0.18256435,-0.027608126
-0.23676135,-0.093736,0.015442694,0.07154546,0.31860882,-0.19997783,-0.16758274,-0.032022893,-0.30528602,0.0180875
-0.15253545,-0.036882367,-0.014975904,0.124400884,0.28449392,-0.18776295,-0.030868495,-0.13150163,-0.23469171,-0.10775335
-0.10687799,-0.049342554,0.004423798,0.123792484,0.28545612,-0.18340714,-0.090917125,-0.1282535,-0.3702969,-0.1670764
-0.09510992,0.028136633,-0.11094925,0.13808168,0.3293786,-0.2055775,0.027809689,-0.23558159,-0.29495615,-0.082693785
-0.13246278,0.06533422,-0.09846719,0.16590734,0.27461725,-0.20971571,0.0038039202,-0.25985155,-0.3970505,-0.20610616
-0.06771185,-0.045571048,-0.09516668,0.23152828,0.29642,-0.22377084,0.09130941,-0.13289373,-0.2393942,-0.117287636
-0.033939894,-0.0028338355,-0.075595185,0.15742998,0.10993964,-0.14418381,-0.0065049804,-0.22522247,-0.4198689,-0.2607522
0.06605666,0.01795686,-0.12780544,0.17694172,0.22708483,-0.22137251,0.067052,-0.22080027,-0.29883105,-0.20710543
-0.0013792971,0.09039606,-0.12876095,0.1806264,0.11444857,-0.24530469,0.025625443,-0.25762895,-0.36758655,-0.2476064
-0.11394285,0.043084115,-0.1691697,0.060256664,0.23105462,-0.2390615,-0.040288348,-0.26056054,-0.21707626,-0.11916879
0.032955054,0.08517212,-0.15347305,0.2770726,0.047842946,-0.30069935,0.1376525,-0.24917807,-0.23044625,-0.36974284
0.0033900086,0.16439156,-0.11014881,0.24319725,0.2011588,-0.33434588,0.0216063,-0.32181132,-0.2707615,-0.15529779
-0.064319424,0.055513885,-0.06899443,0.26276046,0.17093188,-0.32939243,0.04629078,-0.2050743,-0.13723797,-0.082818635
-0.0159833,0.079673335,-0.11402222,0.18218167,0.31277746,-0.29141787,0.030182058,-0.2712458,-0.2076247,-0.011193419
0.031179525,0.0972029,0.0012245768,0.29470888,0.27795246,-0.32866755,0.021128833,-0.2990525,-0.17756657,-0.06503663
0.04722602,0.1511716,-0.1043144,0.28030092,0.29207352,-0.31617206,0.05842817,-0.36847818,-0.23644601,-0.07951135
0.0968774,0.17762868,0.005514536,0.35006,0.25503328,-0.34037554,0.034120213,-0.36014813,-0.29630458,-0.16102451
0.087623835,0.15280683,-0.08367123,0.4569024,0.20183313,-0.3869069,0.20181556,-0.32974657,-0.14763515,-0.07359062
0.0027497192,0.15055807,-0.08261092,0.25207272,0.23111358,-0.3132072,0.048383523,-0.3834297,-0.2538378,-0.041005686
0.08990421,0.16423193,-0.10841468,0.35618868,0.23180953,-0.4276844,0.14722586,-0.37129045,-0.044298258,0.014824444
0.120204724,0.24427181,-0.11159048,0.43578976,0.26251084,-0.4137003,0.19860044,-0.48936844,-0.18928918,0.010104551
0.2250569,0.3964022,-0.1984072,0.61094356,0.35204852,-0.6110991,0.32189777,-0.5818458,-0.035139255,0.035912182
0.2788729,0.2534239,-0.25913337,0.45642853,0.32656723,-0.5765925,0.29929823,-0.4780798,0.06396078,0.14433494
0.3104643,0.26573348,-0.28769317,0.5748514,0.42404956,-0.62904507,0.27852586,-0.4901418,0.18910925,0.29041237
0.15779214,0.31172156,-0.2874994,0.48678812,0.41027626,-0.6374387,0.26510638,-0.58503324,0.10880226,0.21491502
0.17458828,0.22152792,-0.20320538,0.3954187,0.44892636,-0.61080694,0.14566624,-0.45907003,0.23852943,0.38318852
0.2301187,0.16554414,-0.19727778,0.449592,0.4700897,-0.48947996,0.21137844,-0.34280574,0.15286225,0.19764736
0.06056736,0.20421112,-0.09214342,0.38507283,0.46419576,-0.531198,0.11041328,-0.4501881,0.17394996,0.24449041
0.13315928,0.17767724,-0.17570484,0.43227726,0.63367033,-0.381488,0.22399782,-0.45247954,0.044337854,0.30411088
0.12427762,0.21429247,-0.06607808,0.3182237,0.59580636,-0.44711366,0.035906874,-0.40597892,0.12354446,0.10560953
0.25753808,0.28416097,-0.1647075,0.4314581,0.56875765,-0.47996858,0.19203003,-0.51189744,0.12117319,0.19573164
0.14182004,0.21344155,-0.08603641,0.41872483,0.4186631,-0.46865174,0.14989287,-0.38262966,0.059245396,0.04564844
0.04226629,0.28995493,-0.019197535,0.3391858,0.45740575,-0.435086,0.005595611,-0.57486415,-0.06347293,0.0066498877
0.19159283,0.14417517,-0.08269325,0.35443118,0.4070572,-0.3709926,0.12688565,-0.36547595,-0.074672215,0.0018821337
0.07422984,0.194578,-0.05226753,0.43695226,0.33801386,-0.44489938,0.103439,-0.4134085,-0.023689933,0.037189268
0.06498807,0.09720281,-0.064831175,0.43545213,0.37908933,-0.37892032,0.1750223,-0.33619747,-0.033417977,0.052989766
0.14565079,0.1941008,-0.09401833,0.32599264,0.45208862,-0.5232097,0.07029932,-0.37050378,-0.018747723,0.1897378
0.17351364,0.12659948,-0.1497999,0.34064093,0.42222956,-0.45514822,0.14494099,-0.3128052,0.087008074,0.17096807
0.15565956,0.2234859,-0.13160785,0.4259965,0.51162595,-0.47896877,0.14183941,-0.4296266,-0.019031744,0.20617904
0.15317178,0.09325172,-0.14725393,0.40006512,0.5673573,-0.34774244,0.19188058,-0.3268854,0.023218049,0.20631872
0.15057327,0.09287492,-0.13739304,0.31930926,0.4513833,-0.43615165,0.097047314,-0.31338623,0.05052884,0.23237613
0.03785214,0.050676335,-0.17426321,0.22499275,0.44267586,-0.34535885,0.13432881,-0.27021533,-0.017713519,0.09342935
0.09375989,0.16035339,-0.19287401,0.32092798,0.44367084,-0.47853655,0.10915197,-0.32940602,0.04826487,0.15537836
0.096983925,0.16257621,-0.15263513,0.28413227,0.37128282,-0.38299668,0.09499218,-0.35246652,-0.13514106,-0.025105683
0.09553409,0.14713126,-0.18969466,0.33224523,0.48307088,-0.3954526,0.15206689,-0.38432562,-0.009719229,0.1327347
0.08874587,0.15533742,-0.17172892,0.4161262,0.42284226,-0.39829648,0.20286325,-0.36212876,-0.14267355,0.14096452
0.11791523,0.08543377,-0.16953884,0.3617859,0.4692963,-0.42065763,0.21688429,-0.28609565,0.07133893,0.118942365
0.20144534,0.06095075,-0.17839393,0.41317934,0.5194172,-0.31401473,0.29736966,-0.28889066,0.03905904,0.055727266
0.17238656,0.009880102,-0.07954532,0.36983627,0.40230244,-0.2784705,0.18938032,-0.15441796,-0.01346538,0.083660014
0.118707255,0.104415365,-0.14979002,0.21383697,0.3739361,-0.27234316,0.12920156,-0.29360026,-0.21247813,-0.1137848
0.086713396,0.0025736187,-0.12136733,0.20549765,0.36199954,-0.27022758,0.09022224,-0.20237783,-0.19816604,-0.113342546
0.004481295,0.040891975,-0.17553194,0.17132175,0.31671226,-0.30925184,0.08185175,-0.26224223,0.013745008,-0.10546184
-0.0018693932,0.06413337,-0.09952066,0.2602776,0.2919429,-0.32993734,0.0646603,-0.2859213,-0.09259916,-0.05018876
0.12320614,0.05485147,-0.12488613,0.23142081,0.3820115,-0.32949206,0.06422303,-0.23720387,-0.106588274,0.061574947
0.14584856,0.07089672,-0.15044026,0.3098568,0.3110031,-0.34583136,0.15284228,-0.30540168,-0.05813179,-0.037003957
0.13996246,0.015843585,-0.21304616,0.12044037,0.40286863,-0.29731584,0.095399484,-0.1364068,-0.06513201,0.048716992
0.035892356,0.15574461,-0.097603865,0.25881758,0.316633,-0.36587912,0.045312095,-0.34043136,-0.067170165,-0.013835844
-0.07036659,0.11324322,-0.07979535,0.21068026,0.32324216,-0.38490906,0.021364536,-0.286484,-0.10700053,0.059503943
-0.061460797,0.08262923,0.03130463,0.15908891,0.3003268,-0.37365505,-0.0798629,-0.18770452,-0.011453306,0.027397003
-0.009963775,0.04932445,-0.019712055,0.15815294,0.3298037,-0.32356077,-0.04670752,-0.1922157,-0.11814136,0.0053603733
-0.0120652905,0.09657861,0.014553384,0.19589345,0.34493688,-0.3793023,-0.11442427,-0.21477221,-0.0015404213,0.015261925
0.012618397,0.15735003,-0.050377015,0.2686194,0.48869246,-0.46123528,-0.0051243603,-0.36460906,-0.113261364,0.13248308
0.042482935,0.11626158,0.020386262,0.28495917,0.4119714,-0.40739536,-0.0278346,-0.32603997,0.10878454,0.08808505
0.042253677,0.19172578,-0.056061048,0.30405343,0.36771607,-0.47182813,0.08629518,-0.38712117,-0.04986377,0.10364668
0.16936134,0.16636235,-0.086210914,0.36304086,0.6090796,-0.45872504,0.10617088,-0.40123966,0.14824997,0.24111347
0.025311785,0.15758486,-0.11980526,0.22110239,0.5574526,-0.5002925,0.028628571,-0.36899477,0.07932352,0.19742297
0.122767024,0.26244873,-0.10842125,0.40766668,0.41701046,-0.5866928,0.07891881,-0.46467325,0.036922142,0.21617842
0.10721035,0.19899464,-0.014422437,0.32469392,0.39455175,-0.5621776,0.02481923,-0.33896077,0.15811786,0.27245364
0.14339395,0.25177872,-0.023016902,0.38911587,0.48338553,-0.5428453,0.019971337,-0.4519523,0.21468638,0.2199353
0.06902917,0.26834634,-0.07770747,0.42657846,0.4655217,-0.54932797,0.13566549,-0.5486782,0.27318087,0.21248905
0.12811333,0.30646843,-0.13225651,0.46847734,0.46568525,-0.47680748,0.20113382,-0.5522513,0.081784055,0.046536647
0.50552994,0.2613595,-0.28125733,0.4557115,0.5720294,-0.4647705,0.18669742,-0.45908192,0.20341694,0.11893146
0.29821536,0.21484496,-0.24896751,0.43519795,0.40544516,-0.43916285,0.24679288,-0.41718587,0.09624807,0.09250161
0.3418014,0.2445718,-0.22245389,0.48418918,0.51777786,-0.48366645,0.27292916,-0.4652308,0.16114643,0.17466927
0.22834665,0.26351598,-0.21923237,0.43440336,0.35890213,-0.55137825,0.19338411,-0.45678505,0.005632993,0.114494495
0.3669398,0.26172337,-0.15042743,0.58449054,0.45469826,-0.5128252,0.30985573,-0.48542362,0.15171264,0.1352073
0.24349323,0.24148628,-0.16540274,0.4324502,0.46167275,-0.6366817,0.20871507,-0.4497898,0.14360346,0.3336594
0.5327804,0.2530666,-0.19459957,0.50093704,0.6052606,-0.6325124,0.21112463,-0.49416178,0.22826393,0.47484887
0.3552611,0.28262275,-0.11243862,0.5893439,0.65383726,-0.6039321,0.19798045,-0.50805885,0.28763786,0.31882837
0.6798087,0.25883496,-0.1970164,0.665626,0.49536029,-0.5184145,0.3735189,-0.503751,0.20955035,0.12525204
0.72770745,0.3454477,-0.24116267,0.6679489,0.46497506,-0.57505995,0.3509095,-0.61297596,-0.09007617,0.12587611
0.7898702,0.2736563,-0.2405822,0.64409155,0.42447558,-0.59014654,0.40011168,-0.51540464,0.17800975,0.15532778
0.3974529,0.2532302,-0.312791,0.5225678,0.3213017,-0.60839677,0.3005065,-0.4702107,0.089520514,0.10981109
0.5090293,0.28063452,-0.31729943,0.5495217,0.33444643,-0.619259,0.3820974,-0.49113643,0.24447438,0.1533166
0.3987121,0.27366075,-0.25465786,0.59618765,0.35731718,-0.5777182,0.3250684,-0.50939023,0.097783916,0.11336026
0.22836894,0.24807602,-0.18481594,0.4411595,0.40336633,-0.5772134,0.19993816,-0.4445851,0.15846872,0.22597262
0.20513824,0.15534388,-0.20735571,0.35111633,0.32442883,-0.42015862,0.086916976,-0.4277674,0.21623479,0.022050152
0.19138691,0.24321866,-0.2575995,0.45381692,0.514549,-0.43394876,0.19402044,-0.44155294,0.119217865,0.1578904
0.25698182,0.22523078,-0.31602594,0.41887268,0.4339367,-0.4027981,0.2708586,-0.45201677,0.099237636,0.021690885
0.34365913,0.20878829,-0.23250039,0.4737331,0.4177893,-0.40257826,0.21267201,-0.43094036,0.13489254,0.06527358
0.26198077,0.24043465,-0.22316611,0.46747956,0.51449364,-0.41162443,0.24998342,-0.46910092,-0.05286745,0.18143591
0.34427372,0.19232163,-0.17255089,0.46391872,0.44186792,-0.40194675,0.23540093,-0.41508326,-0.06560668,0.06196982
0.27260798,0.2200687,-0.13045076,0.47402114,0.4080054,-0.4097341,0.21431859,-0.43141294,-0.09920243,0.0012600862
0.3309888,0.1238119,-0.18043192,0.4355115,0.392287,-0.27911088,0.25121707,-0.43491754,-0.059733205,-0.025425913
0.35490537,0.08428189,-0.20566146,0.47465104,0.30361575,-0.34831724,0.27971056,-0.32017538,-0.1033336,-0.009747896
0.26653436,0.047149222,-0.21831909,0.29737628,0.42267358,-0.24383442,0.2513911,-0.27291238,-0.11561641,-0.0036638663
0.62360996,-0.015952507,-0.15902235,0.25062877,0.35374442,-0.25045606,0.18569233,-0.09181966,-0.14714728,0.00283768
0.5077023,0.040973183,-0.16972168,0.20158887,0.42752007,-0.3600397,0.10376705,-0.12651779,-0.1703293,-0.033975646
0.12066942,-0.017189076,-0.17426991,0.16963415,0.4029141,-0.29319856,0.06638783,-0.12366466,-0.20078719,0.09224317
0.19640675,-0.048094377,-0.12327702,0.21664068,0.38314477,-0.26186076,0.073871076,-0.09985669,-0.15593402,-0.004572464
0.16563055,-0.08725036,-0.09479596,0.18292952,0.38114506,-0.15630369,0.09707236,-0.12107394,-0.21578409,-0.11787599
0.11670363,-0.14752926,-0.16639167,0.052219294,0.34885478,-0.21061106,0.008876672,0.013728492,-0.13154808,-0.07513942
-0.05931013,-0.09731388,-0.080519006,0.12244173,0.26381865,-0.23592928,0.0108643,-0.011063228,-0.24220262,-0.1727483
0.010692166,-0.13406475,-0.10870707,0.070961334,0.35018265,-0.19029222,-0.042278524,-0.0148165785,-0.22728603,-0.060024586
0.035639808,-0.15493375,-0.113690324,0.16779247,0.3009042,-0.10023168,0.09998312,-0.024434645,-0.2751957,-0.1812874
-0.017594505,-0.105263755,-0.09014306,0.074594185,0.32043156,-0.21999945,-0.022713717,-0.029659823,-0.2585077,-0.16948898
-0.014420852,-0.09309616,-0.11206923,0.037357647,0.24750249,-0.18607202,0.009941876,-0.06374434,-0.1662429,-0.21878557
-0.10819379,-0.060929727,-0.09446105,0.038372397,0.267463,-0.21210462,-0.040689446,-0.11626257,-0.15792367,-0.1433128
0.0151809435,-0.031948224,-0.063433416,0.095777586,0.33200234,-0.27387765,-0.058910534,-0.09536894,-0.15496695,-0.056570835
-0.12837927,-0.12875359,-0.0768016,0.06685212,0.20344426,-0.19548179,0.010860455,-0.03260665,-0.1189429,-0.17691174
-0.038871206,-0.016870612,-0.0775208,0.15580305,0.2495557,-0.32241592,-0.0073223147,-0.1182887,-0.02028882,0.042521242
-0.14520808,0.048342127,0.005888975,0.13633889,0.26786882,-0.35694128,-0.100041285,-0.13574955,-0.0446094,-0.019720366
-0.024298154,-0.11655231,-0.09436234,0.05763494,0.4630182,-0.24105336,-0.02885771,-0.03132773,-0.0791444,0.084112026
-0.042573743,-0.018572757,-0.07171735,0.14595509,0.39138806,-0.38851318,-0.06422023,-0.06477883,0.011946579,0.15227018
-0.18283364,0.05123301,-0.08600176,0.23398402,0.34077293,-0.43822742,0.0254981,-0.17482723,0.0062936163,0.11000619
-0.033593435,-0.041935943,-0.11215607,0.149668,0.3760633,-0.38467142,-0.018533893,-0.069338076,0.052390944,0.20361067
-0.049509156,-0.001042008,-0.052330747,0.17498493,0.4167144,-0.43529558,0.005658648,-0.109974094,0.03664575,0.25949737
0.11587204,-0.026814483,-0.056048214,0.23046207,0.43987247,-0.238657,0.028832726,-0.13680704,-0.042694066,0.06946727
0.020054907,-0.060547825,-0.10604119,0.16595517,0.4325675,-0.23512954,0.10519197,-0.08514641,-0.052441247,0.038025394
0.029857611,-0.037069686,-0.10654433,0.13934684,0.35784522,-0.26056957,0.047841612,-0.09820264,-0.17188528,-0.025109153
0.038068656,-0.06828286,-0.08954417,0.10451426,0.37989724,-0.24073333,-0.022577457,-0.095888466,-0.12349698,-0.025496962
-0.034649525,0.0020780235,-0.08826848,0.1384516,0.34940472,-0.28846642,-0.035927083,-0.15191694,-0.24088405,-0.137766
0.002885792,-0.042904872,-0.076426044,0.09698677,0.31791836,-0.27166376,-0.048889045,-0.0862348,-0.15180975,-0.14802924
-0.0023553998,0.037138272,-0.0035523772,0.2180886,0.22992171,-0.29032922,-0.033028923,-0.13785504,-0.2949897,-0.21625686
-0.12084482,-0.018814921,-0.084491834,0.045835957,0.20855077,-0.22571892,-0.06478267,-0.10490245,-0.21883781,-0.15243497
-0.102043815,0.064962946,-0.07112824,0.18755747,0.35825568,-0.36987743,-0.010474068,-0.18361653,-0.058426585,0.02341151
-0.05359155,-0.019214947,-0.058197938,0.20487559,0.20721051,-0.30161047,0.019081123,-0.12963147,-0.12242258,-0.14461058
-0.047700558,0.023315614,-0.08531058,0.14320135,0.33499488,-0.32556832,0.006886418,-0.15544683,-0.02917789,0.02736837
-0.09288153,0.03692911,-0.025893845,0.091837496,0.29910463,-0.23316441,-0.031356283,-0.165912,-0.33843106,-0.05539644
-0.10356042,-0.0063936883,-0.060027167,0.08113157,0.39596373,-0.24840392,-0.11491768,-0.19209096,-0.22117598,-0.049812853
-0.12071621,-0.014473754,-0.07231754,0.122398846,0.2947003,-0.19018033,0.005923984,-0.16142505,-0.30321267,-0.14244814
-0.12747535,0.053007197,0.008228653,0.19921193,0.27207085,-0.2588838,-0.123910554,-0.198192,-0.36560032,-0.2174939
-0.14661887,0.005551311,-0.04746917,0.1395716,0.20259371,-0.23669583,-0.010278474,-0.21756274,-0.19653325,-0.17253438
-0.06508885,0.09627976,-0.027030714,0.20145108,0.13371424,-0.32690516,-0.02285872,-0.24217996,-0.20574582,-0.19070181
-0.04327781,0.18095767,-0.081608824,0.2646109,0.19605556,-0.36503747,0.057503078,-0.31098002,-0.16851702,-0.23841503
-0.020134969,0.038604435,-0.015358611,0.23809151,0.26198947,-0.3244615,0.0029813112,-0.21606961,-0.08825944,-0.039470214
0.05986337,0.073524475,-0.11632118,0.2646815,0.298662,-0.32785654,0.09138098,-0.30552635,-0.022193408,-0.10884928
0.007271346,0.0073811114,-0.065420076,0.08173917,0.28846088,-0.29426977,-0.062351983,-0.16168268,-0.0033134697,-0.09122744
0.106270656,0.041024208,-0.08571334,0.3124423,0.29716486,-0.34490994,0.074208245,-0.21882547,0.040304333,0.053153843
0.1071885,0.1463447,-0.11489084,0.29970327,0.4058842,-0.36792308,0.04191323,-0.36616096,0.049409848,0.036807872
0.20494358,0.17816624,-0.11266205,0.41272065,0.3952976,-0.3812358,0.15184145,-0.43842927,0.1794165,-0.032508552
0.25604805,0.22883876,-0.079069436,0.53617585,0.3853975,-0.48359752,0.22279471,-0.44200155,0.11200031,0.03871635
0.15671213,0.24221475,-0.07649606,0.42821687,0.32758594,-0.4839085,0.11973281,-0.41389462,0.09093316,0.0054918868
0.25020468,0.20608981,-0.07174392,0.5223255,0.46248487,-0.42319646,0.2617056,-0.44774148,0.120300494,0.113045275
0.12114167,0.19268273,-0.08614943,0.39533567,0.27714294,-0.49779034,0.1471208,-0.36863694,0.04832548,0.101742275
0.22499372,0.2266817,-0.1420639,0.36185357,0.4304281,-0.40463632,0.15812816,-0.51011515,0.026856147,0.0824325
0.069532126,0.20997714,-0.2412283,0.37306708,0.3460011,-0.5167266,0.20221952,-0.3294015,0.10614648,0.10667758
0.02383478,0.25161606,-0.21265523,0.32722947,0.3489493,-0.570785,0.13566336,-0.44985452,0.07228106,0.17232195
0.26008466,0.25569797,-0.14129767,0.540061,0.45143634,-0.536379,0.22317973,-0.4607377,0.07206416,0.2598463
0.26762304,0.3443765,-0.13122125,0.52841103,0.44413435,-0.63110715,0.23222643,-0.560701,0.19086833,0.306816
0.19295605,0.23805854,-0.16339202,0.49542677,0.47248763,-0.51555026,0.24724391,-0.46190423,0.090468064,0.30372614
0.55191076,0.2864909,-0.21540658,0.503432,0.5783656,-0.5185615,0.27310845,-0.53898394,0.042910874,0.31476465
0.4241824,0.29282516,-0.23852913,0.5719862,0.5060835,-0.49205175,0.33735824,-0.53122956,-0.027328573,0.21497881
0.3269414,0.2731926,-0.21508768,0.40645364,0.45233756,-0.49576202,0.18556061,-0.5283303,0.07805498,0.19511272
0.1781139,0.28023267,-0.2385891,0.40579745,0.38468453,-0.6042218,0.23931657,-0.43877754,0.08992615,0.13560626
0.2969788,0.32757378,-0.19156848,0.4850042,0.41276428,-0.49248746,0.23441838,-0.539139,0.08156104,0.07910316
0.30583575,0.31014827,-0.15879335,0.5497197,0.42041838,-0.5915096,0.20982313,-0.5283891,0.09257824,0.25147295
0.39506418,0.26027706,-0.13212115,0.542095,0.45516396,-0.49643752,0.22273839,-0.47026706,0.06783204,0.17421055
0.4700557,0.3042014,-0.19523194,0.5084505,0.46786267,-0.58984476,0.20144737,-0.534365,0.20144472,0.23375593
0.20673649,0.19878592,-0.106356494,0.32805002,0.39959538,-0.44786945,0.061251014,-0.4521945,0.12658967,0.14884162
0.18827507,0.18968633,-0.10959255,0.43637753,0.47943905,-0.4973934,0.14893137,-0.38993698,0.17284839,0.27857763
0.27211168,0.18341878,-0.10465902,0.4027231,0.38667402,-0.46685782,0.12598312,-0.37631825,0.12989223,0.07580006
0.25552452,0.10884089,-0.14288858,0.3418602,0.38749954,-0.41911116,0.0983064,-0.29454744,0.23096628,0.09283891
0.35638413,0.116237916,-0.16557154,0.42302048,0.30696136,-0.5187308,0.1668521,-0.25990498,0.21705246,0.20824929
0.26469138,0.16327097,-0.099008866,0.3925801,0.5932018,-0.5558491,0.07777014,-0.29729202,0.23627585,0.29626736
0.10642963,0.024935618,-0.11275555,0.30012858,0.5300588,-0.54155207,0.02764897,-0.15605375,0.3576555,0.46375066
0.049335767,0.024356881,-0.026327098,0.18831523,0.49559256,-0.33182716,-0.011416431,-0.20730688,0.13697252,0.048376765
0.004364861,-0.024106704,0.09860729,0.075945504,0.6751532,-0.28478923,-0.06855966,-0.12106752,0.15848613,0.12803398
-0.011226675,0.06687207,0.04359239,0.16922149,0.5367382,-0.3356243,-0.02465745,-0.23782378,-0.0607363,0.08234666
0.15446103,0.105723396,-0.011149794,0.34420794,0.5562437,-0.37275314,0.10292325,-0.2692175,0.12528972,0.10794558
0.108134046,0.10440735,-0.039789625,0.28562456,0.5483146,-0.29981655,0.08681689,-0.29620105,-0.19488385,-0.04317709
0.14514752,0.054223426,-0.12973674,0.25305715,0.49601313,-0.3485288,0.10641121,-0.26765457,0.11352782,0.084222995
0.16043139,0.15986845,-0.11084447,0.31738546,0.4150198,-0.30799642,0.12081062,-0.35104024,-0.08190271,-0.055104066
0.14019963,0.12438008,-0.13178675,0.38711032,0.36897197,-0.38271865,0.1802672,-0.3234658,-0.020641249,-0.04869195
0.13815337,0.06779042,-0.16345188,0.24388276,0.37188536,-0.32574505,0.14562958,-0.28136274,-0.02732822,0.025100918
0.24306178,0.15860268,-0.19845213,0.3660423,0.41561913,-0.37435904,0.22159693,-0.36508042,0.028304853,-0.02545452
0.22477835,0.13421665,-0.22512308,0.42046905,0.40065774,-0.3545161,0.2333243,-0.34321097,-0.004889747,-0.01970221
0.32890856,0.2378844,-0.22925223,0.5140094,0.39785635,-0.53505045,0.29347375,-0.46097237,0.09959345,0.16518131
0.20439,0.21329315,-0.22607464,0.4409538,0.30736148,-0.5447835,0.1944174,-0.4392209,0.14908327,0.052767213
0.29724076,0.19024177,-0.20792107,0.4106972,0.46982184,-0.50574625,0.18391217,-0.39937943,0.053290382,0.25076526
0.30028075,0.2580956,-0.17595306,0.50535995,0.4099458,-0.5259437,0.14044078,-0.5093541,0.17335483,0.1861346
0.43556687,0.26252726,-0.21904078,0.46612662,0.37532678,-0.48693892,0.23049892,-0.5265112,0.14141032,0.06498132
0.31080934,0.27174506,-0.17759438,0.47172216,0.4501516,-0.5722911,0.20894957,-0.49225774,0.11455176,0.24020658
0.29584348,0.25327298,-0.16824539,0.4909673,0.36749437,-0.5243857,0.1902677,-0.44547498,0.15303488,0.12315968
0.23233776,0.29560858,-0.19451085,0.5504451,0.36934042,-0.5263791,0.26573402,-0.5505072,0.09836982,0.087831594
0.5614,0.2854498,-0.17713991,0.46439704,0.4062545,-0.535214,0.18103644,-0.50676614,0.07377387,0.14562239
0.33887333,0.25411043,-0.13380091,0.5786161,0.39388746,-0.4854501,0.26814026,-0.48812103,0.12726656,0.12046511
0.3107552,0.2980169,-0.19245878,0.51342195,0.44863704,-0.5689165,0.29758373,-0.54221624,0.09863776,0.25778753
0.51797014,0.39947855,-0.2761399,0.68585896,0.5369231,-0.52917314,0.41478497,-0.66162646,0.09630461,0.1428479
0.39815462,0.3921408,-0.12558627,0.6689458,0.4546404,-0.63467735,0.23983587,-0.6028319,0.17572556,0.17386396
0.35034344,0.48202944,-0.1578311,0.6320173,0.53830475,-0.5897505,0.34020764,-0.73067224,-0.006341737,0.10925406
0.25098145,0.27538913,-0.09667132,0.5643867,0.41746348,-0.5432073,0.23492979,-0.48385486,0.1320272,0.24037987
0.437782,0.4017007,-0.1702158,0.71965325,0.4637741,-0.5729454,0.40168884,-0.6756704,0.12643096,0.109163225
0.39450106,0.35974574,-0.16933595,0.6371147,0.52348167,-0.5897975,0.3632642,-0.609165,0.074180596,0.23259096
0.54955107,0.37014276,-0.35566393,0.67008126,0.6205076,-0.68881536,0.38018978,-0.6114712,0.31065667,0.39864728
0.34350452,0.34410307,-0.28443298,0.6682758,0.71135944,-0.5882368,0.32746413,-0.62041134,0.17954127,0.39937577
0.3954272,0.36779675,-0.23043899,0.74146813,0.7736864,-0.5150827,0.3991074,-0.60333484,0.28639597,0.28660607
0.6663941,0.34946474,-0.3305477,0.6484611,0.6416158,-0.5703113,0.39243102,-0.61683464,0.18989818,0.34509018
0.43617463,0.3575115,-0.29844356,0.67011726,0.6385548,-0.55971646,0.36919737,-0.60961825,0.13808246,0.28953743
0.6835892,0.35308343,-0.24369079,0.73644525,0.49331886,-0.62487614,0.42334077,-0.6157852,0.3261516,0.16072735
0.7231232,0.33634093,-0.31422785,0.7394197,0.5133288,-0.576642,0.5053958,-0.60656357,0.29770005,0.19211587
0.84865236,0.40950942,-0.40535548,0.7770151,0.46344814,-0.69878584,0.572626,-0.7098575,0.23427597,0.27440664
0.48858628,0.3450632,-0.3292244,0.53776777,0.4337537,-0.6316677,0.3886058,-0.5706568,0.26946855,0.20119031
0.6730355,0.5326793,-0.46511364,0.7720763,0.5164739,-0.82756805,0.53159446,-0.7639437,0.44130582,0.42408165
0.53117543,0.4710324,-0.5816468,0.69268423,0.64568573,-0.7553362,0.51826423,-0.76187325,0.3797956,0.4425215
0.5338548,0.54902935,-0.5065105,0.8324499,0.7011549,-0.8134563,0.6319421,-0.77843904,0.5583264,0.5022011
0.55028033,0.36088124,-0.6194609,0.7682732,0.70315015,-0.7442756,0.56472516,-0.62288576,0.47438645,0.51418597
0.4114975,0.4607581,-0.4816966,0.7421754,0.7939567,-0.68113905,0.4925363,-0.7132415,0.44261795,0.44102806
0.42888042,0.29587984,-0.42811358,0.66880506,0.5060111,-0.60242605,0.34991202,-0.6173995,0.2935036,0.36507037
0.47485533,0.34016287,-0.42839527,0.60372025,0.7101082,-0.57331496,0.3342478,-0.6113045,0.27697808,0.37557122
0.39927122,0.32913116,-0.23983526,0.60726446,0.6231452,-0.6211391,0.29014486,-0.5789136,0.2756278,0.37755564
0.34250084,0.3657548,-0.29274502,0.5821419,0.7248378,-0.59865373,0.31171066,-0.6034207,0.23735444,0.32181594
0.35360548,0.25771034,-0.3840259,0.55514216,0.49993107,-0.53610307,0.39435044,-0.5190226,0.24950501,0.24537432
0.5894169,0.2568986,-0.4328797,0.4568922,0.58994645,-0.56165963,0.3588959,-0.45196018,0.26266602,0.29094917
0.38862205,0.13662103,-0.38918865,0.5320194,0.45490053,-0.35408905,0.27189824,-0.39196527,0.11644602,0.04999485
0.3618511,0.22040682,-0.34760377,0.42973778,0.58173525,-0.50312674,0.28203395,-0.40319094,0.1287288,0.23736885
0.6218911,0.1783886,-0.28112608,0.4330692,0.4807418,-0.51344156,0.24773444,-0.3512383,0.09272556,0.19285439
0.2780041,0.12577343,-0.3101074,0.44837287,0.3102969,-0.56711966,0.2780248,-0.30362102,0.2168794,0.12635309
0.36098784,0.13820602,-0.2173379,0.540995,0.44855505,-0.4703878,0.27362156,-0.33717817,0.16168095,0.16088755
0.33235556,0.16604917,-0.2111696,0.4313693,0.4002453,-0.4030868,0.23867382,-0.36695725,0.10793214,0.06374353
0.54456633,0.18032965,-0.25805834,0.57300854,0.517745,-0.3923308,0.39049047,-0.38744313,0.11546347,0.07475364
0.2834857,0.14663482,-0.17248005,0.44312373,0.34722936,-0.3712772,0.25887507,-0.3835613,-0.0039477143,-0.038039174
0.21492264,0.16376598,-0.20167826,0.32732406,0.5977007,-0.4263449,0.17416283,-0.34709173,0.099508695,0.17708462
0.14076495,0.21904977,-0.16338734,0.29924586,0.39068842,-0.47420296,0.07599142,-0.3754969,0.0930371,0.07928205
0.1843143,0.22676909,-0.12408402,0.39339432,0.4089801,-0.44142604,0.11606013,-0.4597183,-0.013770432,0.0651958
0.1564843,0.23445038,-0.2224918,0.4488488,0.431652,-0.5707393,0.22049668,-0.43970597,0.14985973,0.19882378
0.10114822,0.2621246,-0.18283929,0.41600838,0.47595578,-0.43072298,0.19231762,-0.50054294,-0.04617758,0.08312911
0.24321467,0.25950992,-0.17945133,0.57980394,0.3853508,-0.5428289,0.2818151,-0.48065028,0.1556773,0.16183163
0.22774513,0.22699308,-0.30151486,0.47796124,0.43134218,-0.6183024,0.25590554,-0.45183173,0.13698098,0.26175836
0.44109833,0.21994998,-0.37926683,0.69913656,0.57078093,-0.6104426,0.33929765,-0.4722451,0.42380297,0.28793943
0.37195656,0.21870124,-0.3764555,0.58488846,0.4924198,-0.6250664,0.4253576,-0.432381,0.18122035,0.32575166
0.5012633,0.25873885,-0.32770145,0.5064616,0.73741126,-0.4957458,0.27694938,-0.5002133,0.21660224,0.33784723
0.31251842,0.20072357,-0.2959272,0.41657168,0.5283098,-0.38149446,0.27963036,-0.4532534,-0.043577176,0.18216683
0.31550714,0.26050678,-0.29240555,0.49642172,0.57118213,-0.57959026,0.23293172,-0.5182751,0.13140602,0.31192794
0.39217037,0.28224346,-0.1994459,0.581373,0.5425541,-0.5549948,0.27351347,-0.49686423,0.13897301,0.35373515
0.22818573,0.29342082,-0.16078852,0.5870095,0.5338184,-0.66327703,0.25145566,-0.57328975,0.24192718,0.39087075
0.3382076,0.20068295,-0.14385657,0.5667603,0.4789283,-0.47318655,0.20847562,-0.41945863,0.13270938,0.3700321
0.19734892,0.21060066,-0.22431158,0.29622814,0.6246096,-0.4417639,0.17406215,-0.4720034,0.0013824692,0.32631433
0.3672265,0.19637825,-0.19815165,0.37978256,0.54813844,-0.40163785,0.18889058,-0.39381897,-0.01750009,0.19867276
0.22278649,0.22531211,-0.23480935,0.4229259,0.62514114,-0.48697767,0.12715732,-0.42987138,0.06345873,0.19334543
0.3346199,0.14844587,-0.19201557,0.4406548,0.5410636,-0.42509183,0.23334734,-0.31212938,-0.07059847,0.21183644
0.24357401,0.15405005,-0.15175676,0.4020652,0.4839421,-0.3526828,0.1936594,-0.3754881,-0.1529406,0.12385255
0.20567602,0.09613237,-0.22056027,0.31389648,0.5047076,-0.33721143,0.23525813,-0.28817523,-0.038736094,0.11331616
0.110273786,0.19240819,-0.18497439,0.39513913,0.49960065,-0.41044232,0.19709611,-0.40982255,-0.05583762,-0.009542444
0.11276278,0.24427618,-0.1931526,0.43150926,0.43924055,-0.48260832,0.20207477,-0.4372996,-0.008053553,0.026984137
0.19955604,0.22488998,-0.17041683,0.445896,0.37505287,-0.49369,0.2056532,-0.46101943,0.15034401,0.09749536
0.24438451,0.19862206,-0.23688802,0.4376352,0.42451972,-0.5390242,0.19670807,-0.43429315,0.24124782,0.16513525
0.15191552,0.19861361,-0.17050305,0.3727162,0.49202996,-0.48864734,0.14136341,-0.41622186,0.075041175,0.2166642
0.23828489,0.204795,-0.1589934,0.35558978,0.50907236,-0.49812612,0.09595045,-0.43353632,0.14622092,0.25349128
0.1818685,0.22525471,-0.10701871,0.40664375,0.599698,-0.4341253,0.14014219,-0.45912158,0.010991161,0.17575645
0.29343584,0.1680167,-0.18198736,0.3680807,0.5574218,-0.42811745,0.14738126,-0.41087824,0.17398955,0.17170857
0.18953155,0.14187497,-0.09432502,0.40854526,0.5950842,-0.44170064,0.14546302,-0.34789887,0.16493367,0.1870145
0.34390345,0.14406316,-0.16015771,0.4570503,0.4688537,-0.46440437,0.2574953,-0.31303108,0.15921149,0.22700441
0.11051313,0.13696872,-0.19614317,0.21793218,0.5535753,-0.38468114,0.12408354,-0.3375715,0.06389091,0.1474154
0.165517,-0.0017099066,-0.13655233,0.2850042,0.5103805,-0.33959657,0.12713687,-0.19912526,0.29089138,0.15005633
0.20994402,0.11421118,-0.1457279,0.25687554,0.48041934,-0.44423383,0.039057896,-0.23790866,0.06022513,0.16057858
0.41214073,0.0741804,-0.105953954,0.25132048,0.50716835,-0.27527514,0.1466841,-0.16563477,-0.044910107,-0.007001777
0.1525197,0.05356173,-0.11535739,0.22228456,0.26885244,-0.357955,0.027474714,-0.17098007,0.034913767,-0.085529156
0.014181982,-0.008559287,-0.12924483,0.23052873,0.24458136,-0.3056005,0.10880046,-0.1661734,-0.116132915,-0.14020826
-0.044316325,0.055307128,-0.057938106,0.24779223,0.29094815,-0.42187527,-0.027899146,-0.13737959,-0.0035587994,0.09137039
0.03849124,0.011883519,-0.063386634,0.28105515,0.34927487,-0.35719988,0.013335421,-0.0888626,-0.11332487,0.096867844
0.17740995,-0.046045963,-0.06584761,0.2417374,0.3956618,-0.20653662,0.0964572,-0.10269661,-0.068460226,-0.088883385
0.021992184,-0.08493887,-0.048778653,0.2260696,0.3243292,-0.20228592,0.089956455,-0.041017983,-0.20764795,-0.1413585
0.023793237,-0.11506257,-0.117533065,0.031214777,0.3246708,-0.11466335,0.0018422732,-0.04214961,-0.26578146,-0.1666698
-0.06101889,0.02309886,-0.14528437,0.10183931,0.18464239,-0.1688744,0.019138686,-0.21883991,-0.2722974,-0.263148
-0.16330439,-0.055346765,-0.1602682,0.1341913,0.13342205,-0.16681895,0.038728215,-0.16110112,-0.37849176,-0.3452922
0.046652604,0.023045527,-0.056578528,0.23412332,0.15679304,-0.20497234,0.04892915,-0.22522494,-0.3133559,-0.24658981
0.0005611274,0.01102531,-0.04898432,0.19957241,0.24691601,-0.2719138,-0.010632755,-0.16732976,-0.28759387,-0.26962954
0.0071049104,0.02430303,-0.08845418,0.21791317,0.190495,-0.20560293,0.08666047,-0.24174155,-0.29856545,-0.39593634
-0.009906147,0.038982328,-0.067694984,0.28930154,0.1354425,-0.26741683,0.066320784,-0.21165816,-0.3000339,-0.20441361
0.14761363,0.050773554,-0.022690767,0.36126375,0.17382003,-0.2385449,0.10892241,-0.2877002,-0.35398996,-0.26905206
0.07389375,0.16640253,-0.04166022,0.3140737,0.023576956,-0.32539257,0.091797136,-0.33161443,-0.21081859,-0.28236452
0.13096014,0.16217972,-0.06981088,0.32353503,0.23930539,-0.3064017,0.093710594,-0.36109763,-0.3098332,-0.24180673
0.18817934,0.16773483,-0.06749742,0.38134775,0.1260629,-0.38585916,0.10765375,-0.3310871,-0.2829295,-0.15874478
0.15150866,0.2169792,-0.13692626,0.42206562,0.23628567,-0.3350396,0.21958657,-0.44719824,-0.25958675,-0.17354342
0.12686774,0.24814644,-0.10802978,0.3873174,0.09225682,-0.46711984,0.13588977,-0.41957843,-0.19974034,-0.052886717
0.11568027,0.19750774,-0.14352092,0.40794727,0.15118837,-0.4023005,0.18773465,-0.37979868,-0.08797756,-0.0773136
0.22116378,0.16407566,-0.16265066,0.4450592,0.21117757,-0.3988284,0.25407982,-0.3780478,-0.024705581,-0.04302254
0.14170432,0.12309484,-0.16175914,0.37274832,0.1799407,-0.39939353,0.20767307,-0.31578225,0.023307482,-0.05182407
0.07436588,0.13561489,-0.11652738,0.34158495,0.2567085,-0.37297705,0.15188858,-0.3698355,-0.09131517,0.002270918
0.106194,0.21437265,-0.12850623,0.34551185,0.3869137,-0.48098558,0.10632863,-0.3770693,-0.017245676,0.09186127
0.14999008,0.2696728,-0.150553,0.31396127,0.34843642,-0.41789344,0.11394729,-0.52254826,-0.20663832,0.019570578
0.04845329,0.21607544,-0.067632355,0.32553533,0.35938907,-0.43211922,-0.0003360361,-0.4023638,0.031037953,-0.051286556
0.11538561,0.14253187,-0.0468772,0.33946726,0.36129925,-0.42723107,0.045409154,-0.32924598,0.06968353,0.065341495
-0.023871223,0.12386755,-0.113517076,0.24479343,0.3295041,-0.4759914,0.06686478,-0.23664899,0.09019726,0.08353634
0.1787585,0.18862043,-0.13724716,0.4067963,0.41955075,-0.40694427,0.1569153,-0.43990028,0.07867019,0.04341826
0.14570805,0.15328316,-0.11864424,0.31410986,0.55486846,-0.43352863,0.0922022,-0.38680297,0.18464532,0.17843086
0.1848465,0.19339171,-0.14227186,0.4648853,0.38744414,-0.43929622,0.19847888,-0.45275712,0.12423475,0.026383959
0.11750025,0.22251531,-0.13527657,0.4388573,0.4393261,-0.5537516,0.1382033,-0.43529195,0.124068156,0.15458487
0.24721068,0.21559419,-0.14011136,0.5901677,0.31098178,-0.47839683,0.33144978,-0.43942994,0.11646027,-0.014840042
0.22940543,0.21486425,-0.15287538,0.42453232,0.25535965,-0.49322566,0.14820492,-0.40334603,0.067625195,0.04327081
0.22538052,0.096144,-0.22022858,0.45632705,0.16906375,-0.46744266,0.24542071,-0.3109489,0.31682637,0.061642785
0.3352983,0.21845129,-0.22711615,0.58365434,0.22711785,-0.6218187,0.26936242,-0.45842388,0.269803,0.16400708
0.2318418,0.11495681,-0.21995038,0.47473124,0.33290383,-0.50006217,0.27495646,-0.3011294,0.25338626,0.17989086
0.44048205,0.075654894,-0.3374975,0.34117237,0.35713366,-0.42248097,0.29368404,-0.26954123,0.24085116,0.17135319
0.20977692,0.27827308,-0.3063442,0.47164366,0.46281213,-0.50786304,0.30462626,-0.4567639,0.21790455,0.23463972
0.07072947,0.1144174,-0.34938312,0.26452246,0.49427477,-0.35975033,0.2767785,-0.3157592,0.082937546,0.19520772
0.25937986,0.1857138,-0.28807083,0.34469366,0.47752386,-0.40283066,0.19924785,-0.40293357,0.08131807,0.056330975
-0.005021664,0.19662786,-0.24604948,0.23405549,0.29055205,-0.4404838,0.05549546,-0.3847747,0.005766082,-0.061889164
0.054640964,0.21774605,-0.15039009,0.40989345,0.3399605,-0.47871312,0.11456837,-0.39993885,0.074353136,0.043551907
-0.009630866,0.18028432,-0.15290341,0.2958821,0.3191936,-0.5405319,0.020347483,-0.3510116,0.2821065,0.1364199
0.004386479,0.22934479,-0.15320586,0.27653283,0.27186486,-0.4137642,0.024464121,-0.41201752,0.06492556,-0.015530082
0.14795515,0.10965992,-0.10638982,0.37633762,0.380149,-0.38560796,0.1136755,-0.33281004,0.19021839,0.08643704
0.15081172,0.16179962,-0.12870875,0.35621047,0.36117786,-0.3868465,0.11786872,-0.40444165,0.08546994,-0.02958236
0.021146184,0.11668529,-0.10313996,0.20823836,0.31025416,-0.33095893,0.010366359,-0.32434264,0.031097932,-0.016804276
0.16200759,0.16071615,-0.139166,0.49003813,0.38374513,-0.41758364,0.2349892,-0.3448042,0.05883948,0.007931438
0.108477004,0.113097355,-0.08972793,0.3300925,0.25091657,-0.40706378,0.07873785,-0.32323122,0.019579433,0.015556451
0.160537,0.21485391,-0.12064025,0.36644343,0.39704683,-0.45887685,0.14703928,-0.37889576,0.025499582,0.06418981
0.18628517,0.26417455,-0.07887012,0.34529427,0.30305848,-0.534917,0.037809458,-0.41312262,0.12403468,0.10564462
0.23763278,0.20512304,-0.027326938,0.45674396,0.38548902,-0.49641466,0.14646854,-0.39005452,0.22562388,0.1030564
0.4031919,0.2312251,0.06654509,0.5321466,0.3679563,-0.44986525,0.10165615,-0.4075076,0.011304396,0.082403794
0.23215595,0.1770634,-0.11794122,0.48536903,0.50241154,-0.44910726,0.2262648,-0.38409066,0.17277884,0.21408165
0.09150146,0.27304387,-0.08782757,0.39022264,0.35524145,-0.36572337,0.12581208,-0.4675322,-0.15712324,-0.10723694
0.15989093,0.2633637,-0.14139639,0.49044976,0.47081184,-0.4530679,0.24244367,-0.50016046,-0.0004374757,0.051846348
0.076715134,0.26121497,-0.11271786,0.44288203,0.37368232,-0.5104861,0.12128921,-0.4660095,0.03526682,0.004986241
0.2557196,0.20478563,-0.09686598,0.44012102,0.3338059,-0.5532876,0.14685513,-0.3568282,0.12225062,0.12004626
0.21664451,0.16504747,-0.1241197,0.34995916,0.3349785,-0.4945296,0.12531249,-0.28771037,0.07019744,0.20411164
0.22290415,0.17009668,-0.123462155,0.37193787,0.34837118,-0.49637637,0.11597245,-0.32872686,0.20332496,0.15820116
0.2118671,0.019125067,-0.16428117,0.32175845,0.3827123,-0.32549238,0.19318604,-0.20470531,0.16897033,0.087924674
0.14199498,0.02022241,-0.17492566,0.25093877,0.47573668,-0.35542828,0.15029785,-0.20186107,0.0964233,0.14216974
0.43487948,0.028314352,-0.16212489,0.30480954,0.47738647,-0.30351892,0.19916016,-0.23698668,0.058196943,0.16022371
0.025613952,0.07955888,-0.094301425,0.22496094,0.4168922,-0.3864797,0.047759693,-0.2309237,0.05406191,0.1198483
0.15507656,-0.051224597,-0.13779445,0.13031286,0.44848254,-0.21214977,0.10898854,-0.07721381,-0.07275064,-0.019687701
0.29745346,0.033835914,-0.14932114,0.18395278,0.3292625,-0.23462817,0.11993817,-0.16915835,-0.15760157,-0.14058562
-0.00794368,-0.05208473,-0.10307655,0.18746442,0.36870074,-0.20450395,0.095846,-0.12480041,-0.25453562,-0.115572006
-0.03167415,0.0035418123,-0.12699428,0.15515053,0.21083191,-0.2819649,0.029990826,-0.15077366,-0.17322189,-0.16559927
0.0148500465,-0.035739303,-0.06342935,0.19063939,0.29996982,-0.23575304,0.037168823,-0.17141752,-0.1705016,-0.17020564
0.033833236,0.019637518,-0.12563531,0.21116278,0.3201373,-0.31053096,0.08710043,-0.23429674,-0.012199556,-0.024439743
0.06271334,-0.015715154,-0.09713167,0.27149913,0.25790986,-0.26861,0.15503962,-0.19409607,-0.06697095,-0.1483549
-0.051254097,0.02894356,-0.1498508,0.111902356,0.21157008,-0.28873217,0.05982694,-0.22263451,0.011421452,-0.100439124
-0.023096811,-0.016796827,-0.108337075,0.106750965,0.17259829,-0.25861803,0.0017151891,-0.14972417,-0.054494966,-0.115178965
-0.019068666,0.12212794,-0.08044779,0.12568106,0.42491716,-0.30892813,-0.0615384,-0.31190434,-0.19964527,-0.056194335
-0.0031763432,0.08430092,-0.07327391,0.21335614,0.28812754,-0.27671564,0.00014673173,-0.3350091,-0.24154091,-0.16993278
0.019823465,0.18550129,-0.056207687,0.26686686,0.30565557,-0.3118253,-0.013086675,-0.4349082,-0.25424266,-0.14044745
0.11931145,0.11408026,-0.10850637,0.19049752,0.24120758,-0.2838711,-0.0026476916,-0.3202327,-0.28843483,-0.18741035
0.092325054,0.10934365,-0.12776616,0.23954304,0.28362244,-0.36124524,0.060603373,-0.22430809,-0.1954301,-0.13548449
0.10032886,0.18247853,-0.14876087,0.46956837,0.2995475,-0.46003836,0.18539053,-0.31283158,-0.21068524,-0.07244068
0.14924556,0.064914994,-0.14490584,0.31742796,0.27869564,-0.34370425,0.15191054,-0.2437209,-0.12274554,-0.095157504
0.08009871,0.20030798,-0.15284793,0.41529602,0.2647721,-0.42850837,0.23843163,-0.40316913,-0.032611463,-0.066703394
0.071793936,0.18339,-0.13427816,0.36865738,0.26150614,-0.36759835,0.17915913,-0.36960906,-0.13328837,-0.14089637
0.09620776,0.28059456,-0.22949375,0.44744545,0.33001545,-0.5247125,0.27942804,-0.46380162,0.09281875,0.017957091
0.20986387,0.19354083,-0.16591501,0.57828236,0.3026644,-0.52504635,0.28336614,-0.35847017,0.020528628,0.0016687125
0.24653916,0.26798388,-0.28174382,0.521313,0.39480805,-0.5773371,0.28399098,-0.4728266,0.27291095,0.21466137
0.4353829,0.28897274,-0.18142289,0.6320877,0.4614758,-0.5401554,0.30750293,-0.56024945,0.29549417,0.18284395
0.4443963,0.28816798,-0.2791414,0.689094,0.46602675,-0.59344214,0.39787453,-0.51658297,0.34879532,0.24547324
0.30211747,0.232631,-0.2758205,0.58849865,0.51448053,-0.5157834,0.3977726,-0.48822045,0.28687087,0.2441201
0.2945059,0.21682604,-0.32320985,0.6668707,0.3231088,-0.51950365,0.42249632,-0.46081507,0.07411074,0.017695531
0.188618,0.29838222,-0.32287818,0.4485731,0.36766082,-0.6598813,0.30287436,-0.49499992,0.2307837,0.23938963
0.2071855,0.23958048,-0.32748148,0.46589774,0.3228289,-0.622267,0.228259,-0.44435054,0.1323688,0.16770267
0.24280521,0.23641145,-0.37086797,0.55380154,0.45733777,-0.6898771,0.33584777,-0.50284284,0.272118,0.38358387
0.28833228,0.29298007,-0.3114441,0.56195676,0.4859451,-0.56440675,0.28249943,-0.51969445,0.2621829,0.29046732
0.29790747,0.2621638,-0.29951903,0.59461606,0.50941557,-0.5163808,0.3418425,-0.4586131,0.28117275,0.32975513
0.67968965,0.29015753,-0.33834594,0.6050685,0.6092148,-0.6547239,0.3308046,-0.51030606,0.32930276,0.4498313
0.38941398,0.28704387,-0.38478994,0.5579745,0.50756234,-0.61371577,0.34819642,-0.53374803,0.19814178,0.32077488
0.55146825,0.30049798,-0.30829117,0.5068489,0.57077754,-0.61497843,0.28479978,-0.5737264,0.18967308,0.41350973
0.5729806,0.29503435,-0.3082548,0.5168896,0.5969525,-0.5830693,0.3573489,-0.51878077,0.32997042,0.33517677
0.5352237,0.3041422,-0.2604634,0.5019754,0.660785,-0.660937,0.2583362,-0.58091724,0.21636066,0.49112067
0.44488108,0.28310788,-0.28957137,0.6475254,0.55718184,-0.53676975,0.37025636,-0.54565454,0.24449356,0.3204597
0.31681293,0.26644233,-0.18678509,0.47890756,0.5416496,-0.57201064,0.21993282,-0.49129733,0.26671845,0.2868794
0.18646483,0.2171325,-0.19865261,0.41682726,0.51691437,-0.47952333,0.20219441,-0.45692265,0.15223336,0.18268578
0.25538725,0.26826936,-0.17234471,0.51991063,0.61678153,-0.38118976,0.2781212,-0.5206274,0.132677,-0.0066000754
0.1859003,0.30233058,-0.16739912,0.47514954,0.4892345,-0.48860443,0.20322315,-0.5561361,0.015229031,0.24472299
0.06607811,0.2259795,-0.11275208,0.30601427,0.53140736,-0.42082405,0.05246257,-0.44935986,-0.025437886,0.0031968246
0.21653906,0.3466984,-0.13559549,0.4022551,0.59350455,-0.5084222,0.1283748,-0.6381193,-0.027278129,0.16383979
0.16520602,0.29342562,-0.11879706,0.47821194,0.4556755,-0.4193359,0.21428096,-0.55215085,-0.06393807,0.0013961038
0.22466518,0.2794254,-0.18412863,0.3995586,0.4388751,-0.40310606,0.17488427,-0.5377671,-0.04072643,-0.006885077
0.084892124,0.34501293,-0.09875888,0.43272227,0.4222652,-0.46606693,0.109951966,-0.6184782,-0.0327692,-0.028656607
0.22708808,0.40511912,-0.084330395,0.5189223,0.4794382,-0.53006935,0.1553642,-0.6327688,-0.06681915,0.013894692
0.24316193,0.4716214,-0.11600653,0.51707596,0.4052593,-0.56812626,0.15020418,-0.6922056,0.03610187,0.020185009
0.32306176,0.48088795,-0.13495857,0.6345877,0.49477926,-0.6366787,0.264879,-0.7052085,0.01564886,0.13634695
0.32711986,0.46734703,-0.16859305,0.64344484,0.49182016,-0.6625253,0.25995672,-0.735281,0.12031123,0.20327471
0.5761746,0.5745817,-0.22275423,0.71942675,0.5209744,-0.7755313,0.31437042,-0.8207792,0.31618157,0.26697066
0.6749609,0.51698154,-0.21204656,0.8142247,0.4873611,-0.7794374,0.39887896,-0.79477197,0.3146483,0.37480715
0.70941985,0.66308826,-0.294449,0.87123257,0.5795979,-0.8311198,0.60536015,-0.86793643,0.37081364,0.3184082
0.85180795,0.5458949,-0.4685982,0.86208916,0.5155567,-0.83031106,0.65960526,-0.8412589,0.5319769,0.4689984
0.89340806,0.6681749,-0.4171202,0.9051671,0.546366,-0.868969,0.7454951,-0.8523487,0.5381445,0.43795404
0.80346256,0.7116963,-0.44473428,0.90977675,0.58456093,-0.8993687,0.7146881,-0.88711935,0.5765578,0.49893674
0.7807373,0.5027159,-0.48052394,0.748683,0.61666083,-0.813545,0.46012673,-0.8111853,0.5050917,0.47583792
0.9029035,0.6003488,-0.55198014,0.8711641,0.71638554,-0.89177203,0.6696853,-0.8896375,0.64613587,0.6348603
0.8578499,0.3746695,-0.61574477,0.7602496,0.7460662,-0.6933701,0.684216,-0.6258408,0.3580882,0.48992312
0.86950105,0.3526004,-0.5280396,0.77498436,0.6037537,-0.80066335,0.57526195,-0.6048158,0.46783873,0.41762078
0.7820037,0.37813875,-0.47299576,0.764404,0.709642,-0.73112345,0.5689275,-0.61767995,0.39820313,0.6389488
0.75006783,0.383736,-0.53480154,0.6814607,0.7068331,-0.68556505,0.54520047,-0.6133779,0.44520947,0.47499517
0.5319601,0.3524422,-0.44505882,0.8038773,0.6391351,-0.69016165,0.50829244,-0.5802361,0.52560306,0.5346946
0.68432415,0.34591338,-0.4604633,0.7612458,0.72144955,-0.63085395,0.49042478,-0.64677733,0.4301312,0.5363699
0.5125521,0.44792047,-0.45118532,0.6576953,0.77321935,-0.62898004,0.4040764,-0.7034609,0.38274634,0.42608926
0.4740271,0.39347264,-0.3766802,0.71649414,0.6674766,-0.5855363,0.41812664,-0.6449841,0.15732422,0.22873242
0.6754402,0.4609536,-0.30674207,0.76263994,0.6486698,-0.6936929,0.45851082,-0.6872132,0.23374163,0.23158132
0.6420905,0.43258756,-0.33557937,0.80252516,0.56068504,-0.7228396,0.52822804,-0.6686882,0.3869491,0.24830551
0.66699505,0.4688666,-0.33190796,0.6904698,0.47022617,-0.68848073,0.45809853,-0.7184032,0.3231545,0.21071991
0.7144596,0.38471577,-0.43258873,0.7045796,0.53361595,-0.6799117,0.4409362,-0.701137,0.395972,0.30545285
0.7686309,0.39206168,-0.41250142,0.78917944,0.6139867,-0.63830906,0.5181077,-0.68038696,0.26195768,0.29742548
0.69062537,0.32934177,-0.49400848,0.6747802,0.568647,-0.57674193,0.5550225,-0.6105248,0.2738488,0.25032663
0.81133443,0.30022258,-0.61668223,0.72033334,0.66452795,-0.632042,0.558307,-0.61347216,0.33213356,0.29089063
0.5938693,0.3219062,-0.590948,0.640311,0.6145849,-0.57001466,0.5642547,-0.5653843,0.115069754,0.108090356
0.6591742,0.34814322,-0.5082215,0.7646713,0.41724795,-0.6827993,0.6104188,-0.6078937,0.38722977,0.25728196
0.7960526,0.27762067,-0.6411969,0.5750284,0.4075288,-0.5785844,0.51727515,-0.54566103,0.17242017,0.01818951
0.69060534,0.35965288,-0.5391734,0.72065777,0.31486413,-0.69097,0.56783897,-0.6581947,0.17220299,0.08231949
0.61609304,0.26029092,-0.46900734,0.4916097,0.43513933,-0.5085155,0.3254502,-0.53025126,-0.05887359,-0.00023159385
0.68687326,0.23137224,-0.5660219,0.53770757,0.3139022,-0.53482723,0.5205126,-0.52641237,-0.03838474,-0.085789084
0.31006074,0.20204102,-0.4638573,0.34657097,0.35952514,-0.48325628,0.27177334,-0.4024015,-0.028172806,0.09001861
0.5300958,0.26340652,-0.50721866,0.6368608,0.3125681,-0.58796775,0.4250625,-0.5240298,0.020254182,0.016730588
0.34448302,0.16523372,-0.32060292,0.39522266,0.36788404,-0.37283388,0.24035016,-0.3832305,-0.033918507,-0.012834947
0.36392105,0.22494048,-0.3733061,0.5103612,0.3189614,-0.53640425,0.31833372,-0.47493926,-0.035707146,0.025042832
0.4377805,0.35938358,-0.28154507,0.47149283,0.45759475,-0.58219063,0.17367928,-0.6068165,0.25564948,0.21057425
0.3746913,0.22501446,-0.23118424,0.6065753,0.4334096,-0.56667435,0.2875072,-0.4730904,0.15457721,0.2241112
0.30907688,0.27980027,-0.22103943,0.48288727,0.55844337,-0.60592014,0.24291463,-0.5177313,0.17996146,0.34997115
0.38835847,0.30447233,-0.23018977,0.44519603,0.54152733,-0.50992805,0.22690418,-0.5484899,0.115749836,0.20793302
0.1931947,0.16190119,-0.22841865,0.4385231,0.5547502,-0.57218,0.2060685,-0.39823577,0.10961016,0.3619508
0.3122556,0.23521236,-0.28176507,0.5355525,0.6588215,-0.45686397,0.32053173,-0.4717648,0.16217843,0.23449007
0.31368366,0.18976335,-0.24574229,0.5000556,0.640448,-0.4305349,0.30223432,-0.4028117,-0.0010379177,0.18083048
0.5828452,0.21491958,-0.3101422,0.53432554,0.5150785,-0.5311004,0.31994027,-0.4592694,0.26906893,0.23728777
0.26643357,0.08816955,-0.25760552,0.3772205,0.5210376,-0.42353863,0.2246095,-0.25388345,0.036812507,0.22827642
0.16191234,0.03627192,-0.23764585,0.28005633,0.5037116,-0.3637104,0.12183193,-0.3323536,0.19204152,0.15250017
0.24539275,0.10920484,-0.21239576,0.3298463,0.61732036,-0.3910386,0.21590985,-0.26615462,0.07356737,0.26027757
0.057488777,0.028239578,-0.15250808,0.2568595,0.5548132,-0.356296,0.10072036,-0.17261638,-0.06251556,0.13930456
0.09196628,-0.021685211,-0.12007928,0.18814896,0.64364564,-0.27701584,0.08102284,-0.1084696,-0.15970306,0.16636854
-0.09476783,-0.04892519,-0.2144203,0.07590777,0.54244775,-0.43270567,-0.019824626,-0.12575793,-0.010994095,0.28232267
-0.086941086,-0.056034874,-0.13669801,0.10606693,0.43928543,-0.28776833,0.03305954,-0.11233845,-0.041321203,0.014941743
-0.07955521,-0.08838691,-0.08641404,0.15651248,0.43632573,-0.20113207,0.011030614,-0.098544665,-0.12297072,0.05846801
0.11073355,0.11870664,-0.07860146,0.32712862,0.49392372,-0.27313438,0.106578425,-0.30768672,-0.16656472,-0.0074261255
-0.041487396,0.016526505,-0.0729415,0.15504053,0.3757473,-0.22585322,0.03750492,-0.2059004,-0.22390828,-0.18712927
0.0007205381,0.13802107,-0.15406664,0.25479376,0.40486777,-0.2710627,0.059372883,-0.37210146,-0.34262905,-0.08064508
0.018055916,0.20207335,-0.16515292,0.2788146,0.25073785,-0.35233784,0.03891085,-0.4137701,-0.32535756,-0.14272457
0.13424781,0.21886069,-0.104699224,0.39785147,0.28958142,-0.38738602,0.10172347,-0.37277508,-0.21561587,-0.14224803
0.12233329,0.30312532,-0.049956128,0.46558258,0.14285305,-0.4516981,0.15987706,-0.51927215,-0.1625362,-0.20271234
0.23992145,0.32246578,-0.07267219,0.5510995,0.26277468,-0.5414434,0.2327733,-0.55221343,-0.10036141,0.008421311
0.17323558,0.30243045,-0.083394274,0.37501717,0.19726495,-0.44235098,0.13155672,-0.58319914,-0.116669565,0.017961225
0.14290667,0.24545725,-0.12242956,0.31254992,0.30956972,-0.50801474,0.0647846,-0.39692202,-0.0204647,0.035732776
0.096222214,0.2933831,-0.099598676,0.4299107,0.35373637,-0.48787978,0.13737337,-0.51669234,0.076380506,0.05037402
0.11756311,0.30604327,0.011472764,0.5203641,0.40490475,-0.50511944,0.13726246,-0.54446703,-0.024164435,0.187481
0.4286315,0.36628386,-0.06977559,0.710337,0.5002116,-0.6505471,0.32250592,-0.563743,0.19310251,0.36775702
0.36532074,0.28750792,-0.14364922,0.68265665,0.54233825,-0.56298035,0.4420078,-0.4759336,0.031572063,0.29968792
0.2676559,0.31737456,-0.19970548,0.61428005,0.48429343,-0.59521675,0.41417107,-0.53836024,0.11211105,0.21211065
0.41821444,0.22221763,-0.26652145,0.5768748,0.5215944,-0.5422061,0.3879032,-0.41482994,0.18431607,0.24002202
0.1973316,0.23996153,-0.37143746,0.46529773,0.5265895,-0.5085597,0.38602185,-0.45284563,0.0065856595,0.16227245
0.16625659,0.262596,-0.299598,0.4697229,0.4535858,-0.5857324,0.25459364,-0.4484949,0.14098583,0.15224504
0.09476662,0.2095011,-0.189236,0.39774486,0.45699495,-0.517723,0.1964037,-0.41571656,0.14072807,0.22264917
0.2047002,0.30356646,-0.1558284,0.5476155,0.46222028,-0.59698826,0.2071718,-0.5438812,0.07433544,0.24203007
0.2849413,0.25341266,-0.13415545,0.5940205,0.46246147,-0.53978264,0.32569525,-0.44171017,0.17272359,0.33470562
0.29982805,0.21801354,-0.1080834,0.54844284,0.5079777,-0.48461848,0.23733526,-0.3908567,0.10468767,0.28244525
0.22455776,0.123248145,-0.22899261,0.39295384,0.5641154,-0.50668174,0.26404506,-0.29291722,0.14737944,0.2782838
0.24193531,0.1625559,-0.21810426,0.35280865,0.45446023,-0.4502465,0.17627801,-0.36534268,0.1245988,0.15568456
0.1598682,0.15973477,-0.21337186,0.43556607,0.5153079,-0.41081703,0.21562682,-0.32754713,0.07339727,0.16342446
0.2231531,0.10920022,-0.15535566,0.36480266,0.44589505,-0.4462649,0.15535735,-0.28643978,0.21311973,0.2125494
0.3908603,0.035279587,-0.15649608,0.35735464,0.5491624,-0.28726438,0.20525329,-0.16128048,-0.055813305,0.20754832
0.24369319,0.07499443,-0.2125737,0.26551023,0.49015746,-0.354197,0.16427942,-0.2966616,-0.021185745,0.17295851
0.15989345,0.19343069,-0.29128516,0.24561745,0.59500855,-0.32063246,0.17577735,-0.37966335,-0.029971382,0.066201076
0.09351123,0.13998964,-0.09862064,0.3469398,0.532237,-0.28444326,0.15647446,-0.35022146,-0.16955517,-0.06957933
0.122857794,0.20515624,-0.15730199,0.44550025,0.40726677,-0.3516854,0.23875837,-0.44157782,-0.18040867,-0.07965222
0.20122175,0.19696441,-0.1660796,0.5120411,0.30919984,-0.4179261,0.25609973,-0.4084508,-0.113177724,-0.09310553
0.07700599,0.12527402,-0.24607125,0.34407777,0.2942528,-0.32334653,0.2583226,-0.3776288,0.00074140716,-0.14169666
0.28964236,0.10573017,-0.28235146,0.42615575,0.26429933,-0.44491366,0.29309088,-0.33029535,-0.14212601,-0.04331323
0.19600266,0.11494987,-0.31706998,0.34215382,0.16282482,-0.438311,0.21158983,-0.3243299,-0.05168774,-0.13019368
0.24737808,0.08215645,-0.2800887,0.35799623,0.23622553,-0.3666915,0.1829508,-0.29450986,-0.04340609,0.030458786
0.12016919,0.060550943,-0.15936185,0.2837757,0.32219774,-0.33303362,0.12573247,-0.29123145,-0.08217858,0.002604434
0.021320326,0.086827405,-0.16770782,0.21110336,0.19611219,-0.3779711,0.074206606,-0.27283058,-0.0005207061,0.036355052
0.015838394,0.14621545,-0.09796982,0.37661362,0.2817681,-0.45628625,0.10506643,-0.22814007,-0.08136285,0.07226173
0.052540135,0.003055101,-0.086565636,0.2542629,0.35556737,-0.3073798,0.10371941,-0.19473542,-0.08805359,0.015142475
-0.029594881,-0.03818209,-0.026989281,0.13067181,0.27753252,-0.26231295,-0.037981156,-0.12784402,-0.12721501,-0.021648943
0.043343935,0.065451555,-0.04223628,0.2553478,0.31845817,-0.33263052,0.0052831424,-0.20875783,-0.009298474,0.045881994
0.038644765,0.097065836,-0.0674765,0.35273966,0.4160594,-0.3630071,0.11727414,-0.24200349,-0.062683955,0.012768916
0.12378036,0.07231539,-0.111018494,0.30000606,0.3457699,-0.36421454,0.113225326,-0.26122454,-0.012937919,-0.023978949
0.15186264,0.034876946,-0.0943808,0.24622852,0.437974,-0.23657477,0.10241925,-0.20728372,-0.13087556,-0.036930878
0.09378895,0.1229534,-0.13484609,0.19211581,0.27821654,-0.3655946,0.040393647,-0.26095086,-0.060414724,-0.081065476
0.01706241,0.0179052,-0.1448802,0.1858517,0.3693233,-0.2926614,0.10090403,-0.14282216,-0.16321932,-0.0035891826
0.016219236,-0.067615464,-0.1315138,0.11028751,0.3681465,-0.20480932,0.024270551,-0.20801415,-0.10149557,-0.14296134
-0.009617129,0.028064331,-0.112256125,0.17937452,0.36911157,-0.27027166,0.04903724,-0.21810575,-0.22746038,-0.07723655
-0.106429376,-0.082190715,-0.13050413,0.040055946,0.34320402,-0.22753887,-0.01480492,-0.058379676,-0.12721598,-0.022384495
-0.04992293,0.007777355,-0.1370163,0.1681324,0.3689255,-0.30579805,0.027601091,-0.16377527,-0.20716439,0.00683744
-0.092326805,-0.0061861384,-0.070350975,0.05465274,0.4312489,-0.24958013,-0.10218114,-0.1695371,-0.29589492,-0.07306524
0.08084916,-0.07778677,-0.03630761,0.19353758,0.33154583,-0.20975977,0.0031963477,-0.06327032,-0.24409285,-0.11698858
-0.050628796,-0.035720672,-0.0255843,0.089332834,0.3262906,-0.19571455,-0.09618519,-0.117162,-0.36409712,-0.083608076
-0.02674659,-0.05656741,-0.032448743,0.108189985,0.3119177,-0.21205623,-0.047223613,-0.10076746,-0.27529776,-0.09378222
0.0059677567,0.018122865,-0.08985295,0.2028644,0.26257816,-0.34139654,0.018188594,-0.11968934,-0.17464569,-0.064075924
-0.13208641,-0.034883227,-0.04167353,0.14735271,0.22852004,-0.29499856,0.0129299555,-0.07736595,-0.11019652,-0.00042420623
-0.11745422,-0.09297088,0.049599133,0.07409316,0.32722348,-0.2005035,-0.084872656,-0.025701739,-0.21946596,0.0061075375
-0.019024406,-0.07192997,-0.1362268,0.073636524,0.39794233,-0.22591835,0.053352572,-0.15304984,-0.09890177,0.1046411
-0.037637006,-0.16830346,-0.062169913,0.03064947,0.28484717,-0.14537673,-0.0035001792,-0.021766037,-0.12130815,-0.19854501
-0.07629632,-0.21624833,-0.16891319,0.0015012461,0.39854234,-0.13121806,0.0070101437,-0.016642893,-0.20004518,0.08342894
-0.016847549,-0.20662315,-0.0031924585,0.0037976545,0.3745255,-0.058187246,-0.0006805657,0.045392632,-0.1990583,-0.2488288
-0.07691471,0.018661613,-0.10269954,0.004803226,0.36481887,-0.20445088,-0.03926805,-0.16323519,-0.25761724,-0.06475434
0.012075247,-0.058949754,-0.037253655,0.07663156,0.3723833,-0.15559396,-0.07381117,-0.1172158,-0.4253647,-0.25824356
-0.13540302,0.0382085,-0.042008743,0.12511623,0.18267763,-0.23666066,-0.064293966,-0.1827908,-0.34235036,-0.19046898
-0.08144291,-0.11093946,-0.037573878,0.04898177,0.25712162,-0.09211262,-0.06586945,-0.06943688,-0.44001922,-0.31810412
-0.09049521,-0.02949178,-0.09142816,0.093510516,0.2419984,-0.14847378,0.02194952,-0.17553641,-0.27974516,-0.2249218
-0.24051234,-0.11956665,-0.017373512,0.0796871,0.20029639,-0.14438984,-0.080854364,-0.033925623,-0.381041,-0.32486728
-0.058026604,0.0012635433,-0.008549646,0.123409435,0.19550617,-0.19183755,-0.047882315,-0.15649307,-0.3494676,-0.24219708
-0.1481475,-0.106571265,-0.035640873,0.06372826,0.21179909,-0.17867967,-0.010167129,-0.02155932,-0.23145567,-0.13304599
-0.056745183,0.0072462484,-0.03761951,0.312679,0.22237198,-0.23210867,0.16197275,-0.19059524,-0.3015211,-0.22082295
-0.08335034,-0.18435876,-0.09007876,0.16384003,0.21605597,-0.11323513,0.12814811,0.056478716,-0.2657748,-0.14062056
-0.11836657,-0.15354006,-0.07412369,0.052647587,0.14269184,-0.10118397,0.046819363,0.045106176,-0.33177736,-0.18489745
-0.082151644,-0.23796606,-0.20404738,-0.028760554,0.16973257,-0.06509388,0.05165578,0.13379888,-0.34311908,-0.22821893
-0.22130442,-0.18556912,-0.11067032,-0.096442215,0.19667691,-0.11545672,-0.10097375,0.06477328,-0.2752233,-0.20682241
-0.20084976,-0.25686678,-0.13739811,-0.10810146,0.13850737,-0.052965827,-0.033409912,0.118354894,-0.3106561,-0.36710787
-0.29231066,-0.21718618,-0.033207435,-0.10981152,0.090324424,-0.055729315,-0.13342564,0.064151935,-0.33962214,-0.37611133
-0.27814814,-0.2918791,-0.13495292,-0.25597468,0.032047022,-0.0038372388,-0.18666425,0.16523534,-0.40765458,-0.3908434
-0.29898992,-0.2948204,-0.014211919,-0.14954963,0.024320858,-0.023170823,-0.17004268,0.16413319,-0.375628,-0.39867365
-0.19661912,-0.31373042,-0.09117878,-0.12501094,0.019793909,-0.05200845,-0.109861195,0.22954926,-0.4302425,-0.4318377
-0.2841075,-0.33730552,-0.050848313,-0.19902265,-0.04302807,-0.0172252,-0.15125597,0.21325852,-0.36232334,-0.46425155
-0.20509526,-0.3124012,0.049587645,-0.045637265,0.031643506,-0.043252185,-0.12191514,0.2624455,-0.24940775,-0.31276473
-0.27776268,-0.25415146,-0.012684008,-0.015117834,0.003906111,-0.003922025,-0.025795346,0.17582095,-0.42437667,-0.37530458
-0.12659106,-0.37466145,-0.050139427,-0.15631394,0.09995903,-0.020800749,-0.122616254,0.26111776,-0.24885851,-0.3210551
-0.2817167,-0.2651407,0.040836483,-0.16153087,0.14160341,-0.007623823,-0.16841713,0.13832106,-0.3751446,-0.26478758
-0.19410053,-0.2529408,0.0070656105,-0.13923214,0.055145185,-0.029081248,-0.16787651,0.12088832,-0.37654573,-0.34926155
-0.20642719,-0.18401185,-0.01443855,-0.19341993,0.13512403,-0.107349984,-0.2265904,0.13419707,-0.34101072,-0.2862778
-0.33642587,-0.3511485,0.08593915,-0.22126642,0.10292369,-0.030468566,-0.2159892,0.18774325,-0.30889404,-0.20250542
-0.33534,-0.22651127,0.081026405,-0.17002895,0.16918597,-0.17524551,-0.28212672,0.118338235,-0.12857118,-0.12583004
-0.39341673,-0.19587725,0.1570225,-0.13810937,0.11221263,-0.116749234,-0.23858401,0.046787355,-0.2882428,-0.3844938
-0.2503747,-0.24118581,0.18459786,-0.09612007,0.2555327,-0.046767127,-0.14523813,0.082012035,-0.1992626,-0.14645292
-0.23929907,-0.1252641,0.13402651,-0.06387874,0.26454973,-0.1324935,-0.20749846,0.016451107,-0.25217456,-0.20176433
-0.22710887,-0.23074064,0.07080897,-0.13064899,0.2612606,-0.06489382,-0.16136897,0.0742169,-0.23538126,-0.17288631
-0.31422722,-0.16031489,0.0018802263,-0.23299827,0.2727311,-0.10955357,-0.26571006,0.03348942,-0.2945769,-0.27534124
-0.2754239,-0.22121052,-0.021216217,-0.1545853,0.27679226,0.008685103,-0.15682846,0.07035502,-0.41317993,-0.25531608
-0.30202082,-0.28789365,0.100734524,-0.18313445,0.22062802,0.011221146,-0.33124587,0.12693049,-0.45579374,-0.34325543
-0.36072642,-0.26619026,0.010667619,-0.1491547,0.20917065,0.018201517,-0.20933321,0.11298784,-0.48302305,-0.37782168
-0.3199177,-0.21207932,0.16924134,-0.15252283,0.20768696,-0.002689355,-0.29163638,0.07568183,-0.4394967,-0.35112542
-0.3939085,-0.22767271,0.2101649,-0.16936766,0.21839572,-0.015107764,-0.38357887,0.07578317,-0.46724626,-0.35421413
-0.43800622,-0.28979462,0.23511946,-0.25705957,0.12715104,0.038690675,-0.38247812,0.13941513,-0.40725893,-0.41296202
-0.5168503,-0.31390056,0.36729774,-0.2825886,0.028591065,0.020209778,-0.47776854,0.14835069,-0.5335801,-0.42258713
-0.46036172,-0.27172458,0.21153039,-0.19978842,0.10557552,0.01643167,-0.2500615,0.14198464,-0.46590906,-0.44758442
-0.41362882,-0.27056074,0.3154596,-0.15604651,-0.015219348,-0.03284652,-0.38301784,0.15453258,-0.48408318,-0.4688093
-0.3425286,-0.24954051,0.2220232,-0.20815487,-0.06568123,-0.036915373,-0.30069304,0.088443875,-0.37428018,-0.407222
-0.34720302,-0.23043165,0.25516048,-0.20063116,-0.03805609,-0.046356898,-0.33709773,0.08685277,-0.42122117,-0.36010927
-0.34268698,-0.31346574,0.36636364,-0.124629006,0.012822491,0.017562818,-0.3811135,0.23242249,-0.39648932,-0.34936807
-0.24814081,-0.2821632,0.18650316,-0.095911324,0.053291865,-0.0018559077,-0.25442588,0.16819163,-0.39755625,-0.32408535
-0.23204646,-0.54737955,0.21697494,-0.32919472,0.15481758,0.17791237,-0.23444071,0.3033021,-0.38113824,-0.28775567
-0.27888042,-0.33184874,0.11071267,-0.3064385,0.10367821,0.111471854,-0.2694795,0.20394349,-0.53123057,-0.5049197
-0.44441384,-0.3954032,0.0940958,-0.35417327,0.15156549,0.15258749,-0.26523012,0.33981735,-0.5696994,-0.38935366
-0.3322342,-0.38299587,-0.005090938,-0.33163878,-0.0057638097,0.17200221,-0.22929229,0.198495,-0.57212245,-0.6199657
-0.34552997,-0.4722174,0.04806349,-0.37753367,0.058532663,0.2018132,-0.18774341,0.3688161,-0.5402569,-0.5457771
-0.4567894,-0.45363966,0.020150168,-0.27745673,-0.006559129,0.16744506,-0.1993873,0.37678123,-0.64586073,-0.5504164
-0.36522353,-0.35919645,0.10271303,-0.25069636,-0.028307503,0.1364077,-0.24927603,0.22304459,-0.6222114,-0.57300746
-0.428171,-0.30521846,0.142651,-0.10960855,-0.0732496,0.043525923,-0.19711371,0.23056391,-0.539935,-0.46832082
-0.4580338,-0.3330534,0.10035461,-0.21920367,-0.07400239,0.14364412,-0.26830816,0.15496993,-0.684933,-0.5943885
-0.37273985,-0.24194016,0.13959318,-0.18019864,-0.052905165,-0.020258605,-0.2769028,0.12654687,-0.47423428,-0.4392702
-0.41777664,-0.19599742,0.11754679,-0.19698189,-0.021265311,-0.044907656,-0.29582617,0.047667764,-0.49891865,-0.39071596
-0.2630531,-0.26799488,0.12917554,-0.20911528,0.063687064,-0.048585605,-0.29333192,0.16161273,-0.3997775,-0.28788704
-0.34448025,-0.17054944,0.23339206,-0.15052374,0.07586473,-0.08854775,-0.38491547,0.06249501,-0.46125376,-0.29587954
-0.3746988,-0.13391392,0.11219406,-0.12581447,0.14216907,-0.1256546,-0.22131091,0.059108883,-0.39167887,-0.19869965
-0.30732682,-0.15966749,0.13461204,-0.084776334,0.108932845,-0.11556698,-0.25789323,0.02693481,-0.3464678,-0.34074083
-0.32528806,-0.111454196,0.13909677,0.014003542,0.22054869,-0.16468836,-0.3176275,0.0005169203,-0.46123636,-0.13492537
-0.23475197,-0.18303332,0.090879396,-0.029171905,0.109286614,-0.06182476,-0.15415896,0.093535624,-0.44764927,-0.26658452
-0.2259982,-0.07667052,0.0409171,0.06840649,0.2279669,-0.16268766,-0.06781471,-0.0087512955,-0.33503625,-0.11884499
-0.16440442,-0.1268308,-0.0047372673,0.051791828,0.075720236,-0.18816225,-0.08137406,0.055837948,-0.38709354,-0.3032216
-0.14063263,-0.17239214,0.0010766829,-0.031066464,0.051537067,-0.101177976,-0.10673202,0.03085579,-0.3255817,-0.2551468
-0.25671315,-0.24821177,0.102231465,-0.05649993,0.044281237,-0.08797228,-0.1718551,0.08471791,-0.2559296,-0.2123981
-0.3110356,-0.19884117,0.057551466,-0.014344282,-0.10629115,-0.058863018,-0.08940952,0.07596839,-0.38397753,-0.31666917
-0.23825993,-0.10552298,0.13914269,0.067345046,0.23686366,-0.1630089,-0.21862857,0.0014162539,-0.2815851,-0.19566092
-0.31110975,-0.09776375,0.11206039,-0.00044525412,0.254853,-0.1546091,-0.2013138,-0.023545349,-0.33162218,-0.22284974
-0.1986261,-0.09083972,0.10079034,-0.031425443,0.22602424,-0.1324253,-0.14606415,0.028974647,-0.322397,-0.19333822
-0.3195036,-0.13745484,0.061318517,-0.08387143,0.10391044,-0.09763546,-0.17411566,-0.0083700325,-0.34857792,-0.33564615
-0.27402002,-0.0730616,0.021505542,-0.03665212,0.2517769,-0.16657947,-0.153708,-0.036722068,-0.29575026,-0.1519753
-0.1981694,-0.07938291,0.1476,0.019427856,0.16785628,-0.17146827,-0.23171689,-0.0520286,-0.25880587,-0.15373854
-0.30251852,-0.12673424,0.08546412,-0.022902953,0.1577768,-0.12264434,-0.12629026,-0.024479568,-0.27083322,-0.25625148
-0.16654605,-0.034091026,0.056724973,0.09609944,0.080174014,-0.1605565,-0.08809922,-0.12366258,-0.39761177,-0.25136614
-0.1792781,-0.06266527,0.01455687,0.008724788,0.14026813,-0.19953671,-0.112821735,-0.070512936,-0.19854663,-0.13685834
-0.16945249,-0.006285182,0.016412424,0.14594193,0.15688267,-0.20537403,-0.06292445,-0.20785947,-0.28754675,-0.1702239
-0.14110696,-0.009154123,-0.07350109,0.10747458,0.27760795,-0.24581654,-0.044892933,-0.17597926,-0.17068994,-0.037668694
-0.041944854,-0.030788537,-0.0058669667,0.12690842,0.22870192,-0.22072606,-0.058563586,-0.15480207,-0.1775359,-0.08736059
-0.05674088,0.028387308,0.029660836,0.09745191,0.21561018,-0.2917514,-0.099436834,-0.12810427,-0.05079261,-0.08179705
0.007338541,0.055497367,-0.021702249,0.26181978,0.2855505,-0.2923748,0.08303759,-0.19522983,-0.21275729,-0.1584231
-0.006663708,-0.02447185,0.038739342,0.1554794,0.42783183,-0.2744494,-0.0717193,-0.094415985,0.024920547,0.0027938264
0.06205428,0.08252212,-0.054585356,0.35439712,0.3523029,-0.29631612,0.07965937,-0.25034422,-0.09218898,-0.10603446
0.16306761,-0.14340988,-0.076179944,0.22596927,0.43570676,-0.13496467,0.17242682,-0.07004702,-0.019240985,-0.039835047
0.062409505,0.004254554,-0.10218049,0.29756507,0.40534988,-0.2437298,0.16466574,-0.18019354,-0.06405552,-0.05392177
0.15664993,-0.004300538,-0.105098456,0.26594937,0.38156164,-0.22609717,0.15383126,-0.18815541,0.041138038,-0.07034398
0.04173669,-0.030330382,-0.12957938,0.22902194,0.29100478,-0.21417506,0.14467183,-0.16310124,-0.14008236,-0.21420489
0.040378317,-0.056373667,-0.07767696,0.23653218,0.2819678,-0.2064401,0.13884996,-0.13974187,-0.19744073,-0.18600051
0.11328833,0.048668973,-0.15004599,0.16615969,0.1981219,-0.282065,0.08672954,-0.21157387,-0.13222061,-0.11796725
0.014389172,0.064127445,-0.1377401,0.22113006,0.3617196,-0.3115887,0.053171016,-0.19914939,-0.1761131,-0.063364625
0.01595115,0.08396177,-0.07877899,0.19195656,0.3196141,-0.31402826,-0.0032374,-0.29020372,-0.16590242,-0.04263362
0.017642388,-0.0020029815,-0.02791228,0.28918517,0.31601664,-0.24740262,0.0500315,-0.1315278,-0.20566097,-0.19134907
0.04943852,-0.028678672,-0.0056089917,0.23279923,0.32330006,-0.22293057,0.061389208,-0.15777524,-0.2510902,-0.11822
-0.048039638,-0.07190027,-0.016719183,0.09789467,0.29313815,-0.1335354,-0.024942901,-0.13305168,-0.32335496,-0.19048525
0.111873485,0.049019296,-0.1023768,0.18644887,0.26177916,-0.30676144,0.028038898,-0.1726487,-0.24862032,-0.22464444
-0.15056068,-0.06979456,-0.091256835,0.07647127,0.30477136,-0.2069404,-0.004638877,-0.09419469,-0.23169266,-0.22677407
-0.14008388,-0.0871661,-0.0812194,0.06682232,0.30475828,-0.27468604,-0.042337056,-0.06092474,-0.046750296,-0.086675465
-0.11966176,-0.10779053,-0.013264162,0.057816695,0.25918657,-0.1963915,-0.041247763,-0.09267256,-0.050889183,-0.13466734
-0.0499363,-0.21958481,0.02190883,-0.0065274057,0.1969215,-0.11889915,-0.14444743,0.047766637,-0.096951455,-0.17732681
-0.19074021,-0.16243684,0.08821392,-0.1093308,0.2689415,-0.20212574,-0.21200895,0.08149384,-0.09949037,-0.03164044
-0.18192875,-0.21383506,0.14982444,-0.12728293,0.3181328,-0.10128563,-0.1898525,0.1447792,-0.19085625,-0.16628617
-0.12221508,-0.1719722,0.05587397,-0.015751988,0.25792083,-0.102024905,-0.09751672,0.017978195,-0.21979521,-0.14734128
-0.1741085,-0.12831652,0.05150979,-0.091707356,0.22547959,-0.09173943,-0.16345227,0.039481826,-0.33427334,-0.28401867
-0.15332171,-0.1829445,0.012876201,-0.07798663,0.24897334,-0.036540147,-0.12613876,0.005720624,-0.37149101,-0.35550642
-0.19505951,-0.20356673,0.05724364,-0.015745806,0.27373454,-0.0037297136,-0.08986565,0.034002785,-0.3553312,-0.30694014
-0.23746678,-0.11025681,-0.11058241,-0.07802257,0.2047548,-0.07920068,-0.090191096,-0.02373761,-0.36350036,-0.2547359
-0.19867991,-0.21491069,0.047182444,-0.03349371,-0.019217152,0.009172898,-0.086017646,0.027188435,-0.4481211,-0.49510252
-0.30677873,-0.07779385,-0.06907732,-0.09617432,0.21805146,-0.16407786,-0.20841026,-0.05833313,-0.3771788,-0.21953087
-0.29031464,-0.10897868,-0.036438387,-0.033556093,0.016256211,-0.1284659,-0.11110122,-0.023414686,-0.32615307,-0.25078082
-0.27556762,-0.15307248,0.10807624,0.041189034,0.10830706,-0.08829119,-0.16271771,-0.0022768152,-0.40092185,-0.3229734
-0.23287575,0.027511537,-0.0005242228,0.15050781,0.11376529,-0.22440533,-0.06262342,-0.14606297,-0.3810534,-0.21270867
-0.14917523,-0.058443196,0.0065384917,0.16720828,-0.0049001034,-0.1531061,-0.018303584,-0.086961046,-0.4687053,-0.3963777
-0.07306466,0.010303133,0.0038527208,0.2165989,0.078434676,-0.2525204,0.049776062,-0.17266092,-0.22956195,-0.21673508
-0.08187464,-0.03473511,0.007039684,0.18072787,0.00777588,-0.17046449,0.07372505,-0.12764919,-0.3031133,-0.24867713
-0.06275609,-0.12765308,-0.028260393,0.103953145,0.051972028,-0.15767668,0.04111705,-0.016044186,-0.18844122,-0.27792978
-0.17470172,-0.13143043,-0.0658779,0.036263593,0.04241916,-0.0802355,0.030864209,0.03362182,-0.36379516,-0.25049755
-0.16168892,-0.14336087,-0.12554336,-0.033595387,0.03863995,-0.11262035,-0.021447342,0.021051636,-0.30052564,-0.3040113
-0.20717661,-0.1934241,-0.05338001,-0.0030241814,0.022084378,-0.028323136,-0.021257104,0.039981745,-0.35762906,-0.36698925
-0.21042608,-0.1957644,-0.01395652,-0.029180335,-0.057937715,-0.054763608,-0.08636448,0.053686623,-0.3878393,-0.3999558
-0.20919281,-0.16656907,-0.033961967,-0.105298415,0.0110852495,-0.11158443,-0.0838274,0.08359161,-0.2945937,-0.3389615
-0.1642683,-0.17781968,-0.002873547,0.0041854586,-0.03990866,-0.19085343,-0.09415834,0.1352917,-0.26819268,-0.3558594
-0.19828539,-0.26760754,0.07434367,-0.1356452,0.02135067,-0.06159598,-0.110215776,0.10800785,-0.24358325,-0.2857911
-0.18581119,-0.17316718,-0.1037205,-0.13527112,0.19024855,-0.04222124,-0.14350066,0.040146068,-0.40303797,-0.28238374
-0.16030398,-0.20510489,-0.04806854,-0.041556053,0.22516,-0.11795903,-0.1215728,0.041140597,-0.30279654,-0.095297605
-0.20255248,-0.09578524,0.031097276,0.012868335,0.24952583,-0.15555795,-0.22153285,-0.04926422,-0.4231142,-0.22633433
-0.073002025,-0.1414404,0.12132648,-0.102803476,0.2797663,-0.120803416,-0.27089238,0.05153565,-0.40007353,-0.16070385
-0.097183816,-0.1437815,0.15940842,0.024407936,0.11416931,-0.12560213,-0.2232562,0.01066312,-0.3116577,-0.18856134
-0.13673298,-0.105717495,0.10044364,0.07572947,0.2582417,-0.0858659,-0.13471869,-0.045688212,-0.4710912,-0.29534233
-0.10172672,-0.096446835,0.08525094,0.016245002,0.32505518,-0.12690407,-0.120826595,-0.023649689,-0.33467785,-0.25070667
-0.14395793,-0.007907494,0.03819391,0.051664542,0.19156477,-0.18200806,-0.083191626,-0.057112064,-0.35534468,-0.17098604
-0.24840616,-0.21194996,0.0023865134,-0.27638626,0.06079169,-0.07648441,-0.21366599,0.054023676,-0.32271257,-0.30553338
-0.2131779,-0.002348821,-0.01542577,-0.032858044,0.15336758,-0.2329552,-0.20102726,-0.12864372,-0.2713664,-0.1286872
-0.3307004,-0.14021458,0.09017352,-0.13034764,0.040131878,-0.12592879,-0.269966,0.0042780414,-0.30809626,-0.24961753
-0.16630827,-0.09823884,0.109169625,-0.04181683,0.27955052,-0.1581747,-0.13852976,0.016900837,-0.18004197,-0.12529907
-0.3718987,-0.11393804,0.1174887,-0.0457049,0.17567804,-0.11079723,-0.22547127,-0.009605321,-0.39201623,-0.20758983
-0.33676773,-0.17019886,0.03797982,-0.089631006,0.18500283,-0.03100483,-0.22364967,-0.03481034,-0.42024174,-0.25203758
-0.31061688,-0.13249736,0.20042482,0.047811817,0.24290854,-0.08515484,-0.17880455,-0.010186778,-0.39722756,-0.2787512
-0.26160032,-0.11407011,0.097285725,-0.04757812,0.112296715,-0.1473322,-0.23135693,-0.016940974,-0.37429532,-0.26219338
-0.1602164,-0.03946355,0.065204926,0.05899955,0.20583925,-0.18095613,-0.12231884,-0.0733219,-0.33937746,-0.24079177
-0.27262652,-0.057467878,0.071931176,-0.068714954,0.2711512,-0.15953203,-0.2294062,-0.085134394,-0.41408506,-0.16566563
-0.15490206,-0.06608568,0.050608397,0.116627805,0.21583217,-0.16373797,-0.11241057,-0.07970973,-0.38479757,-0.18932006
-0.06821268,-0.038426142,0.011333964,0.10904156,0.24296547,-0.17566743,-0.048616588,-0.087379254,-0.38332084,-0.2001223
0.060015276,-0.0528042,0.021730421,0.28313947,0.24361816,-0.17509547,0.12069536,-0.10083211,-0.34890944,-0.1897409
0.0021270555,-0.03253408,-0.027455194,0.15701067,0.24461637,-0.1990683,-0.022977658,-0.16948152,-0.31523713,-0.14934291
0.08173635,0.015163496,-0.069240786,0.23068981,0.2954262,-0.24207218,0.0814835,-0.23282236,-0.24084039,-0.16617405
0.06457701,0.043051973,-0.07426974,0.16167073,0.286103,-0.20543262,0.08676948,-0.20501415,-0.2492443,-0.1896863
0.10165363,0.07892894,-0.03397657,0.32160574,0.2805997,-0.38919598,0.058164258,-0.171151,-0.11194658,-0.013685103
0.0022252388,-0.0006383955,-0.024777034,0.187347,0.27588183,-0.2544622,0.0023178118,-0.17809315,-0.24227557,-0.13659659
0.15441497,0.12062041,-0.094574764,0.29833186,0.2774206,-0.3065227,0.08749825,-0.3318617,-0.16790314,-0.21400654
0.08567923,0.030553976,-0.085462175,0.28896224,0.27635467,-0.29854727,0.103480175,-0.20003057,-0.20866354,-0.117397785
0.014428175,0.097261384,-0.091852695,0.20109302,0.1575492,-0.26544324,0.048592623,-0.2556069,-0.29889852,-0.19846046
0.05489309,0.079426475,-0.11655328,0.3033181,0.30730015,-0.32850268,0.100118645,-0.25687408,-0.2183323,-0.113664664
0.060761996,0.05355433,-0.061879776,0.33490798,0.22193468,-0.2803658,0.11889511,-0.23508121,-0.29889542,-0.14298102
0.06087553,0.17541438,-0.16654594,0.2733141,0.35952395,-0.426166,0.043321755,-0.33767846,-0.23316644,-0.03262072
0.21809271,0.023273868,-0.10266055,0.29391265,0.423445,-0.21088487,0.096641295,-0.25772345,-0.11993914,-0.009825212
-0.04235136,0.12653898,-0.2263722,0.21397752,0.37744308,-0.31444123,0.11288591,-0.31218392,-0.2304928,-0.060251586
0.060119603,0.03424256,-0.10502121,0.20841609,0.29974928,-0.22636011,0.08260413,-0.2610929,-0.2706673,-0.17583948
0.06882072,0.12839593,-0.11131242,0.32039097,0.30439118,-0.31254125,0.10527051,-0.3354083,-0.24559258,-0.12471762
0.085606225,0.16595165,-0.078975834,0.36423495,0.33467105,-0.3010339,0.11649523,-0.3332399,-0.36254478,-0.30800608
0.1235921,0.104528114,-0.12478779,0.43276832,0.31373474,-0.30015936,0.22435735,-0.31218094,-0.33500287,-0.2447232
0.072747566,0.11653305,-0.13628255,0.3095966,0.1489107,-0.33398488,0.11569566,-0.29682365,-0.21934538,-0.3566643
0.2074536,0.18384339,-0.13493256,0.39970902,0.19815773,-0.389652,0.20621666,-0.36499694,-0.24318229,-0.112856455
0.07018103,0.07912517,-0.064554766,0.42442894,0.29801747,-0.35698763,0.17163517,-0.27993494,-0.070884146,-0.043367065
0.19747786,0.22467194,-0.15609658,0.3968696,0.35741553,-0.4090951,0.178028,-0.4270357,-0.19205832,-0.0304213
0.09828723,0.23456308,-0.1471303,0.44683722,0.3688881,-0.45766604,0.1630687,-0.40733457,0.026882831,0.06362234
0.17933196,0.19528626,-0.13667397,0.39667147,0.27511832,-0.37717158,0.18446422,-0.37233472,-0.10532181,-0.15320888
0.17630076,0.24037883,-0.123040125,0.42828932,0.37588945,-0.53413314,0.16470745,-0.39953622,-0.059380654,0.10125863
0.23661439,0.14730002,-0.18115133,0.38764942,0.27978972,-0.42168012,0.21040745,-0.35417306,0.0013448364,-0.048221465
0.23293962,0.1650256,-0.14708135,0.2742099,0.3676067,-0.45481417,0.049733225,-0.3142565,0.11089192,0.115512215
0.09318063,0.16754508,-0.09936557,0.3396386,0.37822273,-0.47080702,0.0030940375,-0.35350734,-0.033614304,0.17881861
0.116144985,0.09333589,-0.12607403,0.2366704,0.3404407,-0.38003814,0.048522767,-0.3146566,-0.012646962,0.06080355
-0.0004708096,0.09958811,-0.112027556,0.23026097,0.35617322,-0.41594702,0.047185164,-0.25123963,-0.015531852,0.10629759
0.03196014,0.07243045,-0.08419167,0.28449228,0.40274912,-0.40997538,0.03347923,-0.19326426,0.086993955,0.14505123
0.072203904,0.07028615,-0.1153206,0.30488056,0.39667806,-0.37340707,0.14067808,-0.2901227,0.016834918,0.03978073
-0.015631733,0.11609259,-0.048372418,0.15812626,0.3778697,-0.40060505,-0.0108402,-0.27934793,-0.031284418,0.12371448
0.07719586,0.06363229,-0.17269751,0.33195972,0.39402393,-0.3240904,0.21429546,-0.31181505,-0.016100565,0.01692001
0.11755404,0.02270861,-0.24103658,0.15657556,0.29581845,-0.28307927,0.15397644,-0.20060928,0.006690298,-0.050039575
0.08465919,0.08477542,-0.23763162,0.29788277,0.34802642,-0.35794333,0.2257415,-0.29571155,-0.035715275,-0.008109451
-0.05103921,-0.088430345,-0.12206095,-0.020921366,0.37187877,-0.2104129,-0.009847896,-0.11998916,-0.014896334,-0.02209128
-0.135352,-0.071800664,-0.103941046,-0.08320623,0.3247521,-0.1448291,-0.06777111,-0.025836064,-0.28396636,-0.09315377
-0.12929286,0.020537676,-0.07672167,-0.027947836,0.2653884,-0.22763088,-0.13681665,-0.17898329,-0.21463495,-0.10504487
-0.13563044,0.011484982,-0.037891358,0.15987147,0.3190589,-0.25845727,-0.058652923,-0.17240468,-0.27718243,-0.13392383
-0.093890764,0.034616016,-0.011625221,0.15442349,0.32255057,-0.25504988,0.042601176,-0.15139937,-0.19423877,-0.14943822
-0.025923455,-0.030317578,-0.025225472,0.12927616,0.35964727,-0.1894329,-0.012870555,-0.18152645,-0.27179387,-0.19960311
-0.05095041,-0.0002477169,-0.07356178,0.09864777,0.06424442,-0.24346468,0.007868635,-0.16545913,-0.15279575,-0.26794326
-0.12028247,-0.024369733,-0.020334272,0.10153017,0.29765224,-0.22862962,-0.04675391,-0.16193946,-0.18823048,-0.12525673
-0.10900883,-0.013465216,-0.040055558,0.17323832,0.28425837,-0.22532608,0.037864387,-0.15110303,-0.25328508,-0.18651332
-0.042269994,-0.011396183,-0.006785445,0.16097836,0.2609957,-0.2682099,-0.005974907,-0.13231684,-0.13802151,-0.15459162
-0.11030813,0.035134688,-0.03433425,0.18051411,0.24562417,-0.3005366,0.02615571,-0.17657307,-0.14959502,-0.07257503
-0.050642654,0.047406666,-0.115834415,0.25188005,0.28097767,-0.30088943,0.10391583,-0.24825878,-0.14507738,-0.13815565
0.049244057,0.003575906,-0.109185316,0.11613687,0.3571082,-0.2826217,-0.00811042,-0.22053158,0.010763945,-0.04922047
0.0162173,0.14753112,-0.08289216,0.24314548,0.26047346,-0.3514949,-0.012519376,-0.32978934,-0.13617674,-0.066173986
0.11298867,0.11775493,-0.15878205,0.27014726,0.21193258,-0.42836976,0.067680225,-0.2793367,0.11108853,-0.06618368
-0.0041885204,0.16642722,-0.16069202,0.2898094,0.3402399,-0.45926374,0.054408774,-0.3026817,-0.006111196,0.038139477
-0.009692425,0.15794721,-0.13950561,0.29603687,0.38277626,-0.43943256,0.058216326,-0.339576,0.09625198,0.083304
0.0905997,0.12774517,-0.13502859,0.36016232,0.3898267,-0.38779876,0.14370027,-0.2666692,0.041219424,-0.008647912
0.14375134,0.19456705,-0.15977024,0.3808474,0.398032,-0.42333618,0.15422672,-0.4051065,0.004580227,0.04844429
0.15058143,0.2093358,-0.13529965,0.40230152,0.42740443,-0.43151498,0.14686301,-0.39518484,-0.06932329,0.09930275
0.26740843,0.23960152,-0.1480892,0.40790865,0.33299568,-0.46527734,0.16926733,-0.42109847,-0.08625911,0.009467192
0.06857883,-0.013938061,-0.10178346,0.2201599,0.395409,-0.38394758,0.014824318,-0.09320355,0.0019010468,0.2086651
0.22905217,0.17598628,-0.14822392,0.39684397,0.5258412,-0.4520153,0.17120658,-0.38158652,-0.15640402,0.17820099
0.1192056,0.19490968,-0.14778829,0.38865125,0.5696183,-0.52774817,0.15308112,-0.42983836,0.14058372,0.26764044
0.15852912,0.13808736,-0.16137709,0.3457776,0.4362555,-0.49097392,0.12729383,-0.29532388,0.122579224,0.25677335
0.13336967,0.1742876,-0.24298297,0.3855037,0.4362122,-0.52090853,0.18559021,-0.39084187,0.18959776,0.16328794
0.030643648,0.020920487,-0.19364612,0.1785428,0.40090397,-0.44790685,0.0972594,-0.21364047,0.1903406,0.27074766
0.16871049,0.11937739,-0.21232419,0.22328267,0.45216027,-0.37961704,0.12982923,-0.2845464,0.12012064,0.09675753
-0.06905824,-0.031634353,-0.09938285,0.11889198,0.44497955,-0.34667027,0.015044619,-0.11529398,0.10663928,0.16314402
0.073679514,-0.056486167,-0.10059844,0.20578232,0.32653645,-0.26678967,0.07826789,-0.06878285,0.06332886,0.015109939
-0.0011115498,-0.08015516,-0.059335187,0.120725244,0.44703096,-0.27944565,-0.00666607,-0.034965597,0.12091602,0.14666057
-0.035864,-0.118974246,-0.027327646,0.0657257,0.40830177,-0.18577519,-0.05072146,-0.036686685,-0.14329274,-0.05820942
-0.15827443,-0.13937332,-0.071869984,-0.055081412,0.35644457,-0.19823271,-0.04193618,-0.019331729,-0.10014125,0.037415583
-0.0081285685,-0.15601726,0.054407712,0.027922,0.37619865,-0.15660608,-0.16371357,-0.009163954,-0.21964426,-0.05257536
-0.14065914,-0.08042622,-0.16115038,-0.018565653,0.3489803,-0.13331574,-0.0051642177,-0.05452863,-0.28864542,-0.09380133
-0.06812664,-0.13720664,-0.015134967,0.08378774,0.1778428,-0.10423988,-0.01092491,-0.017619869,-0.31429803,-0.15674925
-0.21001133,-0.0011739874,-0.097640075,-0.07353961,0.18840078,-0.15344094,-0.12688753,-0.17378958,-0.32830173,-0.25531226
-0.1669707,-0.09641779,-0.117730565,-0.017010955,0.28608876,-0.108889244,-0.050030716,-0.062408663,-0.3586657,-0.22483179
-0.16875516,0.0735283,-0.10612649,0.16488512,0.21804893,-0.19696303,0.0021638835,-0.27934495,-0.37693053,-0.20337966
-0.21311267,-0.01750925,-0.120964676,0.041145567,0.19545215,-0.12690456,-0.0705817,-0.18525629,-0.45697635,-0.39685047
-0.16622476,0.027496945,-0.009362036,0.2223563,0.056896906,-0.2312113,0.04681864,-0.15257782,-0.22504568,-0.2512055
-0.11971541,-0.087380715,-0.044176746,0.076915696,0.048679482,-0.13429703,-0.0464964,-0.07857627,-0.35721874,-0.2601317
-0.047848027,-0.067086704,-0.050824575,0.08825663,0.109642826,-0.13339083,-0.022405228,-0.07387297,-0.38862997,-0.22864959
-0.020182677,-0.08019889,-0.111181945,0.20236975,0.28624406,-0.1324616,0.09266424,-0.13238922,-0.44482282,-0.25921437
-0.18661743,-0.030237827,-0.08369864,0.0042827986,-0.02136041,-0.16256216,-0.020253107,-0.047244105,-0.34078717,-0.29514614
-0.15730491,-0.047281258,-0.12021086,0.08166421,0.18731967,-0.22816339,-0.044796906,-0.09659412,-0.2928083,-0.26531094
-0.1727066,-0.0221472,-0.10529248,0.021861997,0.092150785,-0.19827056,-0.08261132,-0.15962426,-0.25914365,-0.13896073
-0.1631313,-0.08457896,-0.019166894,0.16969787,0.20127994,-0.2075587,-0.022755882,-0.073973745,-0.19052514,-0.1314818
-0.10352377,-0.17741229,-0.08836121,0.0066531883,0.13777457,-0.10090113,-0.04836224,-0.0013215105,-0.32227334,-0.33593744
-0.07577437,-0.07194849,-0.07760402,0.116871305,0.08779535,-0.26595375,0.010623294,-0.04480216,-0.16507927,-0.2494707
-0.067036465,-0.14921083,-0.032088153,0.03618296,0.080057055,-0.14373392,-0.031355053,0.02389179,-0.28397524,-0.3319145
-0.03475439,-0.18363582,0.04258471,-0.15055412,0.23158167,-0.09322547,-0.16347672,0.05509099,-0.2640655,-0.22274326
-0.195499,-0.066744,-0.075665325,0.11496757,0.26196522,-0.18962003,-0.02582116,-0.08161967,-0.32506922,-0.1976887
-0.1888974,-0.1530738,-0.032933883,-0.14389075,0.0808395,-0.15396696,-0.17143928,0.04474071,-0.20603098,-0.2329004
-0.13620344,-0.16719145,-0.032201417,0.008481311,0.29370612,-0.17879967,-0.08347884,0.09252141,-0.25255224,-0.07820935
-0.1760532,-0.14336225,-0.02237894,-0.04895948,0.25933558,-0.12414024,-0.07597158,0.06673302,-0.22250512,-0.09788869
-0.18261999,-0.23122802,-0.0303453,-0.10654915,0.21999627,-0.061648086,-0.10616098,0.13951486,-0.3020753,-0.2042316
-0.28347605,-0.26270536,0.060339555,-0.16641298,0.23626141,-0.006485103,-0.12648116,0.14618428,-0.28515226,-0.27824938
-0.24420238,-0.29590774,0.00028781593,-0.21400891,0.12296756,-0.005074785,-0.20461935,0.22217885,-0.43594375,-0.34581885
-0.2373538,-0.27644232,0.041259635,-0.15149693,0.1225318,-0.013489828,-0.14348875,0.20642374,-0.44226,-0.42925614
-0.3303779,-0.30877978,0.040237743,-0.20038062,0.24116755,0.004043408,-0.1851149,0.24710393,-0.42663962,-0.27572456
-0.27699453,-0.33543795,0.0521197,-0.13826714,0.06681469,0.04514086,-0.1579844,0.2093906,-0.3991253,-0.3050731
-0.19596896,-0.32361564,0.07061708,-0.041487955,0.2867843,0.062800206,-0.08700169,0.22421516,-0.45869526,-0.33408234
-0.30610922,-0.36542472,0.025343131,-0.29643542,0.26615995,0.087893195,-0.20760374,0.30172828,-0.5095545,-0.37721482
-0.3445634,-0.35183877,0.0004367232,-0.3263733,0.1430283,0.067732394,-0.2128094,0.24324594,-0.43461898,-0.48025095
-0.38375825,-0.3378803,0.049521882,-0.26939535,0.061970003,-0.06416012,-0.29366514,0.24339882,-0.466411,-0.5561617
-0.33554083,-0.37954164,0.11154348,-0.29409912,0.11620515,0.013382142,-0.31427857,0.24645706,-0.40812483,-0.3074388
-0.32703158,-0.31307876,0.124223955,-0.27991095,0.015358104,-0.021707984,-0.36065173,0.21281138,-0.4406003,-0.36821648
-0.37907308,-0.45894894,0.068181515,-0.33505744,0.12517197,0.01273298,-0.34183258,0.36953333,-0.3951855,-0.30022356
-0.3836976,-0.39300913,0.24747343,-0.24735013,0.12635052,0.07027488,-0.35662845,0.24346262,-0.48816267,-0.39727718
-0.37531227,-0.28488752,0.16373532,-0.18755277,0.07081997,0.013884308,-0.2757221,0.17044872,-0.45881116,-0.41196737
-0.41720045,-0.36234593,0.2537878,-0.22109026,0.22962162,0.046723116,-0.3103749,0.263385,-0.39682272,-0.32225066
-0.39254904,-0.34241205,0.19705735,-0.23761007,0.055302106,0.023582049,-0.28555664,0.27477452,-0.5698315,-0.56762403
-0.3904747,-0.3622706,0.16465624,-0.23429947,0.12685661,0.05450727,-0.2714872,0.267422,-0.47642156,-0.4424428
-0.32648304,-0.38461113,0.2421875,-0.23395978,0.055661142,0.045090746,-0.33742806,0.2963891,-0.48727527,-0.50527227
-0.30162957,-0.34043273,0.22074045,-0.14329244,0.067866504,0.04248072,-0.27467552,0.21357189,-0.3124344,-0.33462706
-0.3539687,-0.35303244,0.2548951,-0.21654823,0.06496805,0.15253666,-0.3231813,0.18792926,-0.60624146,-0.49789265
-0.364162,-0.30732936,0.29413775,-0.18574113,-0.098180935,0.08974259,-0.29695612,0.12810433,-0.587952,-0.64012355
-0.38264367,-0.22248834,0.24915405,-0.13029853,-0.017841382,0.05493995,-0.28160176,0.054797955,-0.60490996,-0.4791279
-0.21184383,-0.2453349,0.24731849,-0.03491068,0.013563807,0.008532288,-0.23893489,0.07475056,-0.46124294,-0.42712614
-0.068245694,-0.12241694,0.090921566,0.1503204,0.0463661,-0.10069994,-0.026486145,-0.02957839,-0.42925218,-0.32011554
-0.15240368,-0.041274585,-0.023543902,-0.04755483,-0.0053122253,-0.097086884,-0.10201559,-0.093462944,-0.41349077,-0.3861201
-0.11801718,0.06949132,0.077849366,0.18205677,-0.051393665,-0.25072518,-0.057411425,-0.18017873,-0.3841885,-0.3524215
-0.075501546,0.026384488,-0.070485815,0.19610073,0.02399227,-0.23834701,0.0535106,-0.14752093,-0.33417854,-0.26925457
-0.07041636,0.07947244,-0.050172605,0.16890146,0.067410916,-0.32092786,-0.053624578,-0.15757,-0.25727654,-0.18295172
0.009537921,0.003387751,-0.102912195,0.15536784,0.2471879,-0.22780825,0.02202641,-0.1925796,-0.26323006,-0.09369074
-0.04781467,-0.009958177,-0.06353551,0.16225845,0.21715549,-0.23173325,0.014604119,-0.11879523,-0.27603358,-0.13361743
0.034745492,-0.003628387,-0.12927786,0.15265341,0.3153305,-0.19203095,0.047395628,-0.20127563,-0.322659,-0.078990765
0.108858675,0.017791659,-0.06414905,0.18183175,0.2214087,-0.24616161,-0.0072724433,-0.20340113,-0.2106773,-0.1896159
0.017097903,0.035080127,-0.1255562,0.1942377,0.21566036,-0.28421512,0.040447053,-0.19128186,-0.2044278,-0.22319548
0.095837265,0.03189048,-0.08929222,0.24531484,0.2006983,-0.20464541,0.045477647,-0.26808357,-0.30428055,-0.33215562
0.10690214,0.18285759,-0.05357177,0.38015592,0.21270144,-0.3029364,0.10229945,-0.40567222,-0.31974295,-0.21376595
0.061745055,0.13332078,-0.095110565,0.22335514,0.19732164,-0.25465566,0.054169394,-0.3347234,-0.28822517,-0.17316934
0.1809225,0.21288934,-0.11383973,0.3865314,0.25715172,-0.4520216,0.08225367,-0.36107716,-0.21865326,-0.074255936
0.22139876,0.224367,-0.113309585,0.54437554,0.27474558,-0.47678256,0.2836694,-0.40681973,-0.102700904,-0.07029189
0.1631369,0.21689644,-0.2219587,0.44632253,0.31855944,-0.48180774,0.27299064,-0.42989877,-0.018159937,-0.017448423
0.15855686,0.22046456,-0.090633616,0.50161564,0.17014052,-0.48378816,0.21464773,-0.42291865,0.029971337,-0.075041175
0.16863336,0.20027812,-0.2515356,0.43233505,0.28661993,-0.48654896,0.27405086,-0.397693,-0.023525788,-0.04030883
0.26849833,0.23329301,-0.2458741,0.46929967,0.23541853,-0.50744194,0.2678441,-0.4166861,-0.05588036,-0.0051470688
0.26068813,0.13707396,-0.2643843,0.3208694,0.2237733,-0.49332696,0.22526246,-0.2877495,0.10301889,0.048980866
0.36302146,0.15689087,-0.29194367,0.3961596,0.31514916,-0.54457825,0.13567229,-0.38080925,0.13747506,0.165153
0.14142251,0.15023784,-0.1700746,0.2826738,0.36728588,-0.56175417,0.04483011,-0.3046131,0.11235255,0.2362521
0.16169834,0.1802203,-0.16356048,0.36716914,0.44207403,-0.51682353,0.15713574,-0.41302454,0.03935962,0.26727113
0.16939948,0.18873125,-0.16830447,0.4313632,0.47857174,-0.53067195,0.19969176,-0.40340132,-0.02169741,0.2735204
0.12926331,0.15685964,-0.23185392,0.42093146,0.41228124,-0.5033297,0.27679217,-0.38634452,0.1698892,0.21799278
0.10439296,0.13824622,-0.18461844,0.37912902,0.4067592,-0.46007308,0.15043569,-0.35039297,-0.041402664,0.1870976
0.17998955,0.20658663,-0.25135994,0.415075,0.5472122,-0.48257306,0.20729285,-0.44691154,0.057743274,0.23921481
0.07148794,0.18318295,-0.16704606,0.4111115,0.41094512,-0.52888715,0.19651097,-0.3882912,0.08938961,0.1501782
0.11158449,0.013832,-0.18069093,0.28466362,0.3982422,-0.39483154,0.19847839,-0.15317881,0.16834888,0.2032994
0.14655656,0.17463437,-0.2731644,0.38885686,0.31723532,-0.4473683,0.23662885,-0.3740179,0.099827364,0.0036378491
0.17310885,0.07263275,-0.24854915,0.25408196,0.37679076,-0.35790488,0.16968384,-0.25405306,0.09504147,0.059089735
0.15473884,0.14184673,-0.23500083,0.3761449,0.31870514,-0.42906213,0.21859327,-0.34244865,0.036805984,0.007835213
0.14242348,0.119213164,-0.22529696,0.43843585,0.37565845,-0.4873498,0.2490672,-0.26744726,0.10072935,0.12736753
0.28476825,0.14853415,-0.23673579,0.41022527,0.40887088,-0.45725992,0.23197317,-0.37156197,0.18273899,0.18602927
0.16884828,0.12132578,-0.23476374,0.33105195,0.475221,-0.357258,0.18921632,-0.3210572,0.14026569,0.02895672
0.34880802,0.14957306,-0.15749939,0.55306137,0.4332459,-0.36445206,0.29242003,-0.33749822,-0.026990771,0.023520274
0.26658985,0.089877546,-0.17314357,0.34442386,0.327263,-0.3108173,0.23798989,-0.26578337,-0.12961842,-0.0043670703
0.24303018,0.04923865,-0.26165086,0.28973907,0.43717906,-0.26956305,0.2497618,-0.24898328,-0.1998255,-0.09690079
0.005305032,-0.008949756,-0.22798246,0.17841293,0.34967884,-0.24441732,0.17116743,-0.18888506,-0.062315468,-0.08741171
0.005256392,-0.049262132,-0.22099988,0.10146308,0.32588512,-0.2889577,0.036825463,-0.16617121,-0.083662644,-0.017269295
0.019408097,-0.05178879,-0.14465137,0.10314785,0.3316338,-0.2587429,0.0452711,-0.11133012,-0.10797675,-0.0899378
-0.0115406085,-0.0022654792,-0.14457294,0.12550074,0.35681427,-0.2604472,0.028944146,-0.21141972,-0.09237001,-0.018375473
-0.19518562,-0.06702078,-0.07843628,0.040563174,0.27348867,-0.24934477,-0.07570533,-0.036133014,-0.09370242,-0.020644711
-0.13697293,-0.07704319,-0.12136046,0.08994483,0.29350343,-0.17857766,0.02384414,-0.11484004,-0.21204326,-0.10749844
-0.20976523,-0.096866645,-0.084269404,0.08070995,0.33733,-0.22320774,-0.06276125,-0.04891928,-0.19024639,-0.015549792
-0.23283717,-0.17890237,-0.119278885,-0.12982288,0.30102116,-0.17526917,-0.07992747,0.018734323,-0.100588,-0.07607863
-0.18342297,-0.061956875,-0.0059045465,0.09664476,0.38397408,-0.25792482,-0.08059648,-0.06741354,-0.11244206,0.034472853
-0.19079015,-0.11457858,0.038693473,-0.099977605,0.37688136,-0.1582844,-0.139356,0.03114132,-0.18336469,-0.099400505
-0.128544,-0.18768577,-0.011521374,0.0015190903,0.3316406,-0.17789133,-0.019890158,-0.035084736,-0.05724504,0.018457506
-0.28829965,-0.17456064,0.08622076,-0.17895514,0.37165594,-0.13480209,-0.25583115,0.097953185,-0.2269474,-0.10064922
-0.29681906,-0.15493453,0.10930265,-0.116454035,0.37962526,-0.111421525,-0.1637657,0.039488472,-0.17915988,-0.19202876
-0.17829527,-0.13902338,0.12815903,0.03359111,0.29337806,-0.16350952,-0.1330603,0.03368643,-0.21377379,-0.18415292
-0.2282413,-0.10107771,0.10994978,0.022431064,0.22307271,-0.119864166,-0.15580796,-0.08815135,-0.26458368,-0.21295562
-0.10207715,-0.23274176,0.03204708,-0.013551575,0.3109026,-0.11813435,-0.10093073,0.01152458,-0.17267117,-0.026201628
-0.26077017,-0.069672085,-0.0019146032,-0.030850496,0.24546571,-0.14454025,-0.13913408,-0.058958612,-0.35218138,-0.22689027
-0.106510304,-0.1210925,0.014074648,0.16123062,0.21572186,-0.0850388,0.0058910167,-0.10613792,-0.41214213,-0.4116753
-0.14371808,-0.06872018,0.009981509,0.067290895,0.06809865,-0.15037186,-0.04229685,-0.056394886,-0.33681932,-0.33097017
-0.05496773,-0.024861382,0.029236818,0.12079282,0.055311974,-0.18429855,-0.061813273,-0.11091815,-0.41314515,-0.4065298
-0.032340687,-0.099554636,0.026498744,0.14187194,0.16714503,-0.20054452,-0.03497031,-0.0005013495,-0.38652155,-0.2851354
0.040502775,-0.05525518,0.033432305,0.21897277,0.18479507,-0.15710963,0.043127708,-0.10714147,-0.36015075,-0.31996435
0.05817535,-0.009828996,-0.018150602,0.24288361,0.21439347,-0.2390367,0.05568214,-0.16501307,-0.30539933,-0.24920987
-0.009119497,0.03370059,-0.16984046,0.26043266,0.29186332,-0.22670521,0.14223407,-0.24339941,-0.34614468,-0.18884112
0.024704406,0.06400686,-0.1106242,0.28032854,0.08260854,-0.2622285,0.14838952,-0.2201355,-0.31754607,-0.30053878
0.025744073,0.04330864,-0.13409568,0.17588826,0.08548957,-0.30166274,0.09099988,-0.20544876,-0.09450128,-0.119888134
-0.055292297,0.08362278,-0.061194483,0.16014981,0.14233047,-0.2773018,-0.040807,-0.24689542,-0.24525762,-0.21894424
-0.0272403,0.00702687,-0.06005345,0.17864826,0.1585482,-0.32898647,-0.045369435,-0.16621082,-0.11719733,-0.011476877
0.010148304,-0.025968285,-0.011166615,0.2731365,0.1325886,-0.28073406,0.03430565,-0.11402352,-0.10911943,-0.19820778
0.07195066,-0.020885738,-0.062194094,0.2001888,0.17839341,-0.2764888,0.043309342,-0.14849043,-0.06921025,-0.2141966
0.039592028,0.09227266,-0.02721574,0.2412245,0.30543414,-0.31840158,0.07170184,-0.21195018,-0.18254861,-0.07391405
-0.04537369,-0.021748109,-0.024109287,0.22411314,0.296546,-0.21919301,0.070871785,-0.17105047,-0.23143643,-0.12123631
0.058098424,0.040876664,-0.05325984,0.22113472,0.27824256,-0.27147043,0.051544007,-0.2378477,-0.19991113,-0.1436883
0.043526355,-0.018561883,-0.10425925,0.16427891,0.27452075,-0.222065,0.06423498,-0.2049971,-0.1893929,-0.1534268
0.0023393645,-0.07506494,-0.076292865,0.028343705,0.33110076,-0.2029368,-0.046271816,-0.11178496,-0.09396672,-0.059743874
-0.10251546,0.0065066195,-0.0066857683,0.049872234,0.3217671,-0.25213718,-0.10548268,-0.105868965,-0.2830361,-0.27022296
-0.05460287,0.065322,-0.041553173,0.14737651,0.16449995,-0.24856347,-0.06841013,-0.18242945,-0.325403,-0.33594716
-0.05950446,-0.033825617,-0.021145128,0.08516818,0.056001544,-0.20447022,-0.050862268,-0.10952839,-0.27118164,-0.28689358
-0.21452428,-0.0283374,-0.06995127,0.042461447,0.11090089,-0.1843843,-0.09389243,-0.10042639,-0.33414268,-0.25932297
-0.17824554,-0.07304375,-0.005046444,0.09361202,0.024062175,-0.19413395,-0.07126591,-0.05179143,-0.31615815,-0.25618798
-0.18190446,-0.02984217,0.06259139,0.122279905,0.1350272,-0.25938308,-0.09037485,-0.089593835,-0.24154587,-0.15545519
-0.17834312,-0.0124783,-0.0041105365,0.06045841,0.10753079,-0.22773805,-0.15767963,-0.1640903,-0.32375494,-0.083760396
-0.09301155,-0.010191073,0.041094698,0.11721651,0.13369009,-0.19533311,-0.080119886,-0.16691294,-0.30875373,-0.22481523
-0.08827145,-0.027439112,-0.03805274,0.07481277,-0.020586748,-0.19268638,-0.054708682,-0.11540056,-0.2689901,-0.38118964
-0.16124515,-0.0341188,-0.070513986,0.06982758,-0.014852996,-0.13177703,0.008680178,-0.12830022,-0.31327933,-0.34721208
-0.15397006,-0.070398085,-0.042026114,-0.08915642,0.0025223813,-0.15249746,-0.14661191,-0.061973,-0.34275326,-0.36623222
-0.13272113,0.052451055,-0.06808724,0.18205592,0.16272873,-0.2384539,0.015242089,-0.21713673,-0.28584984,-0.22630017
-0.17083961,-0.00037178394,-0.18942675,0.07911158,0.15474895,-0.20353101,8.9384615e-05,-0.13571508,-0.29443392,-0.15653823
-0.120184444,0.010702298,-0.16389097,0.06307536,0.16810863,-0.19271667,-0.015309323,-0.25417262,-0.23210314,-0.08565187
-0.14481236,0.07186217,-0.121997185,0.17642233,0.12973619,-0.24862523,0.016606934,-0.23101254,-0.24687627,-0.10707297
-0.046888728,-0.0340807,-0.09051553,0.09998218,0.17919858,-0.18346635,-0.04046929,-0.14689873,-0.20878534,-0.120432556
0.058591787,0.053062666,-0.11641631,0.2451475,0.23774958,-0.2247612,0.09585673,-0.29727533,-0.25977623,-0.20412876
0.02103677,0.09745928,-0.11021081,0.19823515,0.21490903,-0.25864875,0.029635957,-0.3298894,-0.16437066,-0.15207204
0.053425394,0.08401427,-0.109722696,0.28359428,0.28803647,-0.24907151,0.116143815,-0.33598608,-0.277242,-0.19372585
-0.04060733,0.124208935,-0.06401753,0.17182927,0.23835877,-0.29300466,-0.067227125,-0.33658114,-0.30879304,-0.15420632
0.055639703,0.22684494,-0.112714656,0.3682375,0.32405278,-0.38817635,0.13426796,-0.3937115,-0.13760616,-0.098455645
0.047048036,0.22256343,-0.09370943,0.381155,0.34674627,-0.53123987,0.04233323,-0.39547172,-0.1495471,0.093389705
0.15960187,0.22182071,-0.19721678,0.41194418,0.46216977,-0.48807254,0.19386847,-0.416785,-0.04257376,0.1835517
0.13238461,0.23422043,-0.11723174,0.46937203,0.4447009,-0.53541356,0.21526721,-0.50165945,0.060763966,0.19890192
0.23723485,0.22981338,-0.1605397,0.43134564,0.59534776,-0.5240774,0.23056,-0.48996177,-0.09734039,0.2781995
0.18653706,0.17701541,-0.1293257,0.42759287,0.45620424,-0.5130667,0.18608981,-0.36745754,0.064037606,0.23848334
0.20560983,0.18427281,-0.26799637,0.3885015,0.5380882,-0.3398228,0.3028142,-0.38671324,0.022826953,0.12223865
0.28950578,0.18075718,-0.22119582,0.41854045,0.468027,-0.4208054,0.25007465,-0.38518187,0.072528385,0.10813663
0.18155634,0.2332312,-0.2450311,0.4180697,0.47568262,-0.49625552,0.2267182,-0.4588117,-0.029977556,0.10595652
0.20255879,0.14385006,-0.1831168,0.4068399,0.44745067,-0.4094051,0.19674546,-0.36769345,-0.031812456,0.032034885
0.23902756,0.3002871,-0.20971611,0.58399975,0.4881175,-0.46501958,0.31228942,-0.5245345,-0.076399446,0.0625666
0.24859409,0.23716211,-0.1298788,0.52882046,0.38737383,-0.4766659,0.21916322,-0.41250893,-0.034716528,0.013584978
0.42523926,0.28830582,-0.164838,0.6573795,0.45340106,-0.63728017,0.34976834,-0.4978913,0.15959868,0.21663895
0.6876404,0.301021,-0.1902127,0.6704834,0.37772626,-0.58288574,0.42209727,-0.5163378,0.17910972,0.12245372
0.37321404,0.32199222,-0.21224587,0.52491117,0.374983,-0.66319144,0.27489427,-0.5212382,0.1753639,0.205633
0.4130804,0.29910195,-0.26510084,0.6986923,0.43889555,-0.6071421,0.48134392,-0.5459411,0.29515484,0.15933715
0.37552303,0.4060311,-0.21955216,0.6392065,0.410406,-0.6816688,0.36603692,-0.62765384,0.2752235,0.2384025
0.7849073,0.32585838,-0.27108648,0.7026353,0.40619808,-0.64283425,0.44446957,-0.6107523,0.40430707,0.19150436
0.35694873,0.33793056,-0.34572452,0.6077797,0.40637022,-0.7611109,0.40416062,-0.5072859,0.405999,0.3527753
0.6650678,0.3269966,-0.3343111,0.65625864,0.5573007,-0.63465345,0.3838324,-0.6016073,0.39410895,0.33664563
0.44719446,0.27005786,-0.25592983,0.61014295,0.46290144,-0.6466061,0.3421604,-0.4902087,0.44235355,0.41834196
0.41787603,0.30669373,-0.23097701,0.577405,0.50115407,-0.63413614,0.36361676,-0.5173623,0.36404976,0.41534466
0.44554478,0.32738256,-0.28969297,0.73671925,0.5743451,-0.6567358,0.3909752,-0.5284476,0.3573508,0.51781255
0.569835,0.28520265,-0.25219557,0.5954091,0.58859783,-0.60468084,0.37067834,-0.50560117,0.24229778,0.49051034
0.84167755,0.3072564,-0.3927731,0.68934655,0.6980718,-0.63274974,0.51906717,-0.55682504,0.2694907,0.46120572
0.7381514,0.37181243,-0.347737,0.5856245,0.64351434,-0.5477343,0.44277158,-0.6574431,0.12391726,0.2972579
0.51903325,0.4160556,-0.34345716,0.59560883,0.66215825,-0.5639555,0.33983362,-0.6767267,0.1573284,0.19681923
0.8115321,0.44161588,-0.35637975,0.6398666,0.4691106,-0.70315266,0.39211932,-0.6926573,0.13912016,0.1935022
0.79765344,0.4547583,-0.43431318,0.6275122,0.4916097,-0.68540746,0.40398464,-0.76572126,0.1008176,0.23423871
0.5118013,0.44078392,-0.33382374,0.720139,0.537052,-0.66700727,0.44087273,-0.718362,0.17382511,0.2612371
0.5191176,0.33387992,-0.4263124,0.60154384,0.49166816,-0.6877506,0.37699348,-0.5846311,0.2913765,0.3273569
0.45662454,0.4628659,-0.39721382,0.71746045,0.5816777,-0.80703753,0.39088058,-0.72497183,0.4364124,0.5167827
0.40908173,0.31004617,-0.40094596,0.5844847,0.536391,-0.7143994,0.2785929,-0.5494837,0.3965905,0.46226874
0.37806487,0.3484015,-0.31536138,0.6202569,0.6041571,-0.7571931,0.28454256,-0.6382892,0.4277967,0.60457873
0.44588634,0.32097703,-0.30693167,0.69311625,0.7023845,-0.50544363,0.38736624,-0.6132461,0.29110375,0.44042376
0.38679153,0.35713258,-0.29591542,0.6015525,0.6206199,-0.62131923,0.3065488,-0.67076135,0.4093035,0.41124305
0.6158094,0.28595474,-0.3180615,0.64040065,0.5809346,-0.6613964,0.39062202,-0.4931986,0.27480608,0.45680776
0.5709398,0.4389528,-0.30042776,0.75963587,0.60721326,-0.72623384,0.425363,-0.6643213,0.42082572,0.38996914
0.5407293,0.31711233,-0.3422656,0.6254225,0.6988516,-0.6308322,0.32662353,-0.6103171,0.28317142,0.49790162
0.71232873,0.33332723,-0.31381258,0.7853755,0.69986653,-0.65252084,0.46441266,-0.5520644,0.35075316,0.4812587
0.5469337,0.20248891,-0.26622984,0.5292723,0.7364465,-0.5633081,0.39166012,-0.3898877,0.2247751,0.5010588
0.4627278,0.24467483,-0.2761608,0.4778381,0.7376938,-0.5548113,0.28010786,-0.4325438,0.17774034,0.42728305
0.5096761,0.116833426,-0.2563096,0.34278303,0.7861604,-0.4250682,0.18651937,-0.30432203,0.16727671,0.40660208
0.40658447,0.10820577,-0.31359798,0.4854788,0.69824797,-0.4377062,0.25717705,-0.29336044,0.16714421,0.42856553
0.28645945,0.07040646,-0.25873375,0.31534955,0.68722475,-0.40555093,0.1755896,-0.24594915,-0.076434925,0.348341
0.21822898,0.1253374,-0.1266951,0.47050026,0.6699943,-0.30188772,0.2075064,-0.2739216,-0.26200655,0.20358157
0.1790535,0.10091975,-0.1531467,0.44857436,0.46965638,-0.34025094,0.2413996,-0.25698978,-0.21230139,0.03842559
0.16480693,0.07943676,-0.14524586,0.43984002,0.4805357,-0.35691392,0.24599947,-0.20750621,-0.24255726,0.015761008
0.36467075,0.077624515,-0.1777516,0.3531386,0.47906816,-0.30910298,0.24285279,-0.20115796,-0.13704178,0.091778085
0.24046758,0.04913816,-0.18866038,0.25803688,0.4086559,-0.24709204,0.17753372,-0.23304555,-0.17903617,-0.04188278
0.105579086,-0.03360058,-0.21024565,0.20798089,0.3730953,-0.23080449,0.15014637,-0.12222128,-0.20123942,-0.020810654
-0.026622532,0.02234796,-0.18893139,0.06986079,0.24918193,-0.26076224,0.025077011,-0.20362426,-0.1171811,-0.07633583
-0.07144926,-0.0531798,-0.12139449,0.16538766,0.31492522,-0.29046196,0.0464389,-0.087083526,-0.13813585,-0.052187253
0.029779669,0.050215412,-0.0636208,0.14842474,0.28765094,-0.3110953,-0.08148476,-0.19708909,-0.1191955,-0.1475764
-0.05871469,0.033234898,-0.020375218,0.20034133,0.3252773,-0.32551485,-0.040951762,-0.16363177,-0.1836542,0.01352195
-0.0768871,-0.041858178,0.005801687,0.10058302,0.30633146,-0.27380902,-0.11117738,-0.101301186,-0.071578175,-0.06773292
-0.12285423,0.0729171,0.017314931,0.2125002,0.36182338,-0.33918774,-0.03272287,-0.23022184,-0.096001364,-0.06106959
-0.10324287,-0.011252584,0.025396124,0.14850733,0.2698954,-0.23003225,-0.021247467,-0.18573643,-0.14890517,-0.17445941
0.0861496,0.00014223158,0.012936824,0.34411728,0.25815782,-0.2537831,0.06695505,-0.1529591,-0.20610438,-0.11859856
0.027705919,-0.10685829,0.010696756,0.11164475,0.23348214,-0.17137878,-0.01249816,-0.026938524,-0.22794247,-0.1655582
0.0075064343,-0.033011775,-0.012746136,0.1340878,0.15832755,-0.2294332,-0.03639919,-0.012274878,-0.20123503,-0.13559318
0.07238667,-0.04361894,-0.03601559,0.21080515,0.18074895,-0.24393341,0.06354816,-0.093098894,-0.19112821,-0.2132059
0.12294959,-0.0647734,-0.06483844,0.25556287,0.1585464,-0.21423262,0.11427794,-0.11627118,-0.26124585,-0.268577
0.076231554,-0.029116832,-0.06917563,0.3191423,0.11412825,-0.28478923,0.12506397,-0.11420764,-0.28589246,-0.26035535
0.07584433,-0.01769063,-0.12670308,0.27933365,0.032706898,-0.2618459,0.20567094,-0.122740366,-0.15519257,-0.2302289
0.1001234,-0.060119253,-0.051402137,0.17998259,0.2086177,-0.19596384,0.08423972,-0.06978789,-0.08526527,-0.08223246
0.0057872203,-0.06366634,-0.14680162,0.1823261,0.23365712,-0.20169148,0.12761326,-0.12363542,-0.25160316,-0.21121024
-0.03792787,-0.10366545,-0.1592671,0.083544336,0.2707801,-0.14527941,0.11267819,-0.0662655,-0.22806147,-0.21885122
-0.14816435,-0.11703348,-0.1512007,0.0920132,0.1717875,-0.159867,0.06780558,-0.0641641,-0.2671912,-0.28583813
-0.21012607,-0.06738921,-0.16838217,0.06955211,0.17925121,-0.13577813,-0.004507809,-0.11248326,-0.38005286,-0.27712435
-0.0017947945,-0.039466515,-0.15846013,0.055019487,0.17102073,-0.1160039,0.00016417354,-0.17826107,-0.3634053,-0.16928709
-0.21192718,-0.081231296,-0.035439156,0.056287784,0.05174853,-0.1653109,-0.105298944,-0.056927193,-0.35198155,-0.28853697
-0.07217173,0.0016892834,-0.041494276,0.119345136,0.112458766,-0.16713406,-0.010266249,-0.17356409,-0.35857302,-0.21472923
-0.14833564,0.029429115,-0.08757422,0.07401086,0.10809581,-0.23038937,-0.070085414,-0.23988436,-0.20954315,-0.22976667
-0.08738436,-0.016452512,-0.051866304,0.07550797,0.20163503,-0.22806631,-0.06378148,-0.15010174,-0.21515577,-0.12911071
-0.16509236,-0.095861204,-0.060688715,-0.09025361,0.14562897,-0.19909328,-0.16636099,-0.052168306,-0.13562563,-0.16397421
-0.15328246,-0.013977482,-0.0879896,0.030839927,0.27434337,-0.2260724,-0.08675748,-0.16541573,-0.20642765,-0.16409393
-0.3063206,-0.04625305,-0.07988311,-0.0074201804,0.2699267,-0.22336458,-0.106625095,-0.083726496,-0.22298433,-0.1375358
-0.111147925,-0.042042494,-0.039975252,0.11903627,0.19391444,-0.2613565,-0.051839836,-0.13265803,-0.10332628,-0.14951608
-0.2546341,0.019756205,-0.024761532,0.109563336,0.25657904,-0.24887727,-0.09982765,-0.24172835,-0.20099646,-0.09488578
-0.22848563,-0.059074618,0.022948854,0.06435932,0.23767455,-0.18358923,-0.1033256,-0.15635116,-0.16729084,-0.10068648
-0.28484005,-0.057123527,-0.013085974,-0.05677615,0.29377124,-0.23362817,-0.14984119,-0.070683144,-0.09710557,-0.14595954
-0.18007083,0.015103235,-0.03432967,0.13784137,0.3267293,-0.3252698,-0.06732103,-0.16642608,-0.1345694,-0.029588986
-0.2715969,-0.045715734,-0.0713433,0.12895943,0.4276608,-0.27353352,-0.06806387,-0.10295793,-0.32367623,-0.030686025
-0.13247496,-0.06512538,-0.05288419,0.14885254,0.35430735,-0.25261748,-0.0024190051,-0.096797414,-0.14022939,0.019421848
-0.050101906,-0.10562503,-0.1018603,0.015570336,0.35786724,-0.17579323,-0.031054424,-0.09564548,-0.23296039,-0.010606934
-0.18261842,-0.124691635,-0.029562082,0.025855366,0.36510006,-0.1369222,-0.083999105,0.024781112,-0.30756846,-0.05581782
-0.049300514,-0.16114399,-0.009491218,0.022880375,0.3236906,-0.13884561,-0.115088716,0.039704923,-0.26311696,-0.18088998
-0.18858407,-0.25688162,0.0041240966,-0.058803767,0.28224555,0.0062611476,-0.044786714,0.08975038,-0.3112867,-0.1955232
-0.07388483,-0.33187068,-0.04707948,-0.080395475,0.1873797,0.07611598,-0.06458118,0.14169206,-0.40049103,-0.4050882
-0.14183146,-0.27703923,-0.039083246,-0.18916385,0.24027058,0.016072916,-0.115138754,0.16716559,-0.35676926,-0.31984296
-0.032083344,-0.1507215,-0.027787592,0.029397888,0.10587121,-0.14300859,-0.078842334,-0.007172607,-0.27407578,-0.33139947
-0.14198393,-0.25673887,0.009860196,-0.15235063,0.19517036,-0.06028257,-0.20860618,0.1533353,-0.33280262,-0.26308918
-0.14088295,-0.21052997,0.00080750865,-0.07876718,0.06582444,-0.12104298,-0.15704286,0.109160535,-0.3112583,-0.21899785
-0.11743587,-0.22123565,-0.015572004,-0.040862862,0.13683675,-0.05915657,-0.14685668,0.090503946,-0.41917574,-0.27616468
-0.10655355,-0.18894689,0.055892643,-0.12606193,0.0006687193,-0.1394532,-0.26607692,0.09509244,-0.2329146,-0.37120512
-0.1244245,-0.16978455,0.025859997,-0.0105797425,0.1801795,-0.093789466,-0.088516004,0.029607754,-0.27698216,-0.26425228
-0.25417054,-0.18025762,-0.005126804,0.0519511,0.21007589,-0.11955509,-0.05310574,0.06904199,-0.4284835,-0.35398707
-0.22132112,-0.31884658,0.047677208,-0.030066641,0.10934791,-0.01034354,-0.077019975,0.25352943,-0.33218327,-0.32292426
-0.10521621,-0.16901705,0.04579494,0.08230232,0.0043376563,-0.10668282,0.00881281,0.092466876,-0.36655417,-0.33815423
-0.21172287,-0.18316413,0.07375912,-0.03203372,0.087703526,-0.07052979,-0.12830521,0.11845911,-0.43109116,-0.30687952
-0.2160059,-0.16491279,-0.0044069155,0.046377596,0.14016572,-0.095493555,-0.031235611,0.08573202,-0.38143548,-0.15340425
-0.21995038,-0.12823796,-0.023682412,0.029373948,0.08711548,-0.12827319,-0.061368708,0.016467346,-0.33455586,-0.23217903
-0.115166105,-0.24333084,-0.014541636,0.025155012,0.30108577,-0.04642024,-0.010973959,0.1536186,-0.33723536,-0.074141964
-0.021372119,-0.113318235,-0.0364505,0.14069259,0.16989969,-0.17676209,-0.002960271,-0.052102886,-0.28335547,-0.23507585
-0.074299544,-0.11802533,0.0069305087,0.19488159,0.29482076,-0.14896116,0.040200952,-0.038688596,-0.3242047,-0.19415863
0.03737951,-0.17300455,-0.12742585,0.089832835,0.13185693,-0.091023736,0.06179739,-0.043717507,-0.39045367,-0.40682548
-0.06324903,-0.15982899,-0.15796874,-0.056084592,0.24466534,-0.08626567,0.008495732,0.026440926,-0.30279312,-0.14704727
-0.08397117,-0.19151305,-0.078224465,-0.00996553,0.12076686,-0.08346737,-0.05860509,0.024682049,-0.3164335,-0.27137133
-0.24477927,-0.26455545,-0.08199555,-0.20569009,0.14406916,-0.03553491,-0.13641936,0.092119716,-0.2805716,-0.26044554
-0.19603175,-0.18050463,-0.07545458,0.00036265698,0.09913333,-0.05182798,-0.051122554,-0.0059732697,-0.4045264,-0.40866125
-0.18333367,-0.07585403,0.029327845,0.040519733,0.18149512,-0.17749576,-0.104621455,-0.043326177,-0.30690494,-0.2913399
-0.17050155,-0.048253674,-0.0409999,0.06361743,0.10640199,-0.11816923,-0.06658317,-0.14629562,-0.3894805,-0.3323311
-0.18293858,-0.077753164,0.029938033,0.08700976,0.14542201,-0.16697022,-0.11901039,-0.05696109,-0.38518566,-0.31186682
-0.07212903,-0.006205837,0.015069014,0.12210137,0.09809646,-0.19363652,-0.08916512,-0.19586997,-0.36659604,-0.2657035
-0.080856286,-0.008042818,0.105691954,0.09782014,-0.000708267,-0.22754778,-0.17665564,-0.14710109,-0.33075052,-0.26148286
-0.119036496,-0.04653162,0.10670832,0.09421231,0.06746231,-0.17009737,-0.15060163,-0.1427961,-0.37035456,-0.265721
-0.022608353,0.06626973,0.10658396,0.2388265,0.07445168,-0.25744742,-0.08028264,-0.19600742,-0.43041423,-0.25656626
0.008569221,-0.08121475,0.08683353,0.17250285,0.26978627,-0.18134575,-0.040498104,-0.07994642,-0.29785702,-0.17939079
0.0009107699,0.019332385,0.027676485,0.17313287,0.16792254,-0.28908488,-0.046972148,-0.09061707,-0.23339358,-0.124651805
-0.012851186,-0.045524996,0.0056112865,0.22157982,0.31002894,-0.24072634,0.010064515,-0.088359356,-0.2775108,-0.14587219
0.031544127,-0.029231846,-0.00680118,0.109542586,0.23284757,-0.2435321,-0.040757284,-0.07831582,-0.19619913,-0.08558152
-0.053207707,-0.12504074,0.019955192,0.0011693867,0.2867355,-0.12025099,-0.08637139,0.019812344,-0.30964074,-0.15677896
-0.11111973,-0.0714107,-0.029972387,0.007285585,0.24898666,-0.14922415,-0.05570924,-0.036228955,-0.28909713,-0.20781085
-0.10116942,-0.083362386,-0.083370045,0.119601384,0.19211791,-0.18542583,-0.037408024,-0.11059868,-0.43779686,-0.4074886
-0.21015027,-0.059816614,0.021287235,0.010470127,0.20028417,-0.15444465,-0.10794093,-0.031912275,-0.36515427,-0.23174672
-0.16386434,-0.061721567,-0.04605304,0.14163093,0.14958641,-0.109294154,0.050063416,-0.11972839,-0.38408378,-0.32374376
-0.20183866,-0.07020507,-0.104176134,0.009796332,0.24209587,-0.106255725,-0.052257575,-0.09800713,-0.35608122,-0.15044777
-0.052297764,-0.06502472,-0.034086324,0.17276135,0.12797849,-0.20192073,0.043365356,-0.05567741,-0.28463817,-0.2023386
-0.09222898,-0.024567012,-0.05600568,0.03325488,0.2250838,-0.16322686,-0.058621902,-0.09226952,-0.3141667,-0.1578334
-0.23948741,-0.04115494,-0.10531814,-0.033657096,0.1687004,-0.17348467,-0.09663334,-0.07715428,-0.31929088,-0.13585956
-0.058110435,-0.1365063,0.0016830696,0.02731655,0.24671185,-0.18989153,-0.096940115,-0.0291979,-0.15519296,-0.042472977
-0.053770054,0.037913173,-0.07283318,0.07796508,0.31983826,-0.25811717,-0.08750963,-0.22663002,-0.24623165,-0.087992586
-0.011196258,0.009331849,-0.087541275,0.18508784,0.27809554,-0.25792292,0.041744627,-0.20838909,-0.20337743,-0.18038225
-0.15535924,-0.044022564,-0.03397164,0.1295429,0.18878867,-0.23307534,-0.034470174,-0.13480963,-0.18494326,-0.19042648
-0.078528315,0.09457878,-0.052181385,0.20569845,0.21276134,-0.33323976,-0.032720193,-0.2757601,-0.11012349,-0.12844798
-0.07405373,0.044651423,-0.0481768,0.20041113,0.32238796,-0.30029082,0.026057275,-0.17040701,-0.1865385,-0.07687552
-0.107780375,0.04364486,-0.022934869,0.20174439,0.27013513,-0.31943628,-0.024468573,-0.27375534,-0.007520102,-0.08554915
0.03513136,-0.04659184,-0.06072331,0.2632239,0.27556452,-0.2397458,0.13803196,-0.1278046,-0.12308831,-0.17237063
-0.095085084,-0.034293298,-0.14066872,0.15177976,0.28329256,-0.32520676,0.09433553,-0.09034164,-0.045804366,-0.04399862
-0.05893592,-0.041533034,-0.12409297,0.14195327,0.40344822,-0.28293207,0.079303324,-0.10442094,-0.025862304,-0.0030265804
-0.21558765,-0.07382679,-0.07535303,0.13316064,0.30421132,-0.28988388,-0.015479803,-0.0326328,-0.11300645,-0.035153426
-0.06924478,-0.019968463,-0.09032899,0.2120228,0.44937292,-0.3318109,0.06710378,-0.10350338,0.037841897,0.024611583
-0.1905247,-0.119539626,-0.10543096,0.003205728,0.37596276,-0.21356618,-0.052670218,0.026940232,-0.17646506,-0.004836179
-0.026106741,-0.037246156,-0.079735614,0.08809253,0.38041294,-0.3170021,-0.07159678,-0.13393907,0.03082303,0.0570027
-0.04453317,-0.017087212,-0.04933689,0.10358966,0.30574518,-0.2958146,-0.04682305,-0.16351816,0.0047175237,0.0388458
-0.21165673,-0.08919531,0.001826031,-0.062304076,0.4637398,-0.21335791,-0.14056037,-0.012398459,-0.100313425,0.044699784
-0.15779878,-0.049887054,0.0043814797,0.121996775,0.43405893,-0.23434113,-0.05078287,-0.14449242,-0.09338921,0.011535937
-0.08599114,-0.050812967,-0.04916786,0.11436044,0.40024,-0.23847751,-0.029211463,-0.10633179,-0.19910157,-0.09377712
-0.09546184,-0.041763525,-0.010413539,0.14389975,0.32585523,-0.2529106,0.005998018,-0.10895886,-0.10860291,-0.10992397
-0.09855695,0.012293077,-0.060608577,0.19128181,0.30990568,-0.3003428,-0.029769741,-0.18415192,-0.12979315,-0.07576237
-0.075310506,-0.04875701,-0.043869656,0.122495845,0.30571055,-0.2680466,0.003344024,-0.103487074,-0.029952364,-0.026505549
-0.13590935,-0.058636736,-0.010912477,0.1187486,0.24365142,-0.23940451,0.072190024,-0.06784433,-0.07178833,-0.13494578
-0.08403062,-0.08954828,-0.08488075,0.074573584,0.30603045,-0.19151859,0.023781762,-0.04190928,-0.21670264,-0.09751658
-0.044314906,-0.09845496,-0.076185875,0.09697876,0.28229436,-0.12850983,0.043385033,-0.087359644,-0.28404224,-0.22519556
-0.11383739,-0.22619781,-0.07655919,-0.00618511,0.17763731,-0.08906521,-0.047653407,0.07580118,-0.29312053,-0.23597372
-0.08854925,-0.16005698,0.021150667,0.03569887,0.13387084,-0.12039526,-0.12764348,-0.04002537,-0.32069066,-0.43258923
-0.22077206,-0.17298858,0.009115369,0.032478493,0.12105842,-0.07687581,-0.062215928,0.04795168,-0.3867438,-0.2874039
-0.106062785,-0.21891716,-0.14137957,-0.13186885,-6.9610775e-05,-0.072155386,-0.13037154,0.061621297,-0.47959557,-0.4765639
-0.17202428,-0.2438465,-0.077262275,-0.1394886,-0.000484772,-0.043693334,-0.06552166,0.1326869,-0.3453014,-0.42127892
-0.15488571,-0.15728797,-0.09142353,-0.11023427,-0.06098044,-0.053752568,-0.1256447,0.0060901,-0.45321655,-0.43349308
-0.21085484,-0.08848273,0.058453754,-0.016931375,0.025095513,-0.145459,-0.12736061,-0.023836266,-0.37031758,-0.37794927
-0.23665453,-0.032002527,-0.038110066,0.023480777,0.091984764,-0.16095571,-0.06832641,-0.085895024,-0.38168183,-0.23214161
-0.21558629,-0.14011012,-0.022522544,0.009625376,0.016477374,-0.110470995,-0.09727836,-0.032949127,-0.3552347,-0.23929423
-0.12772056,0.021894263,0.07551548,0.12759973,0.0057546906,-0.22967494,-0.10407047,-0.17752503,-0.18021406,-0.25694636
-0.21676801,-0.019350467,0.04351987,0.049206927,0.06805335,-0.3107312,-0.13754486,-0.0525611,-0.06374251,-0.21534297
-0.058415744,0.023007624,0.079869404,0.21001263,0.1984772,-0.25270143,-0.081561506,-0.22751802,-0.14317921,-0.16433583
-0.1535954,0.08359967,0.016631963,0.12457668,0.19936952,-0.31265488,-0.11829632,-0.18212906,-0.11848692,-0.17802434
0.058248084,0.009278806,0.0361276,0.31762674,0.11170916,-0.27525732,0.06232001,-0.21416676,-0.15275092,-0.18196161
0.062409002,0.036870744,0.006111449,0.23478569,0.119418,-0.23400038,0.015316168,-0.23805267,-0.21494104,-0.093644634
0.1265621,0.12495865,-0.10655921,0.317427,0.35684034,-0.3839412,0.11043596,-0.2666146,-0.027431346,0.018486062
0.024540726,0.04673828,-0.07035406,0.3138628,0.28781188,-0.2689295,0.10910353,-0.28559577,-0.17675936,-0.063312694
0.023279104,0.04084855,-0.14148284,0.2695762,0.32545543,-0.33520612,0.10588531,-0.18178819,-0.066621445,-0.043603323
-0.01593034,0.03613955,-0.07886905,0.29032087,0.364238,-0.25854787,0.10983144,-0.23901302,-0.23650143,-0.09341164
-0.026954468,0.079193585,-0.17347932,0.2777096,0.44045424,-0.34548336,0.13158867,-0.24588951,-0.20767951,-0.060382046
0.042850584,-0.0105578555,-0.07321466,0.23906556,0.26162717,-0.32275003,0.04868173,-0.08928675,-0.2189042,0.00349854
-0.06961846,0.015806371,-0.12450487,0.096949965,0.22638962,-0.38062876,-0.047327913,-0.1445496,-0.10627535,0.08759361
-0.0044863815,-0.02049472,-0.098430105,0.18300457,0.29230833,-0.32598343,0.04103358,-0.113080814,-0.12429442,0.042826086
0.0057939687,-0.15680343,-0.06309061,0.0035694872,0.45350987,-0.23273084,-0.024205836,0.0005326941,-0.08145143,0.20586672
-0.048118003,-0.07181479,-0.092874855,0.0038431992,0.4832948,-0.21904442,-0.06670634,-0.05759024,-0.20607388,0.02266874
-0.105693094,-0.061841983,-0.05100734,0.030251956,0.35541406,-0.26425228,-0.09016734,-0.034732368,-0.17494659,0.013513473
-0.14196561,-0.052463554,-0.057774194,0.076618224,0.4172759,-0.23677103,-0.01476629,-0.103962764,-0.17462353,-0.09868787
-0.106815815,-0.076097265,-0.029167125,0.0561424,0.33825675,-0.20575877,-0.08714898,-0.13511404,-0.11096958,-0.16648833
0.04149472,-0.06894361,0.039816678,0.22843035,0.31580848,-0.21282148,0.01269682,-0.09276121,-0.19964097,-0.12847713
-0.07137615,-0.17988922,0.02124597,0.13843903,0.22944425,-0.121289484,0.055653516,0.04167385,-0.2328323,-0.20153658
-0.15768757,-0.1347523,-0.08366093,0.10113066,0.30108818,-0.037519924,0.047649194,-0.023221694,-0.4835732,-0.2261174
-0.097262986,-0.12706575,-0.08885509,0.08105874,0.20735204,-0.121698186,0.00078077597,-0.02742707,-0.36719453,-0.2717564
-0.09573914,-0.11996429,-0.0062678605,0.057636905,0.24247733,-0.091010526,-0.018808188,0.0015247974,-0.371024,-0.22981955
-0.13694914,-0.087933116,-0.13446482,-0.051217627,0.09612467,-0.11070457,-0.057906043,-0.06399949,-0.29866517,-0.37515983
-0.06425759,-0.07175982,0.02313922,0.08123096,0.011542255,-0.2084685,-0.08242291,-0.01766461,-0.3054508,-0.2988698
-0.107076555,-0.12349546,-0.039770104,0.0485681,0.10620493,-0.094533935,-0.043626823,-0.024512975,-0.40717146,-0.3184946
-0.12678346,-0.109230965,-8.647144e-05,0.07885694,0.12555572,-0.1663563,-0.037386104,-0.0720959,-0.24353743,-0.28033537
-0.25442314,-0.08368185,-0.0030345079,-0.055674665,0.04990241,-0.18188006,-0.13493505,-0.020554407,-0.27354825,-0.18367243
-0.17576523,-0.1350277,-0.029358963,-0.0029916787,0.13471824,-0.14839402,-0.07125763,-0.008546681,-0.23655516,-0.21847953
-0.19672203,0.0034480554,-0.20918626,0.0427441,0.20589066,-0.2100056,0.0054183984,-0.18461058,-0.28305143,-0.21675475
-0.26775783,0.051072557,-0.16175176,0.094884455,0.1929977,-0.23785417,-0.04082722,-0.22556758,-0.35355958,-0.12998347
-0.40001804,0.06238817,-0.06845004,0.04317874,0.27950874,-0.30354562,-0.17553966,-0.25533593,-0.31460977,-0.17586926
-0.08895721,0.044164907,0.013032921,0.114237234,0.17261446,-0.239408,-0.14844622,-0.26120228,-0.33298227,-0.21356267
0.004598354,0.15513957,0.058869,0.23917347,0.11716714,-0.37957564,-0.14598753,-0.29375687,-0.10465729,-0.16408914
-0.18421638,0.08566749,-0.020100545,0.066671446,0.13656819,-0.33494702,-0.12117852,-0.2587182,-0.10358371,-0.08504824
0.06747085,0.18237653,-0.016410613,0.34608448,0.31581268,-0.4750476,0.024317537,-0.35444152,-0.099637024,0.075977266
0.10314484,0.16845213,-0.03659951,0.3375833,0.40138507,-0.5326131,0.009334368,-0.33747476,0.002982168,0.22489336
0.15155253,0.1458479,0.011954982,0.25918674,0.30709982,-0.4151803,-0.016092818,-0.23656908,0.020193484,0.086478196
0.23248746,0.12719274,-0.16786754,0.43403986,0.54780287,-0.47859058,0.20308517,-0.32708204,0.20159456,0.334104
0.3093567,0.13727346,-0.08912433,0.41195363,0.4693352,-0.36424315,0.17260218,-0.39380765,-0.014667085,0.05724505
0.19909772,0.24196836,-0.13968958,0.52131796,0.5289109,-0.45155215,0.26156917,-0.42819098,0.013430041,0.13271397
0.1358613,0.11037435,-0.09936902,0.3515669,0.5560475,-0.32703564,0.14574043,-0.32722992,-0.25389677,0.069749445
0.20873955,0.1007255,-0.13350645,0.5020688,0.50377846,-0.3257408,0.25981474,-0.26024458,-0.07223492,0.10182566
0.30217135,0.08988106,-0.20796905,0.37598,0.6022038,-0.32247493,0.23181318,-0.27614814,-0.07021384,0.20006229
0.24540448,0.037244383,-0.14452946,0.26650214,0.43126738,-0.24908128,0.18098506,-0.21494408,-0.16487652,-0.027079144
0.16495991,0.058643658,-0.19847833,0.31636846,0.40553948,-0.2907213,0.24575026,-0.27503827,0.053913597,-0.036879703
0.26304898,0.1547992,-0.17010249,0.3748841,0.5145803,-0.36419827,0.2353739,-0.3285655,-0.04184363,0.09738408
0.25670502,0.13350065,-0.22135216,0.31596816,0.3054938,-0.35763478,0.1556067,-0.36242232,-0.02426798,-0.06361961
0.18398058,0.17526524,-0.17694756,0.39518696,0.3085727,-0.46681318,0.18881954,-0.38003844,0.062074274,0.009712949
0.15452075,0.16004792,-0.20709957,0.3155852,0.40277645,-0.4749565,0.15048034,-0.35289255,0.017975919,0.17612897
0.010067168,0.1463178,-0.18359122,0.25859824,0.31076875,-0.41935202,0.0683794,-0.365256,0.094170436,-0.016210746
0.0103704715,0.1135928,-0.11533381,0.35602972,0.40951833,-0.3963287,0.10985389,-0.34795585,-0.16698736,0.13638674
0.025422199,0.17837264,-0.14008895,0.3279001,0.48971966,-0.38760307,0.11412629,-0.36552507,-0.080734074,0.004476875
0.11663142,0.19916667,-0.06456581,0.43109712,0.6435969,-0.43226075,0.09381576,-0.37321407,-0.0629432,0.16186585
0.19322515,0.23526168,-0.16987444,0.41073385,0.5018318,-0.48921245,0.19961995,-0.4353807,-0.09027741,0.14216113
0.33787456,0.25267333,-0.21513692,0.5323947,0.48509184,-0.5279564,0.24819513,-0.4793641,-0.16629477,0.11016491
0.26119044,0.20707388,-0.17548484,0.51304555,0.47612932,-0.52466863,0.23304309,-0.42354295,0.0097443415,0.17081921
0.28132418,0.23876718,-0.09364017,0.45282316,0.500448,-0.440985,0.17188606,-0.43211973,-0.14235133,0.08908636
0.26164788,0.35396755,-0.17926113,0.4878316,0.46316427,-0.5871292,0.19973737,-0.6174324,-0.06895868,0.17269926
0.40371346,0.32963833,-0.18566018,0.47485244,0.4210515,-0.60215133,0.23974337,-0.513855,-0.028720705,0.1547175
0.31954017,0.2888851,-0.25757605,0.4549312,0.6380315,-0.5659463,0.2154808,-0.55140305,0.034239452,0.33716655
0.27761284,0.35105547,-0.27226108,0.61599785,0.5216886,-0.7134168,0.31388167,-0.5699913,0.19875005,0.46167794
0.28688496,0.39292374,-0.34726897,0.599861,0.5781265,-0.7159456,0.23873343,-0.7079026,0.16663846,0.37992772
0.3074708,0.33005312,-0.17508753,0.5425478,0.5998252,-0.7038429,0.19787395,-0.6145222,0.26305246,0.48376948
0.49848056,0.4491291,-0.2108249,0.7110211,0.68846387,-0.7024677,0.3653876,-0.69072753,0.39083254,0.54912513
0.32829273,0.34073243,-0.20051663,0.6433632,0.82157284,-0.60272986,0.3385366,-0.6048948,0.3345728,0.5232816
0.23670015,0.2777604,-0.23784998,0.50185376,0.717497,-0.5644709,0.23952463,-0.5356669,0.12668394,0.42370102
0.25303355,0.3188978,-0.24287187,0.64780784,0.7571739,-0.65060323,0.3174016,-0.59602875,0.3128046,0.4552575
0.26207414,0.15782246,-0.3698979,0.39866367,0.76055056,-0.40619206,0.21351865,-0.3699248,0.1975803,0.27074525
0.17527421,0.17129935,-0.29597455,0.3859188,0.4870427,-0.4908763,0.24257845,-0.3377967,0.13514338,0.12545578
0.28902423,0.08124539,-0.22186384,0.334087,0.47506398,-0.3566122,0.1468966,-0.30800858,0.14572585,0.07155493
0.20977224,0.2011486,-0.22081293,0.35886922,0.4322266,-0.4582405,0.17066973,-0.4083887,0.120214865,0.07992811
0.25244346,0.18395784,-0.090168655,0.36608878,0.46376967,-0.3730178,0.11717515,-0.37565458,-0.16833466,0.02630707
0.16609067,0.21126448,-0.17326616,0.45830566,0.5069079,-0.61125916,0.20886934,-0.37584558,0.18768485,0.2968225
0.28605866,0.21016954,-0.14583033,0.4685263,0.54414606,-0.4701769,0.19165559,-0.40685213,0.039069813,0.12617852
0.28874397,0.24143672,-0.19549635,0.4493119,0.52494264,-0.44354096,0.21314174,-0.4494936,0.086618185,0.14061369
0.19609338,0.30609414,-0.18971728,0.49937633,0.46175128,-0.49712285,0.236375,-0.50130725,0.017771637,0.17498232
0.19076738,0.31863403,-0.15285791,0.46034116,0.34816912,-0.55731857,0.1300297,-0.57621455,0.1710961,0.12043816
0.27568176,0.42633143,-0.16579178,0.6233027,0.49838743,-0.59753084,0.28323412,-0.67438865,0.1494916,0.15869169
0.39972103,0.3951313,-0.11126374,0.6297245,0.5340379,-0.58723986,0.31111366,-0.6677813,0.062826715,0.30746147
0.62282944,0.4481718,-0.30313155,0.69624543,0.5197295,-0.67487025,0.4614199,-0.6914377,0.29102033,0.37101054
0.41752642,0.4059937,-0.2729601,0.7073213,0.4862656,-0.67174983,0.41350594,-0.6890206,0.36153185,0.32526124
0.608118,0.3801992,-0.2530592,0.6864303,0.57622415,-0.5920398,0.3718433,-0.630442,0.31135225,0.2536935
0.33590811,0.2914932,-0.22667165,0.6171203,0.50766706,-0.49224713,0.44590157,-0.52979803,0.05374854,0.21666962
0.6108923,0.31092614,-0.27442434,0.5736176,0.57395595,-0.5383145,0.38234004,-0.5285861,0.074682884,0.25784335
0.610147,0.2542513,-0.2989565,0.4150728,0.5216509,-0.5227331,0.20718977,-0.5168501,0.15942124,0.22943923
0.29355884,0.2636275,-0.24695167,0.6008625,0.7319594,-0.6477186,0.30072075,-0.49316853,0.2782583,0.4712748
0.5329884,0.26132604,-0.2964569,0.5025342,0.6970409,-0.56283605,0.23002858,-0.50853986,0.33846536,0.37754628
0.4194717,0.24949898,-0.33290997,0.49167383,0.7651324,-0.39486647,0.31281298,-0.45445612,0.20367043,0.2364264
0.35059726,0.15546097,-0.2595589,0.3975958,0.69221526,-0.4262217,0.0791223,-0.41728452,0.25439864,0.26187485
0.45372579,0.3532494,-0.22475092,0.62060773,0.6279025,-0.52207124,0.3368975,-0.60763556,0.1335898,0.2840887
0.3973578,0.37414667,-0.1668511,0.54249185,0.6193136,-0.6528507,0.27541298,-0.5683654,0.2015263,0.36587435
0.31557792,0.31250644,-0.21509422,0.61493355,0.49115404,-0.7101375,0.24256414,-0.5254104,0.4577871,0.37980273
0.17662144,0.25486407,-0.19835928,0.45818207,0.41821748,-0.6739432,0.16303658,-0.4779115,0.34538013,0.41126922
0.39954033,0.3364055,-0.2303845,0.6195104,0.58623433,-0.5839143,0.31266317,-0.6170616,0.32085288,0.36773032
0.18904623,0.28215924,-0.16208437,0.46696126,0.6253488,-0.60320896,0.18816468,-0.5850512,0.22603996,0.45951658
0.3625779,0.33957267,-0.31022125,0.6362933,0.76314837,-0.55085284,0.37267858,-0.59095323,0.2016027,0.41417164
0.29038647,0.3496351,-0.21507518,0.5795759,0.80306333,-0.52954984,0.253721,-0.65351874,0.25237495,0.43355832
0.39523238,0.40869895,-0.15387815,0.6595374,0.75254554,-0.67326504,0.31992775,-0.68836874,0.2420232,0.50149316
0.27514428,0.34567854,-0.13743463,0.4941897,0.6794963,-0.51348835,0.18259579,-0.6213447,0.18311918,0.25380412
0.33973798,0.31149244,-0.14494483,0.5451067,0.5892608,-0.5738715,0.24450944,-0.5622845,0.3139504,0.3279851
0.25308976,0.28033045,-0.106227934,0.62888575,0.61537236,-0.5305367,0.26441017,-0.5530613,0.25359684,0.37111494
0.40822706,0.3015111,-0.21257015,0.6633254,0.53636545,-0.56745744,0.2925389,-0.58082867,0.20664056,0.3251252
0.33868808,0.26110452,-0.20629072,0.4105021,0.6057309,-0.4002073,0.26235688,-0.47665253,0.007924898,0.1127665
0.34565756,0.2977357,-0.14067219,0.4431492,0.40872666,-0.5770584,0.18583596,-0.51991624,-0.06433727,0.18117376
0.38387504,0.41277164,-0.22620851,0.5704545,0.43326098,-0.64895236,0.30591455,-0.58881664,0.089383766,0.21620156
0.6366961,0.28409424,-0.23588784,0.67070824,0.3752662,-0.620907,0.24947466,-0.56045675,0.26155892,0.18999909
0.43744534,0.22083533,-0.1912262,0.5220401,0.43415764,-0.50621814,0.27927524,-0.43118376,0.14051487,0.20600545
0.3783152,0.24184702,-0.21172956,0.605548,0.451133,-0.5714689,0.3657327,-0.4644431,0.2988783,0.3157056
0.3912837,0.19824763,-0.1767271,0.5884258,0.4280075,-0.48805103,0.3160358,-0.39478862,0.22298366,0.21014655
0.5901361,0.1584356,-0.21800607,0.47781366,0.41571394,-0.41782016,0.33673576,-0.3828939,0.124393284,0.11488673
0.639073,0.24668851,-0.43239006,0.4867187,0.43803155,-0.49966756,0.3383981,-0.48360443,0.058963872,0.0889054
0.18832003,0.2229321,-0.24465886,0.432612,0.43554676,-0.5323155,0.26656193,-0.4290063,0.07486205,0.21402717
0.3887878,0.19792514,-0.3044394,0.42131716,0.44351733,-0.42340064,0.2382954,-0.4412882,0.1166517,0.12678766
0.27728644,0.13733363,-0.2751701,0.2897499,0.5511106,-0.38439927,0.1548417,-0.35672313,0.008337245,0.24033868
0.23724146,0.1868269,-0.26930872,0.36988175,0.5385519,-0.390565,0.21752614,-0.4057711,-0.039212972,0.21525593
0.0306247,0.14318617,-0.2382465,0.2820347,0.4028178,-0.57284474,0.06666646,-0.31200176,0.1497321,0.23278119
0.17077295,0.113132775,-0.23619558,0.43250275,0.45090315,-0.46069446,0.23402265,-0.3465088,0.2692396,0.13410065
0.044181913,0.04386332,-0.20406184,0.20506983,0.35383105,-0.38856095,0.08720748,-0.29019257,0.08725779,0.12820436
0.2960732,0.12968905,-0.18759131,0.41879424,0.48426422,-0.53966856,0.25844666,-0.27570984,0.17266439,0.35480288
0.17681074,0.13140932,-0.1824762,0.3432461,0.49353188,-0.49250388,0.13642189,-0.3122947,0.18270756,0.22296919
0.0016303272,0.033325873,-0.10155634,0.26087487,0.41616344,-0.3530858,0.12761295,-0.16549046,0.18331403,0.08569267
0.07755229,0.05553721,-0.27895048,0.35370108,0.44766283,-0.44172564,0.2608033,-0.22913755,0.11892291,0.23104627
-0.016274283,0.023969112,-0.22784212,0.1766429,0.33452332,-0.3920538,0.09499077,-0.17846802,0.11830645,0.035983115
0.21721552,0.085372,-0.3082198,0.3582731,0.38731217,-0.46457052,0.20679297,-0.2734612,0.10774143,0.12345751
0.054979015,0.061210576,-0.140684,0.30525184,0.33751702,-0.3910768,0.12974717,-0.18527794,-0.04976302,0.010538754
0.19171765,0.061823547,-0.17592707,0.37642685,0.52865,-0.42745045,0.20954569,-0.17743383,0.19165452,0.20797895
0.07656744,0.06435648,-0.14742255,0.22611456,0.36478513,-0.32214084,0.11935422,-0.27728677,-0.02336068,0.014589064
0.08308159,0.15079862,-0.11658658,0.35441807,0.384989,-0.44004446,0.11352919,-0.35512683,0.045166526,0.016359664
