-0.7042527,-0.8266855,0.4694858,-0.8901156,-0.4636769,1.2596109,-1.0186805,0.4768106,-0.29004413,-1.1926167
-0.678212,-0.9569562,0.5634518,-1.0623052,-0.46739075,1.3062336,-0.8768371,0.42986074,-0.28211886,-1.1868017
-0.624166,-0.7260546,0.4899659,-1.0219438,-0.41698772,1.122653,-0.8539801,0.5858732,-0.25852165,-0.87023735
-0.6491862,-0.6629902,0.47203723,-0.91054785,-0.48338804,1.065393,-0.896004,0.46315533,-0.24078952,-0.7272503
-0.68292534,-0.6912535,0.40236434,-0.7877399,-0.46156815,1.1174724,-0.8680987,0.53018284,-0.19533382,-0.9504522
-0.68853396,-0.63858837,0.43462422,-0.73473096,-0.44094428,0.9897348,-0.8170566,0.49322176,-0.20466676,-0.7589513
-0.6420868,-0.6533502,0.47326764,-0.8351364,-0.43278626,1.036675,-0.84006673,0.47153506,-0.23548263,-0.7538462
-0.5406736,-0.59779006,0.3817074,-0.69427025,-0.2725939,0.86728525,-0.7622108,0.3866449,-0.19542058,-0.7197538
-0.47518364,-0.5885623,0.43452182,-0.63834107,-0.45403638,0.89284444,-0.6662844,0.41591617,-0.21684378,-0.6773165
-0.5812656,-0.67931926,0.38108242,-0.6521394,-0.40388653,0.9130836,-0.6848807,0.4111298,-0.17336573,-0.52477187
-0.513057,-0.59720635,0.32347214,-0.49026808,-0.40206102,0.74194914,-0.77615184,0.47346103,-0.20705645,-0.6932022
-0.5693141,-0.4569692,0.36742178,-0.7383802,-0.40186074,0.9685148,-0.47569287,0.5556591,-0.15686451,-0.4763118
-0.43620923,-0.55446345,0.30047286,-0.6878704,-0.3318124,0.7862954,-0.6687779,0.3918667,-0.19240543,-0.49216938
-0.4610166,-0.46808624,0.31036112,-0.5614873,-0.3401311,0.72591364,-0.5720996,0.32638603,-0.15751134,-0.6739239
-0.37666756,-0.3671332,0.20041765,-0.6824784,-0.27303162,0.8653182,-0.67395014,0.35061726,-0.20550741,-0.4580123
-0.4237667,-0.21003923,0.2627394,-0.36566302,-0.28284952,0.9263053,-0.5859379,0.36731023,-0.17673776,-0.46558118
-0.41455716,-0.30599606,0.20500621,-0.39274916,-0.22381786,0.81625205,-0.4903546,0.25697157,-0.1914183,-0.29666194
-0.33426684,-0.26764727,0.047821283,-0.31742638,-0.21822786,0.50069255,-0.47857794,0.38222224,-0.19606107,-0.4861305
-0.3495217,-0.21912262,0.21739267,-0.3125302,-0.22474268,0.6706571,-0.45521978,0.36564025,-0.1609371,-0.40533018
-0.25032496,-0.29058647,0.1486563,-0.36561242,-0.16680293,0.4591035,-0.41085172,0.3632414,-0.123372905,-0.33301517
-0.42122006,-0.42574704,0.1269341,-0.49342385,-0.28862876,0.5488207,-0.33542892,0.44211283,-0.16673687,-0.38622233
-0.24086823,-0.32656842,0.07273835,-0.5406296,-0.20116958,0.54627216,-0.30778074,0.38952115,-0.15967198,-0.27007252
-0.29079407,-0.33545554,-0.0075721797,-0.6340474,-0.32443485,0.44415098,-0.42543277,0.3492653,-0.10914948,-0.5482853
-0.3304941,-0.26007402,0.1812519,-0.52565193,-0.16934888,0.7262852,-0.38582775,0.31019214,-0.12764472,-0.25003853
-0.3990647,-0.3720347,-0.026117878,-0.45482555,-0.15946943,0.62344056,-0.50871426,0.25533655,-0.14789595,-0.37626418
-0.44141397,-0.37659323,0.034048542,-0.3812004,-0.20815763,0.56966645,-0.5457902,0.3512507,-0.1633901,-0.4381107
-0.33144033,-0.38952798,0.024019806,-0.5079583,-0.16649096,0.7025555,-0.5796689,0.39236295,-0.14752613,-0.65757996
-0.5140306,-0.47178608,0.13382614,-0.46066585,-0.2278367,0.652997,-0.43282884,0.21582097,-0.12940024,-0.54230875
-0.48812303,-0.37789062,0.03625101,-0.41741267,-0.25977302,0.8052636,-0.42190957,0.2725614,-0.17556664,-0.546388
-0.37651142,-0.32840696,0.09509182,-0.37182716,-0.3057032,0.794229,-0.40697885,0.25870103,-0.15174626,-0.50009537
-0.33483264,-0.22326247,0.08069502,-0.4345884,-0.34660605,0.555412,-0.48813844,0.19085908,-0.18285002,-0.36852816
-0.34528917,-0.25975868,0.10020454,-0.48793134,-0.19159919,0.7908055,-0.4560632,0.32318208,-0.18316615,-0.30114532
-0.42670006,-0.0888232,0.074213855,-0.3746886,-0.22155216,0.5405009,-0.40804923,0.3206351,-0.18899782,-0.56386304
-0.3626495,-0.24583378,0.0011299197,-0.37428632,-0.20793226,0.34123117,-0.2950398,0.2802753,-0.18119071,-0.3400511
-0.39031973,-0.26274312,0.20748918,-0.37450263,-0.23385116,0.3804854,-0.3227772,0.2186704,-0.1701716,-0.33125335
-0.29139408,-0.07806735,0.109948024,-0.24171993,-0.14790091,0.40583673,-0.45892218,0.23424858,-0.16647194,-0.14662057
-0.32579497,-0.3583253,0.22380172,-0.29512915,-0.1055527,0.42222166,-0.39930078,0.2810362,-0.15947638,-0.112576924
-0.22837086,-0.11019254,0.2047241,-0.5311971,-0.08707757,0.51388335,-0.38838625,0.22152051,-0.16385074,-0.21503682
-0.3076892,-0.19358945,0.13202588,-0.42925826,-0.07897748,0.44045293,-0.48240423,0.14538307,-0.14001037,-0.14611734
-0.21084358,-0.15628381,0.08718123,-0.3272206,-0.1365358,0.43499404,-0.4555046,0.102835104,-0.1609206,-0.3669742
-0.3194479,-0.035692036,0.15314074,-0.31674823,-0.18987343,0.38676336,-0.52171767,0.13322003,-0.13357608,-0.3998856
-0.18580924,0.023103587,0.23433484,-0.42567965,-0.24982205,0.3027318,-0.49391598,0.20681444,-0.1280777,-0.30321705
-0.20802115,-0.23456198,0.090607,-0.2539034,-0.20448449,0.162056,-0.3536818,0.10918533,-0.1315166,-0.16432698
-0.2591598,-0.14087994,0.15393327,-0.23727787,-0.2542003,0.33117384,-0.41159227,0.15206227,-0.14192922,-0.08119135
-0.25449714,-0.11587292,0.16562817,-0.34399733,-0.105384275,0.37312022,-0.2793693,0.056150503,-0.09882244,0.098061815
-0.28721577,-0.19363956,0.045436434,-0.28020298,-0.08329767,0.4553668,-0.4790393,0.118960984,-0.13747634,-0.059949726
-0.28527877,-0.09188814,0.018583661,-0.30347666,-0.11750752,0.4314393,-0.40437117,0.15518522,-0.13750307,0.041841432
-0.24704199,-0.07197706,0.047691345,-0.27597523,-0.027842563,0.29448134,-0.3455948,0.14863606,-0.15373795,-0.18589902
-0.23576413,-0.07733613,0.015536001,-0.23306692,-0.03910454,0.39376897,-0.42552507,0.14557733,-0.16726007,-0.055441804
-0.15204483,0.035733156,-0.057448834,-0.33357474,-0.11081293,0.3249929,-0.23787855,0.054118164,-0.1400373,-0.15350994
-0.24934915,0.029696196,-0.061936542,-0.21241245,-0.118958116,0.26352164,-0.30891895,0.08078319,-0.12844272,-0.21426506
-0.156813,0.11015389,-0.006081147,-0.07726729,-0.098921806,0.19353351,-0.28511897,-0.012494732,-0.12321948,-0.07625583
-0.14385842,-0.06419735,-0.13774684,-0.13528067,-0.1513132,0.03879038,-0.21101308,-0.024670932,-0.1593975,-0.037450083
-0.17781682,0.11711386,-0.18037952,0.090167835,-0.20313048,0.22136092,-0.3080487,-0.018278006,-0.03108594,-0.05236226
-0.26570317,0.12577191,-0.15403934,-0.122608066,-0.050442528,0.117494136,-0.18572389,0.093343556,-0.115771525,-0.068526834
-0.1391991,0.08921139,-0.055170693,-0.122482195,-0.0976266,0.048094943,-0.14700074,0.07238778,-0.13759516,-0.040690783
-0.32073277,0.0918956,-0.16860037,-0.027329773,-0.06658065,0.21208623,-0.27583757,-0.014371719,-0.020107508,-0.12641078
-0.21062791,0.15239607,0.030813104,0.050209157,-0.12054312,0.14434142,-0.20147593,-0.035754886,-0.059560444,-0.12843296
-0.14520627,0.15478961,-0.12709674,-0.0025367662,-0.11787641,0.2296717,-0.2770755,0.04656219,0.0072892546,-0.17664637
-0.045304786,0.13505635,0.03516952,-0.0034040809,-0.08971724,0.16688165,-0.15328215,-0.04474182,-0.09106172,0.07592342
-0.05507367,0.25945097,-0.09874496,0.012636453,-0.1373855,0.22818199,-0.16541393,0.004069593,-0.08946889,0.119565204
-0.058021776,0.20596056,-0.11826753,0.09201646,0.020457737,0.2234079,-0.16867213,-0.06460503,-0.13545373,0.03703637
-0.16298291,0.3485047,-0.19635403,0.037093315,-0.016691733,0.05877781,-0.07681491,-0.04001488,-0.053653628,0.022350097
-0.111484624,0.24890392,-0.14128648,0.13902757,-0.008842159,0.11367458,-0.16060711,-0.16958113,-0.09182686,0.04455691
-0.039803557,0.31085053,-0.21779293,0.3166526,0.02906533,-0.03574506,-0.1412885,-0.08384827,-0.009554673,0.045583755
-0.017796736,0.17158923,-0.25690466,0.27135837,0.0981695,-0.04090505,-0.041249998,-0.055210058,0.0033901255,0.025291735
0.076851815,0.2217219,-0.16531873,0.17353949,0.082573116,-0.05161669,-0.10139993,-0.01660018,0.057447884,0.17018868
-0.18666825,0.31176442,-0.27631292,0.06567154,-0.104181185,-0.022601057,0.008370606,-0.14273193,0.17468594,0.09654023
-0.01685721,0.36066687,-0.27681792,0.17445281,0.026308954,0.04854799,-0.1328689,-0.13766639,0.27214712,0.102513015
-0.049656413,0.30641198,-0.26006284,0.29535142,-0.00021092594,-0.042090815,-0.13940252,-0.10169749,0.17412426,0.04951682
-0.003797478,0.301118,-0.34728965,0.07987496,-0.0049091093,-0.12534773,-0.13405022,-0.18179326,0.09509443,0.18803252
0.04757075,0.22903636,-0.20955165,0.17774895,0.110300526,-0.15342024,-0.09638557,-0.22754535,0.15432286,0.17831415
-0.012319059,0.37082523,-0.25662193,0.079718836,0.096262515,-0.18110909,-0.2259658,-0.106104046,0.1496533,0.12224278
-0.06774063,0.31321776,-0.12206725,0.27396694,0.16175365,-0.037236743,-0.26687098,-0.0589978,0.20795262,0.14164203
0.04757797,0.3331829,0.010944298,0.23578829,0.10656116,-0.128944,-0.21225794,-0.0376728,0.14082146,0.23415682
0.09423367,0.21158083,-0.013611453,0.3379203,0.11995441,-0.028706983,-0.10504237,-0.010217536,0.21892944,0.2553754
-0.052159257,0.31514102,-0.0381814,0.15784085,0.3086722,0.042320732,-0.1021672,-0.0062373765,0.12213298,0.25441915
0.00235443,0.12385254,-0.11464594,0.11170134,0.13316946,0.024313502,-0.079663575,-0.122829854,0.033574536,0.16606665
-0.12786582,0.1533919,-0.25113544,0.2445333,0.07641993,0.07079196,-0.119999155,0.000796061,0.104445174,0.18338668
-0.12931117,0.040531997,-0.21391645,0.07996248,0.12073452,-0.0147225335,-0.10967009,0.050818153,-0.043046467,0.09341693
-0.1445211,0.09136599,-0.15725215,0.07504502,-0.044585858,0.07690539,-0.128237,-0.008938391,0.0021246835,0.14021209
-0.042731285,0.20894882,-0.20062496,0.10285774,-0.06991179,0.06344223,-0.117011204,0.050309185,-0.076573424,0.21435556
-0.10548916,-0.026923345,-0.1931461,0.13005209,-0.017658938,0.010044135,-0.1597517,-0.039709266,0.00450387,0.13116477
-0.12534551,0.16769622,-0.19977303,0.08984083,0.091404885,0.0755516,-0.07623865,-0.012575436,-0.036548905,0.19107169
-0.05851055,0.23858123,-0.31823543,0.07292858,0.11098148,0.10810534,-0.108289,-0.08509858,0.13151047,0.0920135
-0.17484139,0.04434433,-0.2770225,0.3236509,0.14114036,-0.038306326,-0.23471703,-0.01042198,-0.02206457,0.17114262
-0.048484497,0.044477172,-0.27641207,0.08874875,-0.009921905,0.047422156,-0.09032834,-0.014430199,0.13296874,0.06441124
-0.064856075,0.03784865,-0.19531554,0.23577446,0.024583079,0.11421254,-0.048417643,-0.03145058,0.07757508,0.09255372
0.026475212,0.08543192,-0.2702774,0.023237452,0.069186956,0.17408462,-0.07440212,0.063180216,0.16158624,0.14614098
-0.045886002,0.15339814,-0.25323486,-0.04201463,0.004093107,0.12369394,-0.113037005,0.030190118,0.10401519,0.050192438
-0.014810918,0.06000369,-0.22899601,-0.013448618,0.12090152,0.050952196,-0.19230464,0.08617409,0.027323162,0.031067578
-0.10687147,0.06354037,-0.24151012,-0.008485958,0.06921559,0.12809041,-0.21629699,0.028648645,0.070927955,0.18316418
-0.23046556,0.17023042,-0.08694033,0.1079153,0.023266453,0.083221644,-0.16171636,0.060296275,0.07846335,0.051325317
-0.080854036,0.21552965,-0.0025364365,0.054959588,0.051995978,0.1362037,-0.22148286,0.048010044,0.012973307,0.057685513
-0.07101435,0.010543342,-0.074619874,0.15645814,-0.008873556,0.010758042,-0.14875115,-0.0062759407,0.08762317,0.1384016
-0.04628182,0.19257464,-0.12936111,0.0811844,0.021185216,0.19499233,-0.19596268,-0.01932754,-0.138574,0.16443603
-0.09824105,0.034556363,-0.27197808,0.06894911,0.06908232,0.21196012,-0.14346562,0.0072643496,-0.095557995,0.1808794
-0.06702734,0.14106046,-0.20797256,-0.066608146,0.18316737,0.106339514,-0.16605543,-0.007319238,-0.1398729,0.13131598
-0.18183367,0.13864538,-0.22886531,-0.042508602,0.22512369,0.2926458,-0.14833201,-0.09532195,-0.044322945,0.1304862
-0.08904315,0.22083862,-0.28511027,-0.04080358,0.13924254,0.052167945,-0.24626316,0.020948019,-0.14649063,0.05103925
-0.15630953,0.2080075,-0.21563983,0.03484434,0.38652077,0.1285267,-0.18512425,-0.05023514,-0.1214175,-0.049130864
-0.1948299,0.2045388,-0.24759693,0.18215889,0.19320408,0.11668293,-0.18926875,-0.053258102,-0.0634208,-0.0640568
-0.16131037,0.24244194,-0.11064778,0.24590665,0.11717975,0.18536495,-0.14704509,-0.0108942725,-0.09612811,-0.059824996
-0.15768684,0.24204503,-0.113910705,0.18658021,-0.004483398,0.20582262,-0.047097795,-0.02017105,-0.047627997,-0.15318389
-0.09153528,0.23286253,-0.2077384,0.1764425,0.09362822,0.07433997,-0.12749793,-0.01662292,-0.12596193,0.0029077097
-0.11108308,0.14519842,-0.2136977,0.14583144,-0.12651706,-0.020489529,-0.21082039,-0.0018944554,-0.156485,0.010446869
-0.043285623,0.22554445,-0.08812116,0.08736848,0.060726993,-0.008210946,-0.12513249,-0.016837668,-0.09890023,0.12709112
-0.09675671,0.0793421,-0.12777106,0.12107238,-0.050810467,0.07552722,-0.14964238,-0.01024374,-0.011073014,0.14644347
0.020553464,0.41512725,-0.14324997,0.11735853,0.12703858,0.15711182,-0.07008855,-0.070005655,-0.028061464,0.14875135
-0.16310595,0.23186204,-0.19201705,0.09496771,-0.09591383,-0.12968755,-0.12289107,-0.14584202,-0.10631737,0.053652234
-0.069642946,0.21688576,-0.1965985,0.13069984,0.12716205,0.10243394,-0.09370095,-0.12908703,0.0073066275,0.15506317
-0.16961108,0.32659176,-0.27529246,0.2339194,0.11102879,0.02692581,-0.12175481,-0.12554765,0.024631215,0.064396776
-0.028514016,0.3137989,-0.28600487,0.3119905,0.06874083,-0.052124485,-0.15242098,-0.22808728,0.06790712,0.15342216
-0.02675327,0.42395145,-0.25398993,0.21827011,0.08033042,-0.19651173,-0.119575724,-0.14180884,0.08500487,0.11505656
-0.03812176,0.42353508,-0.27130187,0.16806218,0.10750826,-0.12076959,-0.046680965,-0.18430491,0.036364984,0.13418616
-0.018100427,0.46482956,-0.29727784,0.38126248,0.10941679,-0.18755981,-0.053429984,-0.07555981,0.18277982,0.19437669
0.017381655,0.48112875,-0.21999513,0.30689827,0.11806917,-0.20989259,-0.112545,-0.11371116,0.13220213,0.19619264
0.10771756,0.31282648,-0.29737282,0.2675305,0.18175587,-0.07728702,-0.06428917,-0.244259,0.10274367,0.24955359
0.10032188,0.48617938,-0.20535733,0.29464942,0.13065678,-0.18188891,-0.00055802055,-0.19000371,0.15639737,0.1449895
0.22519456,0.5495476,-0.26893973,0.21304238,0.13757011,-0.26329327,-0.053651065,-0.32211778,0.056119207,0.18352509
0.113291524,0.43090612,-0.2883575,0.2389004,-0.025654923,-0.2181146,-0.1125693,-0.13910876,0.18871512,0.25615123
0.13827537,0.4514269,-0.24529493,0.37074745,0.031418778,-0.18849534,-0.026108233,-0.22329041,0.21258035,0.22088121
0.021759903,0.28250262,-0.24089275,0.2932784,-0.057884645,-0.084555544,-0.07767812,-0.19151661,0.19049017,0.37788028
-0.003717253,0.33894366,-0.2801165,0.2725499,0.024757214,-0.20351043,-0.08558581,-0.16984457,0.13031349,0.14655352
0.020378726,0.25129423,-0.2586794,0.29106393,0.13266918,0.011133667,-0.07821423,-0.2139264,0.15208904,0.19883068
0.089624405,0.41501954,-0.18187208,0.35806906,0.17358905,-0.16494976,-0.059476197,-0.22917089,0.1303937,0.19911417
0.12384201,0.42707604,-0.26755157,0.3350835,0.045869563,-0.014798883,0.03200744,-0.05085629,0.12736824,0.049517818
0.083211936,0.4270011,-0.29870725,0.31404492,-0.10563663,-0.1509169,0.004476236,-0.15465291,0.064838745,0.19555782
0.12224107,0.4035823,-0.36102244,0.42463014,-0.036007028,-0.14500186,0.020120712,-0.079717085,0.116366595,0.21013768
0.30816472,0.33701944,-0.3039744,0.31179547,0.16827767,-0.16926543,0.044957496,-0.32717264,0.18154515,0.19444875
0.12811641,0.33158755,-0.36630055,0.29030725,0.1895317,-0.044552725,0.009373693,-0.2011415,0.15946923,0.2024959
0.12633745,0.4053373,-0.35291997,0.27088547,0.26993737,0.017871384,0.039209478,-0.2845413,0.22473142,0.11948305
0.07973582,0.40027216,-0.4146314,0.25861984,0.1355442,0.0006214008,0.045896642,-0.34703606,0.1481872,0.12752794
0.12773195,0.3796666,-0.3445693,0.2566078,0.12892997,-0.15949224,-0.008068284,-0.2702459,0.26910874,0.23953451
0.12780555,0.3987482,-0.320388,0.46620268,0.13022389,-0.05554674,0.0010291804,-0.286369,0.121994026,0.25742108
0.12893091,0.3095181,-0.369341,0.3167989,0.2870803,0.06370395,-0.05234541,-0.1865438,0.027067056,0.15797608
0.11036279,0.34182656,-0.3174931,0.32628468,0.19527148,-0.095134124,-0.024219079,-0.044542883,0.17196758,0.12069037
0.11832795,0.1549188,-0.34498802,0.14161466,0.16533348,-0.04756825,-0.005317962,-0.11493473,0.20800279,0.016745059
-0.0005811136,0.10801083,-0.32531002,0.44882488,0.10624856,0.039346706,-0.07463099,-0.084110886,0.21338041,0.067432076
0.0037979782,0.115122564,-0.45307702,0.10277158,0.10979572,0.032580387,-0.058891244,-0.0026803724,0.049212225,0.11444523
0.013056399,0.12212149,-0.22833583,0.15038693,0.0104185715,0.18869625,0.0007175859,0.0070240833,0.058685426,0.031818595
0.056655698,0.06737974,-0.33795363,0.120594636,0.06790905,0.11249617,-0.13594826,-0.013484519,-0.056165956,0.037426963
-0.03571497,0.06610496,-0.31686416,0.07854787,0.119740136,0.3346014,-0.00949361,-0.0057504885,0.04647224,0.008203529
-0.13743855,0.15334153,-0.36852232,0.10025741,-0.051067535,0.32050925,-0.07510863,-0.077805534,0.00012558838,-0.07420969
-0.13976377,0.09103585,-0.3544,0.0021531582,-0.11009537,0.12515913,-0.00022703968,-0.025646824,-0.1326967,-0.09480209
-0.14121875,0.14763184,-0.35268155,0.00017812848,-0.02935898,0.20942155,-0.13849266,-0.027471352,-0.12994178,0.010560047
-0.18340091,0.051010273,-0.35409144,0.25797108,-0.02977654,0.18920939,-0.18456414,-0.013463225,-0.14071247,0.033385396
-0.048588775,0.14416578,-0.25835523,-0.10590488,-0.044856545,0.31736103,-0.20253119,-0.0058383383,-0.11528382,0.025170982
-0.09747208,0.15541677,-0.28280008,0.09762257,-0.008426141,0.2792191,-0.18212478,-0.02235489,-0.099002205,-0.086440794
-0.07650123,0.1911181,-0.31064534,-0.10477956,-0.082109004,0.13007504,-0.07549082,-0.010686327,-0.0647039,-0.0021956642
-0.1721869,0.093321994,-0.2308234,0.048024207,-0.12269209,-0.008281853,-0.15001291,-0.06593068,-0.021017093,0.037194796
-0.029024515,0.28758514,-0.28764018,0.057428956,0.023578592,0.08861686,-0.14962326,-0.008082885,-0.12229303,0.08256687
-0.27366912,0.22287849,-0.090586126,0.031280003,-0.14008245,-0.038382545,-0.1043656,-0.0021595545,-0.1419967,0.044393606
-0.1832275,0.1234776,-0.16075663,-0.07477425,0.05081063,0.19705899,-0.072153,-0.02992412,-0.0618576,0.13881476
-0.24203667,0.4255946,-0.33848506,0.0004889071,-0.1273368,0.05119969,-0.12680526,-0.0060160793,-0.06885798,0.1110846
-0.24145412,0.34626487,-0.26761758,0.120602354,0.07423265,0.028878354,-0.2192652,-0.14129712,0.013805963,-0.09668073
-0.10335893,0.29586303,-0.2121011,0.14696005,0.07696301,-0.021220451,-0.12158266,-0.114393085,0.059095,0.018542774
-0.031027641,0.20304286,-0.1608539,0.23239957,-0.06441876,0.15540722,-0.15775697,-0.26866725,0.070754364,0.015527463
-0.040791042,0.3300419,-0.26795325,0.20612927,0.03812457,0.053220257,-0.11857496,-0.19852483,0.03260699,-0.085926145
0.07428797,0.4345554,-0.21833417,0.17611942,-0.11327568,0.09518716,-0.15472579,-0.073145345,0.09801859,0.2794458
-0.042150646,0.34448045,-0.17395708,0.28406414,-0.07321577,0.1218293,-0.07913673,-0.072693944,0.050730485,-0.004526191
-0.0016366607,0.37081438,-0.211623,0.19764662,0.12937567,0.018682785,-0.1042756,-0.14497645,-0.028372897,-0.14336558
0.009058626,0.39636058,-0.21316291,0.2732606,-0.057102498,0.09992552,-0.071896225,-0.20800573,0.02471614,0.11583799
-0.03396534,0.35113734,-0.2046746,0.3197341,0.005853474,-0.060864016,-0.12956242,-0.12496461,0.030392153,0.20394403
-0.08250413,0.14958109,-0.33908004,0.40786585,0.069292806,-0.03654122,-0.12755473,-0.16124295,0.057917904,0.18656002
0.15222862,0.21412453,-0.17972207,0.30322295,0.13764189,0.091517136,-0.05534663,-0.04271244,0.032785434,0.16884561
0.29513445,0.13445462,-0.20828319,0.29750222,-0.07220054,0.0889695,-0.15171872,-0.00078708306,0.14219381,0.14424795
-0.029780928,0.15668203,-0.2688915,0.16441077,0.10696454,0.12289122,-0.15005045,0.0095190145,-0.1360578,0.07729174
0.032816775,0.22908679,-0.20486869,0.2065886,0.112948895,0.09950663,-0.11060394,-0.00860754,-0.014473934,0.103230804
-0.037181452,0.09653455,-0.24740367,0.30261695,0.122532144,0.1546607,-0.1280813,-0.053002674,-0.122092344,0.16671829
0.03161882,0.1154564,-0.13002361,0.078731686,0.22946692,0.0007072408,-0.029456323,0.017757546,-0.106429964,0.14101829
-0.038877904,0.12112926,-0.14088114,0.22071263,0.31950754,0.14113554,-0.17202927,-0.0032762066,0.010470923,0.059872255
-0.04198374,0.029620789,-0.16825892,0.12665522,0.22367819,0.08858364,-0.07879399,0.13209176,0.12657535,8.693431e-06
0.06939914,0.008920949,-0.3068076,0.07654849,0.03661284,0.06681403,-0.1334296,0.038930155,-0.029161012,0.08246711
-0.011169741,-0.06288737,-0.2587598,0.094345614,0.12143093,0.16676769,-0.07858553,0.12830979,-0.04677045,0.049385563
-0.049530886,-0.1589779,-0.32921356,-0.1023438,0.20216894,0.18478408,-0.10478536,0.0062496066,-0.09512902,0.081129804
-0.13265626,0.15053977,-0.2865141,-0.24467966,0.13962312,0.28006732,-0.16253246,0.054708786,0.03757753,0.013332425
-0.17582211,0.056712188,-0.31387106,-0.206406,0.12096864,0.17113213,-0.17913069,-0.0028696954,-0.12151923,0.081553444
-0.19153863,0.06758085,-0.21514043,-0.1880812,0.02829061,0.028635498,-0.21319287,0.048448056,-0.13451625,-0.07650918
-0.16332084,0.04381574,-0.23330288,-0.15855995,0.11253676,0.061311446,-0.21438603,-0.0053326525,-0.10632765,0.04992242
-0.17385659,0.12660646,-0.24423762,0.10442498,0.095100865,0.1333493,-0.31156248,-0.0039716475,-0.10209168,0.02485922
-0.03673087,0.14444463,-0.24748936,-0.1510849,0.04661502,0.13339709,-0.25185597,-0.0008617528,0.042385835,0.060842454
-0.17961897,-0.016033193,-0.16039558,-0.08763835,0.10418011,0.11777523,-0.19567272,0.0606454,0.11094662,-0.0023432798
-0.07313335,0.04380615,-0.06272983,-0.14671817,0.21587771,0.112813845,-0.2914358,0.17882594,0.10387928,-0.026155714
-0.21882606,-0.04353497,-0.11694828,-0.07219151,0.075748265,0.27543056,-0.2967341,0.06491032,-0.051810384,0.009974411
-0.1595846,0.111577004,-0.23429197,-0.20943967,0.11112331,0.19970751,-0.26190913,-0.0023159161,-0.0007900917,0.009618122
-0.2849942,0.043516975,-0.1307098,0.08509698,0.21284077,0.07541287,-0.22371997,0.011779334,-0.026380202,0.0394685
-0.15698591,0.011611767,-0.053714775,-0.25495154,0.047812946,0.1324536,-0.18333611,-0.01914515,-0.011152126,0.15359724
-0.3011564,0.09343279,-0.024212359,-0.15545067,0.10403553,0.1327328,-0.2844549,-0.010863539,-0.025182037,0.07622832
-0.24059531,0.07995987,-0.043404676,-0.037884206,0.1793344,0.19126227,-0.18601917,-0.010244135,-0.0067294245,0.050588094
-0.24124809,0.11894235,-0.10461525,-0.14459309,0.1525033,0.18789507,-0.20718427,0.011987507,0.010877438,0.08707797
-0.16780859,0.07321341,-0.05279445,0.09021136,0.0667125,0.14935467,-0.19728087,-0.053559642,0.0044482774,0.111077555
-0.23143387,0.009032648,-0.11567095,0.06539136,0.10499106,0.23789129,-0.19014473,-0.12884858,-0.07702135,0.032787543
-0.15459262,0.23865424,-0.12679237,0.09443954,-0.047718283,0.35737842,-0.15767178,-0.07617298,-0.0059956317,0.025997305
-0.08942099,0.21352921,-0.09238977,0.08365244,-0.12984368,0.1309998,-0.19288117,-0.16360305,0.055030428,-0.12949993
-0.036455844,0.15604298,-0.1298559,0.120036095,-0.15586947,0.16294785,-0.07440844,-0.004708566,-0.017011952,-0.007952303
-0.08001413,0.20431285,-0.26581106,0.07086127,-0.2145395,0.23077212,-0.16450858,-0.0129529275,-0.020191088,-0.1756017
-0.08806303,0.12527493,-0.15479133,0.036764592,-0.17484975,0.072464146,-0.1534713,0.021468986,-0.055290792,-0.251113
-0.041539095,0.11809259,-0.28065288,0.05385785,-0.19234657,0.14110908,-0.122014,-0.011215288,-0.08842876,-0.12581618
-0.0077826,0.15663278,-0.2122491,-0.11107764,-0.20799151,0.13489316,-0.15757234,-0.070087224,0.08930798,-0.015050534
-0.094628245,0.21789595,-0.28387555,0.078085534,-0.1616523,0.08535897,-0.14078513,0.027494695,-0.0033489154,-0.07991134
-0.1256064,0.15876709,-0.17748617,-0.13956475,-0.038167704,0.026899468,-0.10659428,-0.010212991,-0.0330869,-0.03697729
-0.19258465,0.1164195,-0.29299542,0.09486917,-0.0054006465,0.08874091,-0.15613015,0.007280905,-0.048965897,0.15280409
-0.031685334,0.037078828,-0.22417508,-0.16819647,-0.0034480952,0.0564875,-0.14629467,0.04683,-0.060090456,0.13806076
-0.13623038,-0.035996035,-0.27915567,0.042885397,0.09517771,0.13156332,-0.16485725,-0.005071383,0.020886967,0.08722587
-0.10794227,0.062050246,-0.25414962,0.069132715,0.06276714,0.027208779,-0.15698287,0.05506213,0.0050578336,0.13200037
-0.1624857,0.10320298,-0.19568102,-0.06778777,0.13294661,0.14434035,-0.074146494,0.017646383,0.015269328,-0.06627772
-0.13107331,0.15848021,-0.26002944,-0.15224653,0.12287609,0.025205731,-0.14593986,-0.004270822,-0.020691672,0.13353617
-0.15755516,0.087941,-0.24714415,0.087536946,-0.017924149,-0.055741116,-0.24783637,-0.005383823,-0.0007959553,-0.009425646
-0.14437616,0.1402634,-0.22229967,0.088600114,-0.046494048,0.11784698,-0.17418541,9.9327415e-05,-0.04645508,0.19218452
-0.21909308,0.24614967,-0.29335803,0.048905518,0.11182144,0.15947752,-0.12455976,-0.010389704,-0.019710192,0.06062109
-0.24060936,0.21540369,-0.1462021,0.09249595,0.11226433,0.23012629,-0.16628627,-0.07804376,-0.079688236,0.09201139
-0.13609253,0.17136484,-0.11910662,0.30329797,0.14433765,0.20268331,-0.15650536,-0.0021948628,-0.058563013,0.1139414
-0.044209994,0.12118948,-0.07688524,0.28745574,0.12703662,0.043932475,-0.093173824,-0.020232547,-0.097991735,0.07544307
0.050923385,0.12162047,-0.112133265,0.09476881,0.09953086,0.21916482,-0.13327527,-0.009801168,-0.057620462,0.08725704
-0.033503816,0.16231014,-0.1093836,0.21855254,0.10927488,0.11311194,-0.080179214,-0.0042234473,-0.115137294,-0.05720438
-0.036891125,0.018417777,-0.042968355,0.062087253,-0.03856541,0.060214415,-0.120364204,0.00446523,-0.10745874,-0.054134198
-0.05155728,0.07877591,-0.2060066,0.06314802,-0.029063683,0.19665283,-0.07466327,-0.0047132038,-0.07167635,-0.048271015
-0.075127155,-0.01690928,-0.1049996,0.0046531856,0.07940692,0.1965648,-0.042126298,0.0051686317,-0.123074904,-0.080966815
-0.084863536,0.08849391,-0.16073422,-0.12124187,0.013982076,0.3456652,-0.023549175,0.068617985,-0.06882739,-0.024862746
-0.27823722,-0.08538342,-0.3154885,-0.0180652,-0.040188912,0.37804198,-0.08741017,0.006356716,-0.10329625,0.029979223
-0.20283793,0.15609203,-0.27305356,0.07113567,0.005412843,0.47422302,-0.16543142,0.037899576,-0.14061905,0.051179726
-0.17443393,0.09188954,-0.27565226,0.091842085,0.15547344,0.33566004,-0.16727631,-0.06292915,-0.14459375,-0.16288349
-0.12318156,0.12802109,-0.23288973,-0.099547535,0.084038064,0.23218943,-0.17763095,-0.056578677,-0.14157209,-0.27721304
-0.11172618,0.16248399,-0.17330922,0.07360605,-0.045721795,0.095078856,-0.25114757,-0.061925378,-0.14767218,-0.19119944
-0.1090363,0.26246715,-0.21128398,0.14646624,-0.091618866,0.087503925,-0.20174967,-0.029065695,-0.038420923,-0.03845646
-0.021145584,0.2077983,-0.09266214,0.08675027,-0.13562615,0.07166286,-0.16639888,-0.16344905,-0.039601237,0.04528167
-0.031784337,0.19316946,-0.10176118,0.09061532,-0.11773422,-0.13783103,-0.17514096,-0.034533937,-0.020762425,0.010813953
0.015623951,0.26294625,-0.12109309,0.12554848,-0.1135315,0.057870783,-0.19226807,0.012289658,-0.035870627,0.055987906
0.0149969105,0.26783141,-0.27590227,0.27080497,-0.10463008,0.031638168,-0.1560779,-0.0020903014,0.039038982,0.09912941
-0.040653512,0.2996014,-0.16506861,0.23702887,0.010864504,-0.050432935,-0.1316343,-0.018777769,0.0015453692,0.15629426
0.06284879,0.33910543,-0.17088479,0.08762494,0.097257435,-0.03843661,-0.15895239,-0.14292046,0.12471638,0.1852261
-0.11087369,0.42375624,-0.1676551,0.09117526,0.25196758,0.054274186,-0.15151487,0.00010298565,0.013881845,0.20394878
-0.043989323,0.40672985,-0.263015,0.27217275,0.1276069,-0.025231969,-0.1541733,-0.16822724,0.019285563,0.24063973
-0.02259584,0.2944079,-0.2622206,0.26973182,0.17523883,-0.052542392,-0.07734532,-0.25918785,0.014330929,0.20311332
-0.034000613,0.36019498,-0.2235347,0.24812786,0.38243648,-0.1105953,-0.08270104,-0.22015509,0.08031852,0.19405143
0.09541987,0.3122019,-0.23871043,0.2628389,0.27453226,-0.02913339,0.0037824716,-0.07597259,0.017482772,0.19532634
0.19690211,0.36544812,-0.2803981,0.12395938,0.25087345,-0.17724487,0.057620645,-0.17144328,0.07222209,0.14904913
-0.03418821,0.4274303,-0.36012155,0.047303326,0.120491,-0.013969926,-0.013790904,-0.07792592,0.012192586,0.18638219
-0.0482715,0.5402113,-0.39731103,0.24187952,0.2543504,-0.13339527,-0.12128657,-0.1462845,0.20217143,0.17902419
-0.00978226,0.24027415,-0.3717399,0.14360976,0.12839878,-0.07832785,-0.034688868,-0.18273073,0.14543797,0.26331767
-0.024024475,0.31380364,-0.3479034,0.13158745,0.11581454,-0.2233058,-0.029755788,-0.08305025,0.060824227,0.19715248
-0.05422347,0.23111883,-0.31592652,0.2208011,0.19699986,0.17358196,-0.0696858,-0.08564834,0.013976492,0.14900771
-0.019954868,0.32560852,-0.29905823,0.20116779,0.24175327,-0.029375147,-0.0071914624,-0.014422763,0.10879376,0.24842733
-0.07745348,0.17271766,-0.3170055,0.27371418,0.26624906,0.049180582,-0.07542885,0.0014948659,0.03006315,0.14211681
-0.04113476,0.20768423,-0.24397181,0.27309084,0.17277078,0.06850508,-0.052958213,-0.047879297,0.095754154,0.17671473
-0.03541792,0.220777,-0.2867918,0.13250172,0.42664298,0.0930267,0.04295738,-0.07136653,-0.01815755,0.14559083
-0.040865,0.22100501,-0.3039604,0.16788578,0.2051683,0.029058367,-0.058980793,-0.12788302,-0.0033314847,0.12663011
-0.049253367,0.29138508,-0.31375888,0.09865643,0.21966377,0.09972601,-0.14606461,-0.103090495,-0.012303904,0.20726003
-0.01755812,0.19406188,-0.3244413,0.25145894,0.1367173,0.10484314,-0.060807087,-0.18847546,0.03212452,0.04925627
-0.020149905,0.3438039,-0.2255124,0.12219907,0.10759775,0.19808382,-0.08852027,-0.13734932,0.1154554,0.14724217
-0.014651901,0.24604364,-0.21022864,0.2020141,0.12368388,0.19608855,-0.073550016,-0.17988831,0.07412479,0.021850564
-0.04235617,0.4543476,-0.24582,0.19285737,0.15700498,0.16768412,-0.07438718,-0.14160196,0.019161142,0.00032498268
-0.01588238,0.43269676,-0.27383608,0.2592435,0.122749634,0.06537994,-0.090831146,-0.1278188,-0.011815615,-0.08718463
-0.04171402,0.3775704,-0.12829725,0.13482212,0.09264174,-0.20545143,-0.03629788,-0.22212014,0.14029787,-0.032980464
0.00325186,0.37913045,-0.2849031,0.18648335,0.03954756,-0.15080963,-0.051212378,-0.2104455,-0.013469603,0.12777391
-0.04679115,0.4597568,-0.2481796,0.23462196,0.09971428,-0.14417094,-0.08012136,-0.25977698,0.1884187,0.25242537
0.0043064,0.4302525,-0.31258935,0.17734933,0.008978087,-0.1551638,-0.07249063,-0.14778773,0.20975965,0.30334496
0.1642449,0.44233042,-0.3070772,0.30635512,0.11796239,-0.109665744,-0.11972551,-0.1413737,0.17701799,0.13882993
0.027325848,0.26124215,-0.29633436,0.19239376,0.13112658,-0.2757689,0.14953192,-0.26866108,0.21620443,0.31161776
0.069562405,0.38143995,-0.31128246,0.29571986,0.25846133,-0.17008737,-0.03987006,-0.1436127,0.23563097,0.26524475
-0.03702995,0.42343423,-0.24613224,0.0074208975,0.26680642,0.031201534,-0.03826934,-0.17057623,0.22771953,0.44628653
-0.018548852,0.34668064,-0.3180981,0.33521622,0.44865373,-0.14280872,-0.07396352,-0.09386806,0.2228396,0.21730825
-0.014255973,0.31113222,-0.3038861,0.3688987,0.4861331,-0.08561645,0.022553066,-0.15695122,0.11634695,0.3121826
0.2118112,0.3279165,-0.3279691,0.2588557,0.52964795,0.10262127,0.024275145,-0.18037695,0.19680019,0.34420756
0.017591624,0.34404054,-0.2887992,0.3143339,0.3900957,0.032238193,-0.12912253,-0.068679646,-0.11740946,0.11649135
0.35240358,0.32752714,-0.22587997,0.24815446,0.22496627,-0.0038708616,-0.079301134,-0.16231547,0.044924196,0.20129576
0.14524645,0.14691699,-0.32741246,0.19321464,0.21876805,0.057347946,-0.08641715,-0.086304516,0.005991859,0.18786629
0.12897012,0.20680566,-0.28113687,0.13597232,0.3996065,0.08864865,-0.020181937,-0.17266127,-0.067682974,0.14129041
0.016105143,0.15128584,-0.32392216,0.23904479,0.18283486,0.14068109,-0.09943677,-0.042278174,-0.08448967,0.1641584
-0.041435517,0.45800954,-0.26635084,0.15672734,0.15283214,0.20405139,-0.0027760845,-0.030101176,0.053962883,0.02799003
-0.0058573913,0.12982003,-0.26398307,0.34040433,0.13402715,0.1634317,-0.057247683,-0.094505146,0.018217318,-0.018646153
0.02078945,0.2380324,-0.27711552,0.3656216,-0.012702044,0.04821057,-0.021450477,-0.17403945,0.011454163,0.01970434
0.13023402,0.34826824,-0.28405783,0.19160196,0.05945745,0.044445004,-0.07544939,-0.07235223,-0.062994175,0.05213987
0.07318793,0.34132162,-0.30953622,0.18571194,0.12409997,0.16450386,-0.07249488,-0.098293856,-0.031701252,0.050218236
-0.03136545,0.3832819,-0.31645265,0.24507713,0.059467938,-0.018470872,-0.075139925,-0.026671749,0.09127789,0.081229106
0.06390825,0.31608418,-0.2623778,0.35249913,0.08563113,0.053522862,-0.13330176,-0.048402805,0.12345313,0.03703902
0.0012894124,0.36900732,-0.286536,0.30964237,0.084986076,0.06754806,-0.12389223,-0.105762795,0.09899898,0.023671722
0.011610895,0.22617745,-0.25855568,0.19174266,0.024576325,-0.05218879,0.012621606,-0.12874645,0.06305564,0.0139031615
0.008735966,0.3338021,-0.23977728,0.26545358,-0.14291796,0.05754374,-0.08178408,-0.21451774,0.14060317,0.12584226
-0.011662841,0.16704568,-0.32478428,0.20314154,0.050929204,-0.029260358,-0.17680505,-0.17681965,0.074669376,0.12380966
-0.06412858,0.31138566,-0.21575105,0.1731703,-0.020710628,0.014816817,-0.16373195,-0.20283148,0.14817688,0.19317682
0.0017867386,0.21849562,-0.28711998,0.14127004,0.112928376,-0.0110455975,-0.06439317,-0.17537922,0.03831679,0.17483643
0.026623888,0.26554474,-0.14025733,0.2130043,0.112136796,0.011272047,-0.027278474,-0.24182972,0.075381525,0.11254451
-0.049007088,0.37691128,-0.33354244,0.024230808,0.23114935,0.020116925,-0.102237076,-0.24340132,0.07810837,0.24373993
0.034240246,0.373963,-0.2827609,0.092190765,0.30173403,-0.00010107085,-0.06940033,-0.2517911,0.02256349,0.13594662
-0.012747083,0.49564132,-0.27306592,0.17412852,0.16948967,-0.09353042,-0.007642681,-0.20418459,-0.022804024,0.09443591
-0.17875816,0.4482805,-0.3149368,0.25896567,0.12429492,-0.12812097,-0.14356056,-0.21986407,0.13951641,0.047717735
-0.0102197705,0.5116919,-0.2548687,0.33965683,0.04713958,-0.06633115,-0.05258143,-0.13819277,0.01856859,0.07958486
-0.008286521,0.47073448,-0.28701332,0.24926029,0.049566753,0.059221447,-0.008737786,-0.13252087,0.026127292,0.15960647
-0.014621884,0.34928644,-0.31728998,0.52095175,0.11956303,0.051616274,-0.08363232,-0.14215994,-0.005423969,0.20280634
0.06983031,0.35662913,-0.31332803,0.3065601,0.119990945,0.16239515,-0.008751048,-0.10789594,0.0134131,0.05763894
-0.07118409,0.22230297,-0.3189706,0.29649892,0.123532206,0.022253834,0.029856978,-0.16824496,-0.11418208,0.2690586
0.20265512,0.36320695,-0.3508754,0.1963893,0.14028807,0.061234653,-0.055063568,-0.21851805,0.028408905,0.21887287
0.117180906,0.2040903,-0.34616274,0.3290238,-0.00890347,-0.093695685,-0.00016770326,-0.2677032,0.017809168,0.05479663
0.07554905,0.34203127,-0.2796964,0.16399308,0.0017901361,-0.01754501,-0.08294314,-0.18864709,0.05767836,0.15426712
0.23434474,0.2739853,-0.25635296,0.32299507,0.05150121,-0.008742034,0.0014830548,-0.1354503,0.032328308,0.088506885
0.05881452,0.34555817,-0.26768366,0.14866285,0.02302133,0.09994526,-0.05435413,-0.12559812,0.06278689,0.055263393
0.14564873,0.31079996,-0.34626943,0.28383368,0.11989115,0.06992957,-0.13320486,-0.024347354,0.016592445,0.047533065
0.019711057,0.366522,-0.24883206,0.37815678,0.12804143,-0.124772236,-0.08905865,-0.16587777,0.0027175169,0.11750365
0.012079803,0.38183236,-0.2943056,0.27532613,-0.021805506,-0.13102472,-0.046337925,-0.18225984,-0.04234818,0.23391314
0.093854986,0.41677603,-0.20335479,0.20049879,0.25067988,-0.030235402,-0.076201215,-0.31094834,0.046551503,0.36710423
0.019429008,0.4037567,-0.17626426,0.21463774,0.2306608,-0.24650602,-0.0897896,-0.3693661,-0.017796515,0.13196899
-0.05399748,0.36953333,-0.1536355,0.27321535,0.21639208,-0.17430684,-0.07736774,-0.3382457,0.017369408,0.2074121
-0.051273942,0.4771346,-0.27026734,0.14389974,0.096358895,-0.16212139,-0.048793823,-0.25218982,0.032308258,0.20529732
-0.091295145,0.34930488,-0.2849257,0.08915642,0.12842366,-0.23743783,-0.09464763,-0.19154555,0.071010955,0.21674816
0.021130046,0.3357794,-0.28661186,0.25349465,0.28324518,-0.14303194,-0.08010763,-0.23495665,0.07720859,0.3296823
-0.041006293,0.3951457,-0.21153927,0.076547936,0.19120099,-0.39447665,-0.12917393,-0.19223231,0.12935999,0.32241675
-0.03382697,0.41947314,-0.31978297,0.36686173,0.19868636,-0.28018758,-0.15307571,-0.20389882,0.19130148,0.3854085
-0.053670242,0.47848326,-0.17410764,0.16155669,0.2189568,-0.24450448,-0.0807012,-0.40251037,0.16842042,0.39623088
-0.03875088,0.3557011,-0.32775906,0.5678619,0.24553517,-0.1260154,-0.07950953,-0.17193544,0.14531203,0.20089003
0.0574622,0.4313011,-0.20170756,0.2916939,0.3629873,0.032539845,0.0325538,-0.26517573,0.14378269,0.23417473
0.07011412,0.3506842,-0.32735065,0.560666,0.22872046,0.0022219159,0.0341774,-0.1644513,0.062004197,0.28793636
0.3312309,0.4327082,-0.35052904,0.30047035,0.23092933,0.09179309,-0.1163989,-0.15203129,0.19434294,0.13331926
0.06550736,0.27707985,-0.36543342,0.36341274,0.1404067,-0.015337508,-0.04719443,-0.24697134,0.1318752,0.21344455
0.016243631,0.26202258,-0.350215,0.4471955,0.2137528,-0.015878297,-0.04768522,-0.20753118,0.066887535,0.19449186
0.019720932,0.3217722,-0.22875667,0.32480794,0.18448822,-0.037182488,0.21328788,-0.18507569,0.05824944,0.1049691
0.047093958,0.34962684,-0.28282553,0.32739294,0.20096037,-0.15167657,0.034343943,-0.16278741,0.18051243,0.14002945
0.13626999,0.25030324,-0.33284482,0.19894017,0.11770718,-0.14970651,0.10024694,-0.22536412,0.20052129,0.09305423
-0.040653817,0.32861304,-0.34353372,0.11688653,0.06183377,-0.022073999,-0.05861844,-0.19857633,0.21763939,0.18021408
-0.0153344665,0.44063655,-0.4439911,0.227854,0.13159549,-0.11391636,-0.06755991,-0.15019873,0.21918803,0.21917771
0.004776193,0.43486068,-0.3144051,0.43119374,0.13885869,-0.013173338,-0.07319693,-0.23756114,0.1065567,0.173257
0.009531638,0.40008906,-0.4138603,0.34400296,0.1297217,-0.09164889,0.027196744,-0.23129961,0.08271399,0.33123326
0.09994184,0.4689177,-0.2592692,0.4411182,0.26261774,-0.16279338,-0.03919872,-0.14876439,0.16999489,0.2717515
0.0027925782,0.36957678,-0.30832788,0.28720558,0.23578057,-0.037018657,0.08499682,-0.20492896,0.03878367,0.32558975
-0.009020641,0.32486176,-0.23819102,0.3371598,0.29960167,0.03637649,0.014812654,-0.30091232,0.02823438,0.23194951
-0.04308202,0.41859138,-0.31532893,0.22065535,0.36180377,-0.013383314,-0.07471354,-0.22002369,-0.081003174,0.14495383
-0.039014265,0.45550773,-0.32295772,0.27132034,0.20155808,-0.20329548,0.02037779,-0.21128336,0.0036810744,0.205363
-0.010322777,0.3684649,-0.33029684,0.31132472,0.26195648,-0.2645588,-0.07700428,-0.2614189,0.07791712,0.35700583
0.0030041765,0.4203341,-0.38201925,0.2546825,0.2671012,0.006293688,-0.07849861,-0.14498432,0.101690315,0.30916056
0.054050148,0.31506464,-0.29304454,0.40498766,0.27011558,-0.124231264,-0.06758345,-0.25789663,0.017855098,0.19546199
0.07029029,0.35374215,-0.3187903,0.122790456,0.16542219,-0.4620013,-0.091397375,-0.21361163,0.07843243,0.29290918
0.063769124,0.3523742,-0.2526138,0.23568714,0.27356634,-0.10243283,-0.140691,-0.17941567,0.12711781,0.34177256
0.08061302,0.38062826,-0.3281063,0.15283307,0.5464273,-0.12959822,0.00821604,-0.16661908,0.19373481,0.2822091
-0.01499622,0.40461007,-0.3331059,0.11363526,0.3653576,-0.28282526,-0.03005516,-0.1534628,0.18504466,0.31298465
-0.010802677,0.34412962,-0.3190821,0.1370438,0.261879,-0.1075518,0.04184197,-0.1778975,0.21726103,0.19479
-0.05047948,0.40548927,-0.21207501,0.2251032,0.19708303,-0.061800525,0.01856249,-0.025334846,0.20271444,0.22656326
-0.04863382,0.48166722,-0.25485417,0.1828781,0.18006125,-0.1634466,-0.00030611642,-0.017928239,0.18875438,0.22889645
-0.13576208,0.30212522,-0.32898042,0.33131945,0.12162804,-0.100971594,-0.047196656,-0.04165225,0.06350693,0.46459454
-0.0475668,0.25102618,-0.24139442,0.5834726,0.18072158,-0.23295593,-0.055411875,-0.07749912,0.0919051,0.20910375
0.0008424837,0.13819726,-0.3102005,0.33905113,0.23953739,-0.09464185,0.013672987,-0.08568753,0.067483455,0.40105453
0.006961733,0.18010433,-0.21795124,0.11628473,0.111002676,0.05068437,-0.055154614,-0.019486334,0.064687975,0.20146294
-0.07812622,0.08342171,-0.2958698,0.07603558,0.3829995,0.06270544,0.01256752,-0.12987949,0.06788198,0.318092
-0.046140105,0.09686427,-0.3134785,0.06839521,0.20492637,0.1498064,-0.06766207,0.025714211,0.08589504,0.095944956
-0.059195988,0.2034304,-0.33422232,0.14231184,0.11180659,0.05887811,-0.16387601,-0.015641574,-0.04537781,0.26360774
-0.040888578,0.16444442,-0.31098488,0.15778303,0.12099497,-0.012899399,-0.06451909,-0.0549845,0.025124097,0.056094676
-0.12182072,0.25840417,-0.256459,0.11700088,0.12151581,0.04177691,-0.07806279,-0.13545449,-0.06549674,0.17342259
-0.0074880887,0.46415693,-0.2511909,0.16173863,0.12583423,0.055697322,-0.18720809,-0.08266519,0.09372107,0.046206586
-0.010512958,0.21710652,-0.24104287,0.08098461,0.2329394,0.07231428,-0.0961389,-0.15253328,-0.0056597707,0.035310667
-0.0818427,0.17986368,-0.2920298,0.2116994,0.08836829,-0.0018237345,-0.08044301,-0.13784963,-0.029485175,-0.030451601
0.010474412,0.4691249,-0.23763105,-0.07570019,0.09915501,0.05461789,-0.086833805,-0.12630168,0.11275428,0.09618279
-0.08033063,0.4711278,-0.28480396,-0.0612067,-0.066534474,-0.18632339,-0.07487586,-0.1120954,0.004271708,0.08612728
-0.11008754,0.42768827,-0.25867835,0.29018623,0.02120091,-0.017214198,-0.14296575,-0.23412359,0.07258316,0.12756464
-0.05457548,0.36045125,-0.2967573,0.26884782,0.14716858,0.01878836,-0.13445263,-0.22214586,0.038298827,0.32509726
0.07324522,0.48022324,-0.2695189,0.50894725,0.30635163,0.1163059,-0.075395815,-0.2549259,0.028768739,0.24266492
-0.03466899,0.41677496,-0.25400335,0.109556966,0.22541505,-0.03909506,-0.06228128,-0.1827302,-0.03599294,0.1702798
-0.00060845725,0.45869356,-0.2502456,0.3883166,0.20696492,-0.3423747,-0.10264027,-0.23202741,-0.052773163,0.12475607
0.009181747,0.2253929,-0.3132476,0.3117445,0.11566545,-0.1361283,-0.0108414125,-0.22177625,-0.06070498,0.24237557
0.030799454,0.4062688,-0.24256255,0.27719545,0.12813257,-0.10969177,-0.046173327,-0.20611376,-0.010710703,0.20526475
0.010990242,0.46652067,-0.33615777,0.4168259,0.10846467,-0.081010595,-0.10732573,-0.09348068,0.025252076,0.13890736
0.023513881,0.34017226,-0.37491062,0.36555588,0.1307769,-0.043479007,-0.05029829,-0.110827014,0.22513117,0.29207838
-0.031762093,0.30030215,-0.3261819,0.26050186,0.2022116,-0.01211337,-0.04557489,-0.31633088,0.30156267,0.28272
0.055088982,0.41752565,-0.30920157,0.2763029,0.13268004,-0.11083017,-0.0132077765,-0.22376311,0.23841627,0.16914913
-0.032164283,0.5105669,-0.19863106,0.23384248,0.1512339,-0.10422963,-0.049203217,-0.1758735,0.24603964,0.09918511
0.12530854,0.39642945,-0.26041356,0.4711323,0.21814802,-0.33175218,-0.04330907,-0.23287845,0.20595546,0.20487447
-0.03686384,0.4394357,-0.24702124,0.3721463,0.21433677,-0.24835941,-0.024860287,-0.23598316,0.2371858,0.126159
0.047078557,0.40024918,-0.29249993,0.26597136,0.23719019,-0.21200427,-0.0947875,-0.30273417,0.19974492,0.25169012
0.10181112,0.6574463,-0.18686111,0.3060102,0.21581829,-0.17499794,0.012925154,-0.34210035,0.2743968,0.1949601
0.0054541286,0.5000464,-0.25216556,0.28396836,0.11047824,-0.46496764,-0.04659035,-0.24350137,0.0874094,0.3178476
-0.053662904,0.55887353,-0.30113468,0.5213356,0.17932442,-0.49929056,-0.081810415,-0.17148706,0.24824043,0.26969633
-0.03267916,0.49059427,-0.3366166,0.58893424,0.17538549,-0.41761035,0.0056441706,-0.23668501,0.2872147,0.3355696
-0.012181307,0.5238111,-0.26039487,0.5416832,0.26879743,-0.26771194,0.1686716,-0.10458797,0.30157298,0.26176834
0.053724818,0.46819288,-0.42770183,0.30819088,0.2470578,-0.1939448,0.11683476,-0.37461826,0.18765719,0.32831937
0.03525036,0.42994642,-0.3349553,0.7385398,0.51036114,-0.32202378,0.0057774987,-0.2178795,0.29663104,0.41897917
0.029464575,0.52277243,-0.31944835,0.3690688,0.33712208,-0.1622473,0.1782411,-0.21871978,0.3562227,0.40288243
0.1267545,0.38773912,-0.3946155,0.35097745,0.52213794,-0.14025696,0.11782071,-0.38627857,0.19071811,0.3551548
0.18141778,0.58424157,-0.6120097,0.19280173,0.5492761,-0.034043685,0.13774294,-0.27310643,0.26652345,0.34854266
-0.022953223,0.40413672,-0.33611733,0.7106366,0.602797,-0.31748766,-0.042836428,-0.33333614,0.18843915,0.23822081
0.02708404,0.47063798,-0.3967986,0.31860584,0.40967315,-0.33675283,-0.013541171,-0.2893739,0.19932735,0.29225403
-0.01376946,0.504844,-0.36116627,0.50554895,0.43186003,-0.32337415,0.00810946,-0.37865117,0.33570933,0.3837475
0.07185554,0.4788142,-0.30003184,0.27827567,0.34783536,-0.19660494,-0.056925192,-0.24565348,0.36117843,0.4032815
0.2952332,0.38943133,-0.2392088,0.6997323,0.30774453,-0.18943314,-0.058822557,-0.21285042,0.2589858,0.37299457
0.27675664,0.41997346,-0.2819949,0.48692107,0.18600877,-0.0923964,0.024377072,-0.19702217,0.3609379,0.24348548
0.2665968,0.5083652,-0.30409303,0.5431069,0.19319695,-0.18802212,0.037344776,-0.23341888,0.32473436,0.2534868
0.1513122,0.50041884,-0.38047174,0.3547941,0.25785264,-0.18942657,0.013941804,-0.20529765,0.1288168,0.2844662
0.55265766,0.50651103,-0.2989584,0.43041706,0.23154786,-0.22803724,-0.052126378,-0.31702682,0.21236221,0.3453585
0.33348134,0.43724862,-0.31629366,0.2646364,0.42693898,-0.09708185,-0.08553831,-0.36227354,0.331017,0.46598107
0.4948247,0.48001376,-0.3535134,0.2740041,0.6296147,-0.104623884,0.009729074,-0.121168345,0.3245557,0.2832994
0.13733381,0.46970227,-0.4404876,0.21458174,0.49968594,-0.29226896,-0.061604053,-0.28921247,0.23946586,0.20989767
0.14935966,0.50021404,-0.47083884,0.45137918,0.32609603,-0.30916947,-0.018085873,-0.12031707,0.32910186,0.25816277
-0.042024266,0.32168838,-0.3310137,0.35151145,0.4689632,-0.18337213,-0.08338718,-0.20799154,0.33605948,0.30945086
0.07539453,0.4935906,-0.3227404,0.30991334,0.10078709,-0.058387972,0.052369185,-0.14646746,0.3503795,0.40830535
-0.03206215,0.35241905,-0.3184366,0.25543135,0.32470554,-0.09569419,-0.05243598,-0.24287185,0.26147777,0.31181595
0.07672459,0.48098326,-0.34763888,0.28069052,0.38414755,-0.20582402,0.029863479,-0.14180607,0.2649802,0.10759997
-0.0072852224,0.5151504,-0.31070232,0.31480628,0.3077535,-0.28173494,0.012477713,-0.15187775,0.17672655,0.37669784
0.10927092,0.44781512,-0.3319669,0.35336187,0.14660415,-0.3425027,0.037463307,-0.26937473,0.24327607,0.19929186
0.11684992,0.49148223,-0.3427279,0.46352807,0.23847589,-0.3178649,-0.015496833,-0.24690828,0.31640926,0.34483957
0.15571289,0.40356347,-0.3425016,0.5176272,0.22046044,-0.21822482,0.044522874,-0.16571882,0.14554435,0.3045677
0.5875737,0.33027497,-0.30674604,0.50461596,0.42838654,-0.387528,0.16757782,-0.13506347,0.28581318,0.2869503
0.124651365,0.3859312,-0.326886,0.35466585,0.26505026,-0.14129181,0.049073257,-0.11355166,0.2113929,0.23726222
0.13199751,0.25787786,-0.33001092,0.19814183,0.19189267,-0.11770289,0.08936558,-0.056209292,0.22799888,0.36974
0.10476025,0.23226225,-0.33068135,0.29837745,0.1888655,-0.47870928,0.12237096,0.027206805,0.20004779,0.33374637
0.116254576,0.20242046,-0.32896802,0.24088651,0.27027544,-0.12519413,-0.04451374,-0.059674952,0.3499679,0.33507723
0.17843449,0.20176415,-0.35722592,0.3133031,0.27610424,-0.12723927,-0.047833666,0.0019791722,0.36937714,0.2713762
0.085408874,0.17220148,-0.31082097,0.2831055,0.18127425,-0.24923983,-0.06092152,-0.07662347,0.1837212,0.21134181
0.006396495,0.3750177,-0.3101118,0.2528072,0.22889988,-0.024357062,-0.012562586,0.004618097,0.37008294,0.047678724
0.03247101,0.3085669,-0.27272433,0.3813825,0.18718924,-0.091930844,-0.03811539,-0.06166287,0.23407017,0.08285253
0.14356661,0.23593168,-0.25646946,0.2880629,0.124053314,-0.1013856,0.010293825,-0.08887373,0.122030355,0.095883116
0.0042823143,0.3592198,-0.27416143,0.25679815,-0.08257744,-0.18324158,-0.050207585,-0.17237505,0.112761155,0.06743052
0.08433747,0.27447274,-0.3339392,0.23084384,0.06885971,-0.25516015,-0.033636294,-0.17054763,0.035876323,0.041045852
0.06684304,0.4008819,-0.31368476,0.060867548,-0.08816998,-0.22833182,-0.017732764,0.0025246069,0.22162627,0.13375926
0.049349256,0.34728807,-0.3398653,0.23849423,-0.07746817,-0.1501233,-0.07939996,-0.0651592,0.20471187,0.21695139
-0.068465255,0.22587809,-0.33182997,0.21357058,0.12962231,-0.016465282,0.03486813,-0.02456158,0.2846232,0.21589734
0.019687572,0.18529175,-0.24980907,0.31425792,6.797537e-05,-0.1817266,-0.011468222,-0.037104245,0.30827403,0.37063175
0.035252236,0.33188376,-0.31791887,0.23422492,0.22813201,-0.04738046,0.0025455523,-0.12301426,0.17245382,0.34059843
0.027125912,0.36787897,-0.3090654,0.40006694,0.08263928,0.003871601,-0.07963833,-0.18161693,0.25392535,0.32236826
0.03317543,0.36364233,-0.27714643,0.36119866,0.22269762,-0.18465516,-0.0034564529,-0.17496936,0.19538158,0.29464045
-0.0062596286,0.36244193,-0.33203498,0.5152705,0.30900893,-0.105995536,-0.09320966,-0.079181224,0.12805963,0.14784418
0.0424409,0.2654045,-0.3731206,0.26321673,0.17012393,-0.08310137,0.019900924,-0.075890064,0.22925015,0.19515167
0.05612842,0.21867418,-0.3455269,0.30656216,0.020739503,-0.17510821,-0.050015554,-0.18121533,0.18261951,0.1799682
-0.0018912284,0.28634992,-0.3238863,0.29700792,0.05509223,0.0117489435,0.07030847,-0.034723688,0.20670864,0.16772735
0.114261664,0.21986182,-0.29497764,0.19004232,0.11800514,0.070023015,-0.0074020904,-0.0069398843,0.18272266,0.13939562
0.024910172,0.3373964,-0.26819852,0.19821182,0.116637245,-0.06830767,-0.05505927,-0.027267504,0.14999367,0.14073189
0.05704391,0.22259577,-0.30102542,0.207278,0.05126722,-0.16679823,-0.053520754,-0.1445624,0.3012364,0.20157507
-5.8021396e-05,0.1461975,-0.28629464,0.21678528,0.055989206,0.09496644,-0.1755516,-0.042163264,0.14324354,0.20495315
0.108903624,0.23608868,-0.25451672,0.03414756,0.12137651,-0.047043823,-0.0958471,-0.001963023,0.30836493,0.22771189
-0.021291383,0.2356159,-0.29391965,0.067541614,0.24318886,0.12959743,-0.076348186,-0.007468123,0.08744305,0.18118252
-0.04677976,0.19021536,-0.25502875,0.06053698,0.2730945,-0.02311362,-0.14906897,0.00027910247,0.13148482,0.19354014
-0.084181964,0.18848169,-0.29990414,0.18900377,0.12758206,0.027945548,-0.15387179,0.0030414052,0.041952744,0.17665325
-0.13435608,0.07194629,-0.10556874,0.07600024,0.17355461,0.088889375,-0.14782391,-0.065816835,0.0015396583,0.08327152
-6.0873106e-05,0.21991453,-0.22219515,0.08865249,0.20950018,0.050700277,-0.059007213,-0.015467707,-0.061196294,0.08156575
-0.030779589,0.14802054,-0.3371148,0.16329232,0.09950471,0.1825696,-0.1742867,-0.036069382,-0.049881577,0.1451229
-0.047616363,0.21576966,-0.2414989,0.17593555,0.07898059,0.11704096,-0.22390105,0.006822653,-0.00014223391,0.05132277
-0.047417745,0.061218657,-0.1955335,0.116612785,0.1110408,0.14107321,-0.13117342,-0.11182171,-0.02281789,0.12728141
-0.16030078,0.2219896,-0.2926698,0.019450665,-0.09221187,0.16489589,-0.16790302,-0.08086969,-0.005197343,-0.049042575
-0.19555877,0.315019,-0.23427702,0.13487981,-0.010190796,0.22026958,-0.11164357,0.0632511,-0.021451602,0.096412584
-0.10779416,0.15045422,-0.23719649,-0.014941357,0.1400949,0.13893588,-0.10326599,-0.016067486,-0.09831902,0.12288141
-0.19930607,0.1146495,-0.31915432,0.09104648,0.062130418,0.082563326,-0.12343432,0.0036873743,-0.068626955,0.09033387
-0.15823923,0.16783474,-0.2932964,0.016424537,0.09239527,0.16589169,-0.19344077,0.018414035,0.050765704,-0.014119672
-0.09454971,0.14234397,-0.19579992,0.11025709,0.24478313,0.124154136,-0.18708737,-0.020314518,0.018439362,-0.02210477
-0.12175491,0.23626518,-0.24443491,0.15895051,0.13171248,0.1686526,-0.12409648,-0.008198466,0.045668636,-0.14458358
-0.020674897,0.18564002,-0.09961536,0.09297514,-0.06398712,0.11628917,-0.11781885,-0.06825967,0.0059641167,0.009481642
-0.057159595,0.1269377,-0.2372896,0.19954015,-0.1296202,0.116607696,-0.16264686,-0.018052746,-0.044394273,0.06561151
-0.086100176,-0.01610435,-0.21543089,0.08562712,0.003591165,0.117889345,-0.13137457,-0.06652771,-0.10109771,-0.009026712
-0.10383826,0.06840803,-0.14390229,0.056815773,-0.06364125,0.14793095,-0.1206228,-0.009379867,-0.055418197,0.005727367
-0.033045374,0.2044584,-0.25281027,-0.2022123,-0.024584379,-0.0035213046,-0.12155114,0.015100274,-0.07431814,-0.1405319
-0.1942956,0.17648879,-0.24123453,0.024261668,-0.10018252,0.13519111,-0.27489382,-0.06534757,0.041941363,0.114413306
-0.14524007,0.23053212,-0.21110208,-0.036664695,-0.020227533,0.23419183,-0.23116018,0.020993192,-0.014576254,0.04498175
-0.1554412,0.16571763,-0.18655255,0.076261066,0.08057277,0.04774405,-0.16800587,-0.10018833,-0.10950441,0.09604989
-0.098264955,0.040802643,-0.1702448,0.07402064,0.067230225,0.1384267,-0.090383425,-0.1277997,-0.011937968,0.12884167
-0.092707634,0.20332296,-0.0466955,0.093633756,0.10329224,0.13332579,-0.15003331,-0.061668795,-0.052277144,0.05118294
-0.06701099,0.15350105,-0.048131302,0.08992183,0.07157759,0.19011226,-0.07254113,-0.10362393,-0.06753152,0.20709077
-0.061932467,0.24606709,-0.21397336,-0.17721191,0.09789325,0.14933267,-0.12785457,-0.024090279,-0.10946768,0.06397093
-0.00040610693,0.15498924,-0.23432948,0.07469393,0.030572034,0.16181412,-0.14168008,-0.018094037,-0.06463233,0.12051014
0.0031939,0.2557798,-0.2900163,0.06876436,0.100929484,0.0033870414,-0.18144657,-0.002784308,-0.096103616,-0.0061939512
-0.094601914,0.35105026,-0.28259328,0.07286872,0.12568335,0.21710178,-0.109638244,-0.16708742,0.08346825,0.04481282
-0.03629216,0.24683803,-0.26870552,0.14839643,-0.011304628,0.059772238,-0.14944682,-0.14744394,-0.054493554,0.09049043
-0.11831289,0.22319235,-0.34098402,0.26996264,0.11903605,0.06550193,-0.11489235,-0.19894004,0.010101648,0.060189612
-0.15359645,0.3893101,-0.18281491,0.40647054,0.004580315,0.047605127,-0.18455072,-0.0064794905,0.06608005,-0.014141088
-0.0977984,0.26759934,-0.27021387,0.27631205,0.0037469529,0.1258899,-0.076574996,-0.06410329,0.044909377,0.04794941
-0.10754263,0.34213087,-0.21504067,0.25312638,-0.028025161,0.0464098,-0.13754588,-0.07834898,0.1152499,0.138692
-0.041146882,0.16565144,-0.2898468,0.2561857,0.014844142,0.01828938,-0.019496256,-0.06109387,0.021523947,0.025072174
-0.10954469,0.14101265,-0.29779074,0.27929923,0.19898215,-0.058498353,-0.045788996,-0.041143868,0.121363916,-0.13926981
0.056785166,0.13503425,-0.34181234,0.2830044,-0.018707205,0.04589457,-0.0751719,-0.07113597,0.010779727,0.16933459
-0.04463823,0.1880629,-0.34460238,0.17395627,-0.043581758,0.011747681,-0.06059049,0.010273535,0.14992069,0.044786647
0.07654383,0.21138461,-0.32308978,0.008308753,-0.021674994,0.19254187,-0.09050055,-0.020633098,-0.0073140827,0.03564043
-0.04388792,0.13018672,-0.2586411,-0.03547311,-0.027584892,0.094990894,-0.12947366,-0.0057549365,0.0016519665,0.1350795
0.032492563,0.16396245,-0.23224315,-0.1047439,0.13938865,0.11882621,-0.21355653,0.056753024,0.040684983,0.021816585
-0.15472178,0.13287686,-0.12233411,0.08680104,0.054176487,0.13820057,-0.18725933,0.025502726,-0.104816176,0.23231824
-0.16791826,0.11034524,-0.04953052,0.08255109,0.09147904,0.16752851,-0.17753881,-0.005950708,0.024018563,-0.09702316
-0.17666413,0.07951419,-0.17066504,0.06316642,0.11038707,0.17180352,-0.15436582,-0.10044144,-0.1042869,0.04641541
0.041590877,0.040617242,-0.14432973,-0.024303734,0.10881889,0.0857331,-0.11565684,-0.0076326914,-0.01626272,0.008672267
-0.14262545,0.21336503,-0.25233662,0.030276433,-0.121686384,0.16462916,-0.15891178,0.013079558,-0.11150907,0.069269575
-0.17501555,0.17662157,-0.14769688,-0.05504906,-0.053583253,0.1263816,-0.23121662,-0.018091228,-0.12269669,0.059467193
-0.17440008,0.17959404,-0.15637867,0.16586386,-0.109996885,0.11059371,-0.18056028,0.0050232075,-0.13469481,0.037980113
-0.20825325,0.18359593,-0.20134626,0.25505307,-0.010203894,-0.034844615,-0.1698793,-0.09871209,0.079540186,-0.072597876
-0.1809324,0.29825357,-0.2169439,0.24592294,-0.015082877,0.2355237,-0.07895565,-0.11730388,-0.04253304,0.043232583
-0.08091669,0.33307528,-0.1687278,0.13468029,-0.1177527,0.1593781,-0.055299222,-0.011772927,0.02616728,-0.0933372
-0.09562612,0.2346227,-0.30454937,0.27726442,0.0008002408,0.12871835,-0.0044590887,-0.16678977,-0.12952505,0.033646602
-0.08752127,0.23098503,-0.22374493,0.34767574,-0.03875966,0.043399528,-0.0028647091,-0.16661356,-0.057253424,-0.059776008
-0.035266116,0.37635598,-0.27780116,0.08988699,0.11243296,0.15862873,-0.04632798,-0.14371078,-0.029499983,-0.1705019
-0.032848433,0.29081553,-0.25010324,0.19630459,-0.07696524,0.05843816,-0.07488403,-0.11126123,0.03009188,0.0017830818
0.008476118,0.22814761,-0.26247114,0.10775754,0.038357668,-0.015147528,-0.010108432,-0.05368926,-0.059553917,0.07679833
0.011512758,0.33832824,-0.22500841,0.25038463,0.12779307,-0.06041417,-0.046932638,-0.13747595,0.12068822,-0.011854051
0.14698188,0.29457653,-0.3461432,0.12037446,0.0338301,0.18429656,-0.027434783,-0.13918409,0.081207596,0.05854655
-0.0009877626,0.36166775,-0.3509624,0.0820812,-0.14286873,-0.027188651,-0.034661725,-0.17413425,0.11591331,0.13649112
-0.05457729,0.38404113,-0.2892502,0.17271858,-0.13192451,0.069484666,-0.084418714,-0.14891422,0.037647996,0.06287755
-0.061774455,0.39876673,-0.24606998,0.17506182,-0.16839994,-0.05706537,-0.09953247,-0.12651606,0.06546167,0.11371895
0.020369047,0.41450346,-0.23096874,0.095887795,-0.051451903,0.0018306188,-0.032696158,-0.16905256,0.11421322,0.19364889
-0.056941517,0.13640352,-0.3136517,0.26435626,0.06551831,-0.054487046,-0.19643818,-0.07147582,0.060084183,0.21033107
-0.08760937,0.53062445,-0.32778177,0.13322003,0.124213874,0.09454672,-0.034399785,-0.0814293,0.10445225,0.21603459
-0.07040833,0.31706238,-0.30368796,0.06708756,0.22731164,0.05764328,-0.061398,-0.14363542,0.13551237,0.20842865
-0.07698313,0.22260837,-0.30657533,0.19175535,0.16250739,0.023825888,-0.024538277,-0.15219009,0.056838725,0.07670529
-0.046611227,0.3428747,-0.28130487,0.089986384,0.11429546,0.06289847,-0.04979457,-0.18144044,0.0031600478,0.20314158
-0.04350327,0.42254806,-0.28099656,0.08869544,0.12121467,-0.010367598,-0.073519476,-0.097785205,0.05933122,0.23927121
-0.048856117,0.4787702,-0.28719392,0.048545763,0.11985013,-0.08041115,-0.05500099,-0.23885271,-0.022843288,0.13215382
-0.09358238,0.34998804,-0.28867474,0.28228498,0.41116068,-0.14193928,-0.12786742,-0.16652204,0.12536113,0.1693085
-0.14553441,0.25695035,-0.26093936,0.2500969,0.13545795,-0.052482057,-0.036095224,-0.25839135,0.24592806,0.22987361
-0.095377475,0.46321982,-0.2928551,0.10927528,0.18040015,-0.104794025,-0.073991925,-0.18395747,0.13731349,0.14607865
-0.03980062,0.35835993,-0.34358305,0.32489526,0.23456186,-0.10950699,-0.0066106524,-0.19640881,0.06468,0.38476822
-0.1000421,0.45837742,-0.34649232,0.28437936,0.15647088,-0.21888706,-0.08828874,-0.17428079,0.065394305,0.38424957
-0.078736484,0.45244777,-0.33099926,0.31889936,0.26711935,-0.2627331,-0.118146226,-0.12785631,0.12767656,0.1905375
0.019097334,0.36228895,-0.35122827,0.30391505,0.16833028,-0.4470647,-0.04258313,-0.23018983,0.09117363,0.305192
-0.02129646,0.35363853,-0.2448392,0.34393716,0.32237396,-0.15223277,-0.06671531,-0.16968715,0.23322725,0.20413668
0.0025825351,0.33865425,-0.30483297,0.35852498,0.25499114,-0.122047484,-0.010875223,-0.16797651,0.2718328,0.48211357
0.077040136,0.4204542,-0.23877744,0.30883545,0.27286178,-0.13392933,-0.028775213,-0.1828041,0.1202356,0.28698242
0.049087517,0.349772,-0.36014017,0.35729218,0.4558514,-0.30127326,0.057609588,-0.1292951,0.15438703,0.29827392
0.123289846,0.3446144,-0.40522292,0.38449115,0.3206391,-0.29850337,0.03398917,-0.1633043,0.031942237,0.26125216
0.031447127,0.30679467,-0.3397896,0.28874958,0.17667985,-0.24696723,0.12909335,-0.17086278,0.09774849,0.33825162
0.11458982,0.35692778,-0.3926063,0.31071156,0.3100696,-0.28304216,-0.022990009,-0.116367295,0.12943766,0.272915
0.035970867,0.5185628,-0.30277678,0.11347964,0.359512,-0.34145513,0.021534344,-0.2104164,0.19376615,0.21187788
-0.032122053,0.40248185,-0.36703923,0.36676604,0.26924214,-0.39591286,-0.06936758,-0.13199167,0.19055985,0.31288746
-0.0025056843,0.64419526,-0.31209537,0.36981106,0.1935391,-0.22275668,-0.041555487,-0.111937135,0.27220145,0.20943542
-0.04466355,0.2862396,-0.31337354,0.4427981,0.3570202,-0.24092746,0.09804065,-0.06265266,0.2915122,0.23260808
0.045868903,0.37310004,-0.43257236,0.51461166,0.1911001,-0.34464794,0.08627786,-0.19185267,0.21952441,0.29065767
-0.00090585835,0.3238911,-0.47219422,0.48907116,0.20059757,-0.32855675,-0.050101392,-0.07908414,0.21982129,0.35768676
-0.020944882,0.43536866,-0.34641522,0.2832179,0.21868709,-0.18850549,0.037130244,-0.025680881,0.22385219,0.18032508
0.0445022,0.3265007,-0.34929568,0.20295185,0.2805845,-0.14726704,0.043808304,-0.17136,0.19729249,0.22056346
-0.0360625,0.34132215,-0.432256,0.2633747,0.1377608,-0.15043248,0.088083245,-0.18963163,0.18975754,0.20517163
0.01101161,0.1506782,-0.4041554,0.17896916,0.13292441,-0.030481406,0.025836742,-0.14718534,0.14702979,0.19939251
-0.03254696,0.3127688,-0.4910433,0.28131837,0.11939119,-0.056718152,-0.09017309,-0.2731425,0.049984273,0.22335069
-0.0022559073,0.3258724,-0.34361318,0.30670458,0.11811435,-0.44767764,-0.033037007,-0.18840045,0.097418986,0.21821077
0.098845415,0.44398844,-0.28938058,0.13105127,0.04247971,-0.09185316,-0.037386835,-0.15282795,0.120411016,0.33770764
-0.10197761,0.3632572,-0.2979171,0.29642153,0.112172216,-0.24743348,-0.07688822,-0.21059874,0.20644678,0.4271333
0.00018332712,0.4510823,-0.36420742,0.23810153,0.13420004,0.037211604,-0.062542096,-0.36810485,0.2037754,0.3078913
-0.0083714,0.31770498,-0.26973498,0.22278497,0.13426095,-0.045553956,0.054938808,-0.2276546,0.20978807,0.37332997
-0.027477376,0.60640895,-0.42692426,0.14915384,0.112051785,0.034077562,-0.0028870497,-0.25790608,0.153263,0.31680453
-0.087264456,0.44724786,-0.35954788,0.09035635,0.12635376,-0.1461084,-0.054938182,-0.29454666,0.1108052,0.22151516
-0.07985157,0.5558644,-0.36956003,0.28071412,0.3187904,-0.2250869,-0.074674495,-0.2648447,0.040459532,0.13336274
-0.09482088,0.4792162,-0.30270013,0.07931432,0.33157906,-0.31026804,-0.021096947,-0.3032467,0.19021374,0.12569234
-0.07336137,0.42434093,-0.31815588,0.35780314,0.21002568,-0.43419394,-0.07862081,-0.37190536,0.10122212,0.13234156
-0.048660606,0.70270985,-0.50579315,0.20932618,0.20923863,-0.4283541,-0.086340934,-0.5480007,0.16956115,0.08668701
0.09284182,0.6734325,-0.29349333,0.37522426,0.18732268,-0.22034839,-0.08114668,-0.38788483,0.16596039,0.30686447
-0.08949785,0.5749206,-0.4037551,0.5015009,0.28980663,-0.4505665,-0.021541486,-0.5167731,0.28514865,0.27174678
0.12673722,0.6712157,-0.35285434,0.7534387,0.19101258,-0.2026388,0.026873061,-0.42385638,0.21937923,0.36537832
0.12517954,0.61961275,-0.3679421,0.7431017,0.22249229,-0.3045199,0.033793643,-0.45553204,0.22775048,0.45300555
0.46012625,0.7057712,-0.30536684,0.3822144,0.24142551,-0.28659955,0.048158027,-0.49421808,0.17559816,0.3535151
0.40595853,0.64726233,-0.33978495,0.63375247,0.398896,-0.44113463,-0.07095725,-0.36786574,0.37504095,0.33535072
0.35581696,0.6566049,-0.45603785,0.53733736,0.5340391,-0.2778059,-0.0711391,-0.4291367,0.24287763,0.54949844
0.14572817,0.44373286,-0.37131593,0.4134341,0.6216109,-0.31444228,0.19129144,-0.27912927,0.3381463,0.41412526
0.3878316,0.51087135,-0.47951177,0.49014598,0.60619396,-0.19139862,0.064854994,-0.4570944,0.21930031,0.42525387
0.11741089,0.5751328,-0.3455043,0.3222207,0.41036165,-0.30129948,0.30624232,-0.48647532,0.27792832,0.47317508
0.39035717,0.49187776,-0.4658998,0.76005054,0.66580963,-0.1737653,0.15001185,-0.18134606,0.213497,0.30020618
0.1136673,0.48811406,-0.40644827,0.4393748,0.37705073,-0.038365256,0.1883912,-0.2588639,0.15346861,0.3581785
0.36895314,0.537847,-0.43932077,0.7737285,0.4474969,-0.09321825,0.08646162,-0.296472,0.1669561,0.44838256
0.09483725,0.5500149,-0.34662485,0.7951342,0.21391515,-0.26678953,0.13775803,-0.40071723,0.07185717,0.34878647
0.26037884,0.5255937,-0.48991427,0.59693885,0.43334338,-0.08879133,0.12216808,-0.41355112,0.20405228,0.44191343
0.5459938,0.46750265,-0.4682471,0.57839787,0.24583097,-0.09982136,0.048335962,-0.2583499,0.12327101,0.23503564
0.1347948,0.6829307,-0.5709096,0.25690418,0.50578517,-0.22252694,0.14555623,-0.27069446,0.22994787,0.33086997
0.15304756,0.4292818,-0.42320856,0.37498018,0.27351937,-0.3006077,0.048778392,-0.25178424,0.18442129,0.21636288
0.19207428,0.5840566,-0.3802019,0.3997485,0.3312427,-0.19732709,0.19999053,-0.28678057,0.20977958,0.22474912
0.3434229,0.5086647,-0.3301026,0.3171019,0.21404476,-0.28558266,0.11725372,-0.19143915,0.17657356,0.21677573
0.1217395,0.4571392,-0.3324062,0.4050772,0.12536569,-0.1390507,0.12190546,-0.28890148,0.3050993,0.18276262
0.23127648,0.4919858,-0.32136586,0.43014267,0.034592196,-0.13611065,0.12600234,-0.22486335,0.18377478,0.1883512
0.07239461,0.36449754,-0.31173638,0.35822672,0.22955722,-0.055458732,0.074362986,-0.1678133,0.13131773,0.28921345
0.21964288,0.28982535,-0.374546,0.07617244,0.109279454,-0.18797268,0.19189425,-0.55558336,0.13548963,0.13308972
-0.049732007,0.4982838,-0.38660198,0.23343179,0.24347773,-0.046973467,-0.04254753,-0.1726517,0.251937,0.20318277
-0.08047432,0.34326008,-0.31959346,0.14723772,0.054819036,0.07322217,-0.0038154516,-0.4123109,0.061729554,0.21457124
-0.03292632,0.40899742,-0.35403624,0.40591723,0.13505274,-0.072937936,-0.07712436,-0.21260473,0.14397262,0.19881268
0.004884869,0.34837282,-0.31829885,0.31050473,0.14022867,-0.13261788,-0.0068437923,-0.13356103,0.030464651,0.20770635
-0.014603835,0.22796033,-0.30070695,0.3706867,0.08149232,-0.09694683,0.012705026,-0.21459833,0.14184864,0.269082
0.021838328,0.37620673,-0.3422935,0.16295046,0.13309558,-0.21671942,0.023616223,-0.028222013,0.10548033,0.2288296
0.023736259,0.25473657,-0.33319923,0.36945835,0.20869082,0.034820348,0.004243532,-0.007627409,0.23502018,0.15404116
-0.02338187,0.18057401,-0.29973927,0.30419853,0.1406505,-0.07674989,-0.05878754,-0.14176947,0.26761505,0.16381584
0.024555182,0.29514626,-0.35216746,0.27185354,-0.0426814,0.07449355,-0.0511628,-0.0031217001,0.15110072,0.1373505
0.083829425,0.20214258,-0.24830545,0.2756208,0.24648581,0.06271401,-0.030856075,-0.024425503,0.18054575,0.14885719
0.111000724,0.20396748,-0.19804345,0.2891001,0.12385808,0.17457101,-0.092880026,-0.0043706484,0.11911496,0.109220006
0.035362482,0.10524143,-0.3168023,0.29414052,0.1364252,0.17613326,-0.013174919,-0.14044397,0.011307983,0.120804295
0.046848238,0.09915486,-0.36674365,0.25157553,0.11564183,0.17800763,-0.025056085,-0.05970176,0.011683432,0.020121358
0.11914552,0.31512603,-0.31240162,0.16625358,0.12174684,0.0784501,-0.0875095,-0.0057637356,-0.037515625,-0.0052295434
-0.00657628,0.22996175,-0.35187647,0.07936403,0.031329818,0.16701439,-0.13058175,-0.007148359,-0.107501544,0.18422963
-0.024378214,0.08827747,-0.3390108,0.2565964,0.124880195,0.1687992,-0.07159128,-0.077513725,-0.12314495,0.20526221
-0.09069842,0.23468482,-0.32147107,0.1695051,0.11133977,0.17837912,-0.02007573,-0.069727406,-0.061920222,-0.020776978
-0.059210308,0.21036847,-0.32459855,0.090272725,0.043339845,0.19687186,-0.123607665,-0.1564833,-0.08460158,0.041620187
-0.03746098,0.29589954,-0.22124292,0.09401971,0.037010018,0.20311636,-0.12241353,-0.13572186,-0.11210221,-0.008981891
-0.071128584,0.18997039,-0.24604405,0.15128282,0.047767006,0.17552017,-0.228869,-0.14370704,-0.13241276,0.038386703
-0.08762992,0.22539204,-0.27183035,0.10127993,0.028444376,0.190895,-0.14357199,-0.0894596,-0.16141348,0.05820703
-0.11030664,0.31257832,-0.16108389,0.15949668,0.101122566,0.27329192,-0.17742242,-0.013803799,-0.15321615,0.047035888
-0.100612074,0.2281801,-0.1405859,0.08618728,0.27573416,0.04856386,-0.068490684,-0.16201988,-0.17206682,-0.17934312
-0.009845656,0.23205596,-0.1980623,0.2479392,0.028286044,0.16179827,-0.072725564,-0.012929987,-0.14403145,0.023625435
-0.042679183,0.14584899,-0.19016099,0.07289652,0.11333169,0.096106246,-0.1203275,-0.004868027,0.025004724,0.11856541
0.0010933783,0.16817981,-0.25919068,0.10662249,0.1872064,0.052839346,-0.049774162,-0.026748594,0.048861507,0.18282743
-0.04870552,0.0720192,-0.24751867,0.08705359,0.12799974,0.18942553,-0.070675775,-0.027020406,-0.018991427,0.14795189
-0.06946669,0.014493713,-0.26244268,-0.06495243,0.094910175,0.17099968,-0.118585736,0.018599793,0.10003574,0.21810398
-0.049346566,0.030802762,-0.3136412,-0.16644993,0.2969781,0.17242563,-0.1273802,-0.008249212,0.100774854,0.13614216
-0.02553469,0.017648771,-0.3515717,-0.08695951,0.14044572,0.16160834,-0.064589635,-0.002660621,-0.08986271,0.19302633
-0.053337663,0.08731486,-0.36604133,-0.16873577,0.19730912,0.045917094,-0.14583103,-0.013059039,-0.122236304,0.20852488
-0.10992607,0.10664299,-0.23676354,-0.16972607,0.18252085,0.08143652,-0.1893564,-0.056110177,-0.09005776,-0.022794308
-0.21211131,0.19338165,-0.30179104,-0.15130028,0.120633066,-0.04043386,-0.2997861,-0.015397627,-0.08299961,0.109247416
-0.16509117,0.30638462,-0.22416355,-0.12325606,0.10260686,0.06238444,-0.25686583,-0.0030258521,-0.040653113,0.12131357
-0.18755753,0.36243525,-0.1388309,0.11260453,0.016215887,-0.07308875,-0.36555475,-0.18864386,-0.09311488,0.13907076
-0.08405655,0.3973705,0.0023546722,0.19676231,0.11310701,-0.16875625,-0.2387714,-0.005477112,-0.014845984,0.10646135
-0.05067657,0.3286231,-0.08395207,0.15688775,-0.029132467,-0.11315908,-0.072585166,-0.17939948,0.12877473,0.14426008
-0.059315003,0.36151388,-0.22443621,0.082362756,-0.0008535795,0.03484375,-0.07433187,-0.112163395,0.018855397,0.044804987
0.015096804,0.4018033,-0.23328719,0.35415396,0.12448357,-0.15207098,-0.13185228,-0.2113336,0.08530604,0.313073
0.0120114125,0.47164991,-0.29234275,0.1498442,-0.022626694,-0.12823787,-0.036183096,-0.17693773,0.040207375,0.41834316
0.0059869867,0.46160406,-0.22847085,0.17299502,0.2211351,-0.2092459,-0.07816526,-0.29972747,0.11599205,0.27244738
-0.08753919,0.49352294,-0.24835052,0.2710961,0.21380842,-0.46810108,-0.1333169,-0.26705876,-0.078732945,0.38577694
-0.01765057,0.45279855,-0.31693324,0.13032117,0.18610999,-0.24718246,-0.020588389,-0.27094826,0.131854,0.312877
0.012656169,0.4703791,-0.2932358,0.29096252,0.41150263,-0.34931043,-0.021156901,-0.20586726,0.25031447,0.25075236
0.03465852,0.37101537,-0.31728825,0.37324572,0.1670557,-0.49426556,-0.01864264,-0.35137603,0.24335445,0.2424615
-0.047290184,0.44228074,-0.32126626,0.43107495,0.26402625,-0.2869667,-0.08564897,-0.37752885,0.25946033,0.53793913
0.007588258,0.4996783,-0.23642509,0.26800552,0.3825,-0.16364135,-0.047751516,-0.13512976,0.25995007,0.5871933
0.046872556,0.4343639,-0.23252372,0.3366325,0.46796304,-0.26185572,-0.07128067,-0.30841365,0.24213718,0.42808616
0.14239697,0.35166243,-0.21029851,0.25695968,0.53598666,-0.06514891,-0.0010902565,-0.23223057,0.24781333,0.33710587
0.142826,0.37583843,-0.20453528,0.2957202,0.3259013,-0.2433209,-0.04733953,-0.20563567,0.25188133,0.26759747
0.02446557,0.38088077,-0.31600595,0.34368575,0.69120127,-0.027467655,-0.07206577,-0.18277243,0.2515615,0.26625568
0.06317886,0.3389157,-0.17427354,0.21116456,0.45639846,-0.19858469,-0.038307555,-0.17987509,0.23775318,0.30528346
-0.05786448,0.46815246,-0.29398277,0.18863273,0.3538462,-0.05190834,-0.09434034,-0.16825701,0.17388348,0.19255261
0.02803233,0.49317864,-0.25221556,0.3347643,0.27192953,-0.04833886,-0.055908278,-0.20918512,0.14028566,0.3256131
-0.08456274,0.42221498,-0.27436963,0.3577362,0.21787009,-0.14359291,-0.004884267,-0.38271955,-0.0043727965,0.2999362
0.0016969945,0.5658109,-0.28746584,0.2589122,0.2705582,-0.09635051,0.04566946,-0.24029234,0.14511116,0.3860205
0.0140343625,0.4774665,-0.34256592,0.2314216,0.38811007,-0.07638586,-0.0005517695,-0.41295773,0.15006547,0.47239548
-0.021589696,0.50013787,-0.32775113,0.32559556,0.49933672,-0.28551582,0.0003713984,-0.29770178,0.21037878,0.3562588
0.13848968,0.23983008,-0.338403,0.40669382,0.50672317,-0.37644976,-0.077281594,-0.20431688,0.19927832,0.38098598
0.34943232,0.3986991,-0.3636125,0.21453823,0.62968916,-0.3281571,0.13886394,-0.12643263,0.22570412,0.372873
0.13488032,0.43682873,-0.32950592,0.30753365,0.38527557,-0.13222578,0.038379416,-0.06445399,0.18087353,0.46527645
0.06789255,0.35814086,-0.35780638,0.26107383,0.53632563,-0.18771446,0.09929183,-0.13311535,0.14057595,0.40355703
0.08924375,0.39550927,-0.35270116,0.32531893,0.49497786,-0.124051645,0.010829901,-0.19565931,0.19192807,0.34882456
0.10770619,0.19622132,-0.3749768,0.27117574,0.6861447,-0.21528628,0.13597798,-0.2666721,0.24615915,0.5103164
0.1779228,0.40466917,-0.385236,0.336011,0.6471557,-0.16019516,0.102135204,-0.1861397,0.13306,0.37944302
0.074150406,0.21068758,-0.48230648,0.2408048,0.5826251,-0.07318414,0.056151308,-0.14104244,0.15731904,0.40325582
0.10724278,0.47938785,-0.372223,0.4184955,0.6242025,0.04906568,0.02737776,-0.062327642,0.1949585,0.32640162
0.07781534,0.31580174,-0.37772578,0.36953938,0.57169074,-0.13521083,0.09067522,-0.15265712,0.19524439,0.31805357
0.2074191,0.43015492,-0.3813798,0.41890922,0.30787438,-0.03706459,0.15005401,-0.06416492,0.19229591,0.21807043
0.12823282,0.14760755,-0.39077157,0.3304143,0.28497678,-0.21340093,0.009927487,-0.07746264,0.11823351,0.32714176
0.0042747725,0.20961523,-0.41625038,0.13126534,0.1907214,-0.05019755,0.020842524,-0.1659098,0.14235112,0.11286152
0.050327055,0.34705997,-0.33694464,0.13482898,0.14045678,0.0192682,0.13712204,-0.12799512,0.19394681,0.15606551
0.18866666,0.39450863,-0.44772974,0.34047878,0.22450508,0.04378263,0.0070754047,-0.17855631,0.073973306,0.21473767
0.13796192,0.502795,-0.5205586,0.12226546,0.1698971,-0.1111206,-0.009245103,-0.1416046,0.011599166,0.13689698
0.038104407,0.5576218,-0.33770168,0.358144,0.048283838,-0.31468987,-0.023942376,-0.12679483,0.020742873,0.29093868
0.105854474,0.40670508,-0.34418723,0.51344913,0.13092366,-0.31290734,-0.10010657,-0.2016665,-0.03096582,0.19723384
0.05876889,0.3982636,-0.32788113,0.45876542,0.048287157,-0.260342,-0.028254976,-0.03714556,0.11734335,0.42099032
0.23630644,0.3670354,-0.33630154,0.66525376,0.12376472,-0.13303265,0.027097752,-0.0046143793,0.23825288,0.34460425
0.4436977,0.33873358,-0.31512547,0.4472093,0.24112795,-0.020664386,0.0007437486,-0.079739794,0.10313858,0.23743677
0.25444394,0.3475192,-0.34035274,0.41690278,0.31196257,0.03056921,0.04528694,-0.045534942,0.23946403,0.42192703
0.11823364,0.32720327,-0.25996882,0.3895549,0.18360889,0.029000364,-0.0065988693,-0.07795666,0.26301765,0.21394101
0.12316949,0.11198053,-0.31176564,0.38800243,0.12576407,-0.05671917,0.013231264,-0.053524066,0.108666874,0.24251853
0.113895945,0.24774927,-0.38881987,0.35088733,0.113289215,0.059337012,-0.06568093,-0.0441488,0.20924215,0.13814826
0.2912562,0.36859685,-0.33370253,0.29473203,0.14383148,0.10890576,0.02507232,-0.015920367,0.07216971,0.14169209
0.050000846,0.16027288,-0.38564292,0.32609534,0.12727076,-0.010350898,0.011251954,-0.088106975,0.13349462,0.13655894
0.035307035,0.11094919,-0.38600245,0.26189888,0.095650494,0.04220519,0.03954166,-0.15039618,0.16434927,0.021111567
0.00046429597,0.17777397,-0.34032488,0.10990719,0.10590674,0.09488517,-0.037663043,-0.08817254,2.1041837e-05,0.094417095
0.0073869266,0.1904648,-0.33350775,0.21648623,-0.10949844,0.09584399,-0.016276835,-0.048678998,0.020536048,0.05204963
0.027057813,0.119535044,-0.254715,0.079667315,0.083453335,0.19513226,-0.15144382,-0.1300469,0.019596322,0.018233584
0.12607,0.22891144,-0.28233847,0.18952343,-0.07394695,0.13496424,0.0005512815,-0.015907202,-0.039182752,0.043043926
-0.0070308745,0.23525938,-0.27751812,0.074971944,-0.0262318,0.20854776,-0.14526731,-0.12421878,0.018499173,0.06717628
-0.04250236,0.16395158,-0.2014762,0.043255605,-0.024517547,-0.10192626,-0.038396075,-0.072879374,0.0034729238,0.10558143
-0.012906775,0.28290406,-0.2588745,8.33869e-05,0.006704163,0.02610875,-0.15174396,0.012118157,0.062192384,0.1890699
-0.047329806,0.15660438,-0.098633066,0.08448692,0.112412095,0.083447576,-0.16616188,-0.06857371,0.07302467,0.20697387
-0.04785953,0.2983609,-0.2682012,0.15007737,0.13468082,0.0882038,-0.13201617,-0.014010761,-0.1459964,0.05119206
-0.10361544,0.010514498,-0.10251801,0.07739556,0.13324021,-0.047062438,-0.05163496,0.0040067323,-0.13042463,0.053580623
-0.050997175,0.21586598,-0.24779846,0.0932831,0.180321,0.04952465,-0.06708845,-0.024783004,0.015383473,0.20423542
-0.03549467,0.30907112,-0.17140582,0.08169695,0.12505461,0.101196975,-0.050954327,-0.0061915703,0.02391033,0.14656404
-0.028853847,0.1562926,-0.31938615,0.37527668,0.1268175,-0.009127751,-0.15083267,-0.10493517,0.02760542,0.20886894
-0.022125386,0.31618008,-0.24108428,0.21023282,0.12832332,0.06137708,-0.12463069,-0.07117735,0.115532465,0.09268873
-0.007845131,0.19590306,-0.21983363,0.20528086,0.020893518,0.09680046,-0.10004625,-0.04070914,0.09722341,0.20138955
0.12152793,0.31173038,-0.23497576,0.16034389,0.21724805,-0.024369717,-0.0622513,-0.0023525432,0.0812807,0.030783014
0.0698229,0.3236293,-0.30440792,0.31318608,0.13292271,0.1833648,-0.09134626,-0.0014117695,0.14081976,0.19847807
0.07052358,0.23049289,-0.23070179,0.31736556,0.03974322,0.043197636,-0.15910709,-0.067607924,0.12873936,0.1941853
0.035162687,0.20280103,-0.33185455,0.08920227,0.12348364,0.015368655,-0.1717688,-0.053918805,-0.08081827,0.14066829
0.3819738,0.16992798,-0.32190943,0.15663525,0.12171066,0.02247817,-0.12833796,-0.052785996,0.011188092,0.27804434
0.13694914,0.03644103,-0.2540379,0.067930795,0.27427793,0.1030585,-0.038637184,-0.07215479,0.028929828,0.20643933
0.117167525,0.150054,-0.28658685,0.057048358,0.36708692,0.046913937,-0.036443107,-0.112389,0.07869297,0.095490694
0.04557191,-0.11634657,-0.34681547,-0.050774187,0.29723936,-0.0033578947,-0.13645728,0.0016232915,0.022287752,0.124604285
-0.03823848,0.15662822,-0.32087335,-0.06191282,0.22920068,0.13725092,-0.101264104,-0.05157269,0.12912005,0.125923
0.015559668,-0.011273304,-0.29985052,-0.11620912,0.14514141,0.17500634,-0.13523495,0.050595675,0.062316407,0.1619311
-0.15647629,0.05592241,-0.23669055,-0.18599558,0.26728088,0.12536332,-0.16846524,0.091423616,0.025504718,0.08866094
-0.114048675,0.21000274,-0.22242762,-0.08031419,0.2032987,0.23024592,-0.28696898,0.08232511,0.07719164,0.025607346
-0.26026407,0.020222923,-0.18929006,0.0068580657,0.11087063,-0.013504092,-0.16318782,-0.008758549,0.023221036,-0.04217314
-0.092076495,0.1338624,-0.16915663,0.076865256,0.07120046,0.06453261,-0.17621501,-0.013225492,-0.0049816486,-0.109345384
-0.09427276,0.09718874,-0.25603396,0.17358129,-0.04434571,0.15288933,-0.1940751,-0.022755925,0.030352114,0.046502315
-0.098352775,0.20938917,-0.14268729,0.071927324,-0.050796095,0.14502421,-0.13704787,0.027705066,-0.11367885,-0.06694843
-0.14622094,0.13364503,-0.26702523,0.1309563,0.04987319,-0.114450544,-0.17589058,-0.027199965,-0.01911806,0.055571575
-0.09785287,0.06661089,-0.16399662,0.23746292,-0.07788509,0.13801491,-0.16121368,-0.017912041,-0.0034826496,-0.014462622
-0.06705272,0.14737749,-0.30086014,0.08780748,0.038857754,0.041907042,-0.117341086,-0.0424284,0.041006923,0.011039456
-0.04475446,0.13021223,-0.2605563,0.084585495,0.07887238,0.15425366,-0.06572661,-0.015364584,-0.0038111568,0.1709313
-0.08208603,0.25900498,-0.26305196,0.06790123,0.1183155,-0.021879,-0.14460401,-0.055326786,0.02294322,0.14955495
-0.07002098,0.12781471,-0.27470428,0.08726674,0.123040944,0.16110244,-0.10601437,-0.07927889,-0.08084918,0.15421417
-0.0537946,0.3237137,-0.27152652,-0.03881447,0.09514894,0.12639686,-0.16880597,-0.035144623,0.0558904,0.019240681
-0.0082525825,0.29093662,-0.2198502,-0.05280292,0.03238469,0.12978202,-0.23888914,-0.041021917,0.010398371,0.06096109
-0.18595153,0.4030109,-0.14301898,0.083336696,-0.028474819,-0.04146318,-0.2325247,-0.1685893,0.009029012,0.053866964
-0.046331167,0.25835106,-0.17001276,0.052421063,0.030153513,0.06820363,-0.15231973,-0.11071387,-0.14061129,0.047220834
-0.15552846,0.23558258,-0.065656886,0.19380468,-0.105104566,-0.021142028,-0.15615676,-0.09011929,-0.11414004,0.18405662
-0.083859466,0.29749876,-0.118940756,0.123902336,0.08722012,0.009428645,-0.09452563,-0.15321186,-0.026783919,0.11585293
-0.12899329,0.3952519,-0.086346306,0.29698938,0.09651472,0.05847001,-0.15053202,-0.037765387,-0.0869276,0.025296006
-0.19757561,0.40625823,-0.15672354,0.29491583,0.106875554,-0.04436893,-0.13053463,-0.09446688,0.061897438,0.13542359
-0.08608467,0.3686177,-0.18078339,0.5124124,0.027057815,-0.1285797,-0.11707157,-0.08743735,0.06206551,0.21941206
0.071747705,0.32758254,-0.21756575,0.43637583,-0.0074652843,-0.109009236,-0.072543226,-0.15415896,0.071283795,0.13211109
0.072516456,0.2175863,-0.26043922,0.33987024,0.003069535,-0.04572261,0.022501158,-0.15342529,0.08964028,0.18796995
0.1342135,0.22755674,-0.34940127,0.3749547,0.11204923,-0.028041195,0.10841221,-0.16975923,0.058187325,0.15386464
0.046725295,0.31985983,-0.27369365,0.45879942,0.19901544,0.037602864,0.11195542,-0.13647212,0.08194952,0.14374639
0.12970269,0.26142207,-0.31036204,0.4877909,0.15102422,-0.0648074,0.037974685,-0.14078473,0.0005661058,0.162558
0.1616002,0.118460365,-0.30579695,0.2737381,0.28314784,0.039658524,0.094939575,-0.088323444,0.025855588,0.29822332
0.053521283,0.17444782,-0.3797039,0.16433835,0.12286134,0.05630426,0.04856789,0.0015438683,0.03155079,0.1568607
-0.008320948,0.17113207,-0.42555508,0.2526431,0.25571412,-0.056454893,-0.028923856,0.010214541,0.0066307555,0.13580118
-0.045949478,0.15003122,-0.32664666,0.21224189,0.1224889,0.1409289,0.15486063,0.064958796,-0.039513677,0.17661412
-0.037724346,0.13901141,-0.4201595,0.07479514,0.21771066,0.009294614,0.06265639,0.005788699,0.0101480745,0.2205093
0.008632073,0.21993819,-0.372511,0.09635551,0.2759333,0.3532518,-0.048567787,-0.011979882,0.007397258,0.29361466
-0.11117337,0.18526815,-0.29036874,0.07478289,0.119917825,0.11066693,-0.021317517,-0.031241652,-0.061501484,0.032893643
-0.059430756,0.28894585,-0.31600007,0.0041113794,0.16118659,0.12837777,-0.12906975,-0.076719284,-0.028785676,0.06231846
-0.039239354,0.31786114,-0.32882494,0.12600094,0.10520272,0.14469275,-0.12780969,-0.011201527,0.066684626,0.102721006
-0.07244221,0.35012624,-0.28675488,-0.07856709,0.03858238,-0.025716841,-0.051690124,-0.1358367,-0.013410211,-0.018017374
-0.16562746,0.21209595,-0.33040583,0.10435576,-0.060234692,-0.085200116,-0.16105585,-0.17042385,0.09659744,0.08325116
-0.08874117,0.16401072,-0.26436713,0.24248645,0.13592927,-0.100740634,-0.13937823,-0.01558869,0.12603454,0.108162396
-0.07949758,0.14164315,-0.27366397,0.22172879,-0.0077953003,0.1429527,-0.10954103,-0.10261385,0.10141346,0.21573882
-0.017886497,0.04340866,-0.2566046,0.15805835,0.17788962,0.13739064,-0.16751836,0.01883531,0.064290844,0.16684376
0.0117896665,0.04723595,-0.20050094,0.0052467436,0.23783417,0.22581159,-0.07468716,-0.07832755,0.05266748,0.120599546
-0.035236705,0.19312964,-0.2651362,-0.017453723,0.08337038,0.20529734,-0.07699911,-0.06662303,0.110444754,0.12875688
-0.06785331,0.21076868,-0.20342542,0.16554068,-0.007729646,0.19565645,-0.16564931,-0.14585687,-0.12381887,0.10143967
-0.045437686,0.16051646,-0.25304782,0.23293217,-0.039585035,0.30520758,-0.114803135,-0.077328146,0.024006007,-0.04607206
-0.023084903,0.32420087,-0.13531806,-0.06343308,-0.022190232,0.020409375,-0.15403715,-0.09510937,0.008780358,-0.03868462
-0.08781989,0.25095776,-0.20650174,0.11936786,-0.06429955,0.06374848,-0.09776187,-0.12965631,-0.02634148,-0.029586444
-0.15287012,0.23168848,-0.025389737,0.24794638,-0.018334221,-0.25630528,-0.25156945,-0.08372784,0.029683745,0.0069303378
0.123418026,0.35000804,-0.15878224,0.33677566,-0.08356005,0.02683409,-0.15967195,-0.05950256,0.107547976,0.14684688
-0.046210572,0.37163484,-0.21448658,0.21665393,-0.113960385,0.0590605,-0.12484634,-0.14809774,0.14738265,0.20535207
0.02498485,0.28847465,-0.08478452,0.29269403,0.10982807,-0.02143537,-0.0674171,-0.18632238,0.05115388,0.050991528
-0.02534275,0.3924992,-0.21735813,0.100758255,0.10550319,-0.03204806,-0.07193424,-0.16070275,0.16294925,0.14960715
-0.014996586,0.3708232,-0.2881889,0.08216736,0.10982229,-0.12581465,-0.04479024,-0.16304122,0.11415167,0.17095129
0.020895464,0.40566543,-0.30123353,0.13179915,0.008582737,-0.06360676,-0.11337593,-0.04568969,0.1333567,0.19316213
-0.03580237,0.29806384,-0.20605649,0.24384344,0.01880081,0.07275607,-0.03006473,-0.15992379,0.105203055,0.17906219
0.034507357,0.19710068,-0.24617279,0.15152502,0.21824926,-0.06692531,-0.054670997,-0.11618063,0.10620832,0.05656223
-0.10179912,0.24888372,-0.30874532,0.097509295,0.23427053,-0.014768135,-0.05711516,-0.018050004,0.10924456,0.2389299
-0.10585662,0.21571147,-0.32380322,0.11840364,0.09710008,0.044260472,-0.012433013,-0.0730705,0.019477164,0.1223057
-0.111268915,0.26000112,-0.3229986,0.25790817,0.1213869,-0.10011142,-0.059007145,-0.0027758516,0.033742152,0.057785906
-0.07375678,0.12169022,-0.27207425,0.16503851,-0.012374442,-0.04839998,-0.050891317,-0.0035827644,0.11104428,0.205379
-0.0054619117,0.19311228,-0.3252479,0.12825128,0.07413792,0.054243535,-0.03711783,-0.007723402,0.11359311,0.15767108
-0.04221672,0.20479631,-0.37774825,0.11997242,0.17173485,-0.041088663,0.01005072,-0.027503405,0.084145024,0.14012471
-0.046588138,0.17134593,-0.3157979,0.08732292,0.17306966,-0.0060270205,-0.07583195,-0.046602827,0.058020588,0.11276343
-0.04971517,0.14835854,-0.31728658,-0.004836634,0.13492957,0.031365957,-0.10529059,-0.029395547,-0.031357076,0.20928566
0.020271147,0.176471,-0.32046112,-0.004034817,0.11439223,0.06704018,-0.119436875,-0.14408144,0.03216688,0.09132262
-0.10535033,0.19452603,-0.22929065,-0.007462397,0.13770705,0.103694096,-0.14097749,-0.15875407,0.03362895,0.13940053
-0.010425843,0.1759808,-0.2592658,0.06717484,0.10531503,0.037046548,-0.14128618,-0.0033897646,-0.101440586,-0.021042475
-0.15366082,0.35641205,-0.30004942,0.03308059,0.035561614,0.03365896,-0.14393437,-0.1191348,0.025335884,0.061215144
-0.06484414,0.26836708,-0.07589942,0.1038422,-0.008923527,0.060330674,-0.110114396,-0.020338502,-0.05965064,0.14940135
-0.075224265,0.3114413,-0.29905665,0.16735624,0.19684592,0.14547141,-0.17637305,-0.13601023,0.054159977,0.09243786
-0.04492087,0.14223859,-0.2520956,0.295558,0.06488771,-0.07964208,-0.16169913,-0.19564262,-0.08806365,0.03393406
-0.12733321,0.36167705,-0.24219684,0.09280571,0.1332696,0.05881405,-0.12128389,-0.16104367,-0.05872516,0.052274585
-0.03609497,0.09270146,-0.20902282,0.105434984,0.10309918,-0.061004043,-0.074903175,-0.22568128,-0.019717835,0.109026246
-0.17677775,0.28083503,-0.22888796,0.1823278,0.05020939,0.058149487,-0.13082157,-0.12801594,-0.02155838,0.19758578
-0.024841964,0.15852174,-0.09865869,-0.0059376284,0.1134226,-0.11367975,-0.17123283,-0.13605484,0.04270654,0.204242
-0.08247567,0.21994856,-0.10250353,0.0929779,0.095223695,-0.011233557,-0.21439008,-0.040425662,0.02786311,0.032379717
-0.055225983,0.23014352,-0.12803097,0.08859177,0.18991381,0.16564353,-0.1404979,-0.20540994,0.037978813,0.15181072
-0.0863265,0.2683932,-0.1919017,0.04766514,0.123822205,0.16189258,-0.16155179,-0.1447939,0.045039695,0.10889438
0.008526789,0.3693679,-0.18758366,0.054639712,0.08938827,0.044102505,-0.27949265,-0.14015639,-0.09194465,0.16683914
-0.058962308,0.36732578,-0.19105902,0.100017026,0.09165983,-0.063121885,-0.17981912,-0.1883237,-0.069105156,0.10803951
-0.16355018,0.35634217,-0.07678488,0.19587296,0.09491025,-0.03048005,-0.16638784,-0.18353665,-0.030340688,0.20062818
-0.0005552303,0.32233328,-0.050262667,0.14441532,0.17817444,-0.048646677,-0.1232975,-0.23303911,0.023776485,0.13129458
-0.026313528,0.38511726,-0.19045003,-0.0029014647,0.11872752,-0.24101949,-0.06065786,-0.14986652,0.0014630514,0.24263676
-0.08750714,0.374457,-0.28870007,0.12781577,0.14044912,-0.27513555,-0.11879672,-0.3066166,0.19588606,0.26886904
-0.1577484,0.39262286,-0.25415227,0.18856758,0.20444447,-0.07614261,-0.051036306,-0.14910364,0.14417753,0.42614618
-0.043905832,0.31117812,-0.31202883,0.15995385,0.25976703,-0.1564266,-0.14965297,-0.07886675,0.10975886,0.3314567
-0.029387504,0.425335,-0.2728846,0.34134114,0.2444761,-0.08566269,-0.055439845,-0.17040472,0.06348844,0.3889824
-0.13561976,0.35098767,-0.3412441,0.3085245,0.29171315,-0.03723491,-0.044530846,-0.20386514,0.013417747,0.30088985
0.057334296,0.31215793,-0.34573615,0.30623627,0.38368484,-0.15788318,0.05625362,-0.22169006,0.1911163,0.27027023
0.14252141,0.40200895,-0.3689617,0.25570703,0.24404083,-0.18189016,0.05711952,-0.085458905,0.18941958,0.1976988
0.0044543725,0.3429127,-0.38074216,0.23906362,0.37457713,-0.17632425,-0.057703882,-0.21554616,0.23095125,0.30646452
0.08762055,0.36016095,-0.3896745,0.30448687,0.17320643,-0.20862564,-0.03642092,-0.16752028,0.12869662,0.18665625
0.0113160815,0.5198418,-0.32309762,0.19117062,0.21288128,-0.2402896,-0.026931329,-0.21747926,0.19726455,0.21758185
-0.0010659266,0.3410941,-0.32438007,0.2827654,0.10423435,-0.20662132,0.040682636,-0.10110837,0.12055253,0.30003121
0.088275194,0.5246353,-0.31532818,0.25355318,0.3865153,-0.41256917,0.043187693,-0.15172832,0.23171663,0.3866998
0.052625813,0.48805493,-0.31738153,0.39642048,0.35514525,-0.29294726,0.042339854,-0.20662254,0.29082426,0.27954692
0.04666114,0.42840716,-0.34122545,0.47179163,0.30825895,-0.3427958,0.1172007,-0.26439252,0.2537648,0.41344675
0.12295639,0.45086172,-0.33283222,0.47053784,0.26769593,-0.32689574,0.017493611,-0.15601552,0.31113437,0.28334853
0.1471483,0.5022851,-0.34910256,0.44290626,0.22607797,-0.2500249,0.15995416,-0.14611149,0.23623529,0.34746698
0.09301152,0.4000559,-0.45213386,0.5167676,0.27686104,-0.4133581,0.04133326,-0.20052868,0.28578043,0.22914751
0.009035556,0.47202614,-0.4026913,0.35222912,0.2942866,-0.19198918,0.022111373,-0.12669827,0.39392832,0.41966596
0.12031061,0.3554077,-0.33973148,0.60582626,0.5452951,-0.24517258,0.018801088,-0.15738305,0.3243294,0.21377777
0.03793279,0.23152487,-0.47264498,0.4742679,0.46240675,-0.38611802,0.08700633,-0.19680747,0.31725782,0.08825119
0.10487225,0.18573861,-0.37233526,0.30741745,0.40067905,-0.13224667,0.088128254,-0.19864064,0.29944038,0.3196542
0.20856991,0.18575178,-0.3461833,0.3402512,0.4595609,-0.030068908,0.049545676,-0.17485598,0.2971759,0.3150362
0.057460375,0.35641322,-0.35351244,0.09235063,0.4900126,-0.022500606,0.0066006016,-0.13279282,0.1417125,0.36337116
0.105547495,0.3194805,-0.28072223,0.14669132,0.3444218,-0.01427497,-0.047348723,-0.17628585,0.21400125,0.31571478
-0.031028671,0.16218956,-0.30307242,0.30327004,0.3380696,-0.08225052,-0.11797868,-0.13365424,0.14359744,0.41254222
-0.10017443,0.33179057,-0.29037514,0.112213284,0.2972719,0.003308192,-0.008731289,-0.1613083,-0.035349987,0.23920038
-0.17531186,0.37601495,-0.3971482,0.2684664,0.38463923,-0.04221022,-0.08032842,-0.1699767,-0.0030773939,0.30031592
-0.11249174,0.4013411,-0.27653828,0.2516759,0.31429586,-0.036404952,-0.050524108,-0.1969375,0.027852984,0.2506257
-0.00090979226,0.44373155,-0.2921781,0.114009246,0.20270757,-0.046265233,-0.025000194,-0.1501464,0.0076132654,0.06031812
-0.037790924,0.31052032,-0.3150376,0.08549298,0.31277743,-0.045620754,-0.15165372,-0.20266595,0.12368304,0.15805392
-0.035625502,0.4453717,-0.19657497,0.21259254,0.20541519,0.06403726,-0.16836941,-0.20522743,0.12030103,0.09418252
-0.13543694,0.20613159,-0.19600235,0.23642254,0.10022333,-0.21024147,-0.10915138,-0.1923481,0.12786831,0.05733832
-0.064345576,0.5314904,-0.20322944,0.12909873,0.10865116,0.04229348,-0.14041041,-0.13324523,0.25628564,0.20278428
-0.065062724,0.35551438,-0.28547284,0.2445063,0.069350824,-0.043326076,-0.10788457,-0.13181084,0.22038534,0.13716468
-0.0077860896,0.30850145,-0.21461776,0.37885296,0.16198407,-0.01328763,-0.07769538,-0.21698019,0.12530982,0.14086437
0.013386607,0.22862954,-0.28650692,0.33217555,0.10520391,-0.14251103,-0.09957996,-0.22099543,0.14103757,0.20322491
0.09010687,0.31123912,-0.30527577,0.37332052,0.24899702,-0.03077992,-0.059731558,-0.04348064,0.12697147,0.17740755
0.029483562,0.406961,-0.3500019,0.5033326,0.09224513,-0.08751495,-0.014519813,-0.15832604,0.12766282,0.30954576
0.06148971,0.23394437,-0.36779425,0.17304674,0.22296251,-0.22302133,-0.0544241,-0.08074574,0.16470683,0.2756835
-0.027400201,0.20261636,-0.3794559,0.3424216,0.12665935,-0.0034892615,0.00869284,-0.010418583,0.2629883,0.39491138
0.08278959,0.22871928,-0.289107,0.17794098,0.18775025,-0.19479285,-0.072536156,-0.17558868,0.1508598,0.3708802
0.066428244,0.18159805,-0.31332162,0.31245983,0.2262848,0.13096605,-0.051657185,-0.082323015,0.1360489,0.275579
-0.008546057,0.16060017,-0.29514176,0.17290072,0.618415,0.08120936,-0.07327603,-0.17637299,0.07662236,0.28615946
-0.029586792,0.33752224,-0.20913275,0.05331308,0.53182405,0.16992699,-0.03730718,-0.04949226,0.11289174,0.14297536
-0.057322614,0.24572898,-0.22300752,0.11192906,0.5402171,0.025772393,-0.11872956,-0.062337082,0.003476066,0.014856715
-0.03681335,0.34437728,-0.25372648,0.10444701,0.19339176,0.06960727,-0.058232598,-0.027227383,-0.11735434,0.036494948
-0.09696526,0.18960784,-0.32380825,0.088721454,0.119552344,-0.002369307,-0.10629682,-0.13997138,0.12290429,0.032733787
-0.0878006,0.25451154,-0.30659643,0.049354345,0.13834362,0.15201387,-0.112510026,-0.111230776,0.073244676,0.052468933
-0.00786912,0.3655407,-0.42472628,0.037242666,0.12261729,0.05937343,-0.040972345,-0.10179013,0.009599578,-0.017464522
-0.15405695,0.47683463,-0.42466375,0.099551335,0.11155765,0.07047844,-0.1289115,-0.14767292,0.02607484,0.14181101
-0.09630973,0.44375274,-0.3507479,0.262883,0.08197423,-0.118405886,-0.1621912,-0.18630189,-0.049973868,0.123542994
-0.09176376,0.44825822,-0.26736012,0.2967435,0.1743952,0.02394643,-0.122873336,-0.1497403,0.06287067,0.30587065
-0.06524063,0.39052373,-0.214065,0.07647742,0.13869429,-0.08273186,-0.15292819,-0.18055323,0.029991446,0.11138009
-0.062115304,0.38921112,-0.2668714,0.2967711,0.12641987,-0.23507935,-0.1538517,-0.20821881,0.014153991,0.20125742
-0.10379827,0.45954594,-0.08850434,0.28946972,0.21170248,-0.10505652,-0.14581718,-0.25800422,0.057371963,0.28257975
-0.001186803,0.5006534,-0.124881364,0.38234058,0.1310213,-0.29756597,-0.071495116,-0.20771518,0.17696662,0.32308605
0.09438504,0.40254378,-0.24370502,0.2989895,0.1533235,-0.34771705,-0.11005075,-0.2497307,0.049813885,0.17794384
0.027925348,0.42430818,-0.21723832,0.44512686,0.19445907,-0.30763668,-0.045983464,-0.28665832,0.16802934,0.1434937
0.11743841,0.5065302,-0.23452869,0.6473681,0.12724912,-0.2457062,-0.07187013,-0.26094565,0.091564044,0.20270622
0.0061295945,0.541935,-0.21726184,0.35817757,0.027022861,-0.14170891,0.04510256,-0.35454237,0.25463128,0.34409052
0.13716891,0.5232962,-0.10756623,0.46625337,0.14007573,-0.006447017,0.07088911,-0.4091629,0.15989023,0.34757006
0.061379313,0.68049383,-0.2639423,0.50402796,0.18588768,-0.2194704,0.08140519,-0.39075333,0.12999763,0.2682158
0.06011185,0.6732953,-0.41396588,0.40609097,0.52384305,-0.21724962,0.021670187,-0.29758307,0.2030278,0.30358422
-0.004551055,0.58328146,-0.38753164,0.4325538,0.35535446,-0.37339512,0.21880154,-0.47749153,0.13247773,0.5216223
0.09537161,0.7247792,-0.3506928,0.3081255,0.46290702,-0.34117624,0.082308054,-0.60291135,0.3353811,0.4817086
0.23226662,0.8237699,-0.35132176,0.29644787,0.31086275,-0.34630218,0.13585088,-0.45197305,0.1872764,0.44876644
0.037761085,0.93821996,-0.41340992,0.47256303,0.30232358,-0.35369098,0.066929966,-0.5479108,0.2588497,0.33619234
0.07113637,0.66876465,-0.4446936,0.68955386,0.7166744,-0.4572372,0.047589056,-0.54384613,0.2680772,0.4782255
0.0926182,0.86202997,-0.37614408,0.639027,0.56609297,-0.56359094,0.08646691,-0.54384404,0.19476263,0.35000908
0.36515203,0.7979823,-0.31697515,0.6505418,0.40410984,-0.45023704,0.09011827,-0.47288862,0.29963264,0.51628834
0.06810444,0.8249131,-0.42088112,0.8256799,0.56780285,-0.79307264,0.11894868,-0.3755834,0.21223223,0.42694739
0.37718955,0.8118187,-0.4232537,1.028131,0.5944332,-0.6871598,0.27764806,-0.46849683,0.33785778,0.66595
0.5284988,0.5762933,-0.5506183,0.9167564,0.7072169,-0.80675346,0.3103782,-0.42830864,0.41669232,0.8489733
0.7851751,0.71333677,-0.5651635,0.5868986,0.6243532,-0.53101426,0.2210419,-0.5385056,0.34617034,0.6183713
0.71245885,0.5292301,-0.7053609,0.7584028,0.6044901,-0.53543454,0.20199688,-0.48265377,0.39112368,0.79995006
0.22264424,0.5672314,-0.64920235,0.71681273,0.67369473,-0.61300755,0.117659435,-0.49204943,0.40590155,0.6820312
0.41133338,0.48787186,-0.62814695,0.63210106,0.63490117,-0.34346464,0.24840528,-0.30489686,0.43257666,0.6232394
0.55252177,0.5196333,-0.44987857,0.42483017,0.7712265,-0.5713499,0.17764162,-0.3144773,0.29927886,0.6540504
0.15712078,0.508172,-0.6386304,0.40764767,0.70975095,-0.3855382,-0.021382505,-0.24003264,0.24130733,0.62164855
0.8191387,0.52718616,-0.4047235,0.5210656,0.82363594,-0.0434537,0.034026057,-0.295711,0.27060607,0.49898097
0.5024958,0.4291566,-0.40414414,0.30928093,0.59297633,-0.3371988,0.036624618,-0.22829336,0.2841863,0.46816373
0.18712337,0.44379282,-0.40712243,0.33180743,0.42102292,-0.32418257,-0.09006904,-0.17274798,0.17166622,0.39229277
0.06919572,0.38544378,-0.4069991,0.322402,0.41007686,-0.13467947,0.054522485,-0.21478295,0.11466629,0.45643777
0.06267377,0.36075047,-0.43342397,0.43343306,0.5725886,-0.17874604,0.07784876,-0.18521088,0.036033895,0.40314898
0.072469026,0.42106295,-0.45029524,0.33048728,0.6485707,-0.28668317,0.17509115,-0.203403,0.09001956,0.42995444
0.2095094,0.33658624,-0.41525474,0.33712733,0.4918255,-0.38062578,0.20074786,-0.19294217,0.054684196,0.29164448
0.020584008,0.39192903,-0.47605252,0.38047656,0.28976223,-0.051666196,-0.04247199,-0.19259298,0.118750356,0.4409714
0.047592454,0.48640552,-0.42292342,0.28572428,0.41509566,-0.0049823374,0.04378566,-0.19467002,0.16239004,0.46580747
0.06965139,0.32371002,-0.39328933,0.34339613,0.42359132,-0.110651955,-0.02765265,-0.21302399,0.020064453,0.276523
0.09021024,0.43440175,-0.35752144,0.35903373,0.56029326,-0.104923695,-0.0289743,-0.05731787,0.106277406,0.2186941
0.12576307,0.21838322,-0.4194183,0.30696565,0.28109127,-0.048148595,-0.021588141,-0.13599364,0.09344069,0.2137351
0.06035229,0.3103504,-0.22239651,0.22891873,0.22745994,-0.11296749,0.015051929,-0.08559778,0.20420152,0.3056248
0.06900758,0.2110334,-0.2787879,0.2378949,0.1260956,0.06559859,0.0023592804,-0.13278133,0.14771497,0.2984085
-0.043433934,0.27546573,-0.32436228,0.30530253,0.107255064,0.045775328,-0.09812705,-0.16417265,0.08682806,0.28684503
-0.051826112,0.33671016,-0.24636929,0.25793716,0.19952747,0.048553616,-0.0003201794,-0.0809,0.02401533,0.24053885
0.043823786,0.45687306,-0.35410967,0.25447756,0.22879212,-0.091176376,-0.14149512,-0.24013218,-0.07051321,0.16197157
-0.038634114,0.38036698,-0.27210334,0.28802592,0.39609432,-0.014141161,-0.012309523,-0.19052082,0.18340215,0.15654728
-0.04079681,0.45545328,-0.25883752,0.3883875,0.25730044,-0.15893394,-0.11073439,-0.19652006,0.06796657,0.1361834
0.12440693,0.35276213,-0.244106,0.37569645,0.24803627,-0.21083592,-0.011074478,-0.2200566,0.18508752,0.054185838
0.06826196,0.32874647,-0.24984007,0.32846653,0.113117605,0.031894907,0.014221469,-0.25843146,0.12770115,0.28621873
0.0057369117,0.26642755,-0.4340308,0.1956971,0.12335874,-0.23785971,-0.03607122,-0.10363965,0.09148986,0.20617495
0.21207984,0.23163843,-0.3170155,0.29270568,0.20325637,-0.014999036,0.04664594,-0.16878721,0.20362031,0.13538125
-0.05522748,0.37302884,-0.33895546,0.22621277,0.0044559464,-0.08520767,0.051029086,-0.09642494,0.05498496,0.23383862
0.0028610714,0.3113958,-0.27812073,0.3116513,0.10092498,-0.2266916,-0.08184962,-0.006716285,0.10863811,0.36347276
-0.11024473,0.28257048,-0.31435236,0.12326244,0.23920773,-0.1118131,-0.06813109,-0.17530599,0.2100246,0.35460258
0.014233457,0.2285055,-0.27990976,0.37010005,0.32282367,-0.130016,-0.07481925,-0.082374305,0.16603452,0.41434035
-0.03383816,0.35282576,-0.3572497,0.10936533,0.1855835,-0.2011119,-0.050085917,-0.03809749,0.08340161,0.23026116
0.13012862,0.3316535,-0.3654768,0.12118569,0.25527892,-0.23081034,-0.08745402,-0.033547092,0.20593075,0.18827382
0.080805734,0.22448455,-0.2101945,0.2811208,0.12128873,-0.3947262,-0.022479428,-0.045695353,0.19806919,0.33465046
0.089187235,0.17163675,-0.36037874,0.08783914,0.32769847,-0.14278671,-0.04806634,-0.08666296,0.18415017,0.3344753
-0.02110909,0.21458367,-0.2986364,0.07579875,0.10712822,-0.01754452,-0.14271872,-0.080301926,0.2445655,0.46237737
0.09658335,0.22266282,-0.29318866,0.074738406,0.42619795,-0.16852136,-0.1307142,-0.17657179,0.1316385,0.20557703
-0.040034756,0.23540702,-0.33675984,0.074444786,0.13794437,0.012912367,-0.12378423,-0.029488254,0.21634887,0.19886656
0.015410041,0.24235092,-0.30693898,0.15534852,0.14458764,0.031748377,-0.14274858,-0.12964173,0.045645777,0.19727995
-0.08005136,0.15327935,-0.2438596,0.14410175,0.12643678,0.15060723,-0.081646524,-0.018892016,0.18383287,0.20595974
-0.04897759,0.24970266,-0.22166142,0.18062764,0.25445527,0.17061238,-0.06979329,-0.02631316,0.0024612485,0.2712419
-0.09636846,0.3311151,-0.1817215,0.15363936,0.3462804,0.12958175,-0.13250448,-0.028874721,0.09248942,0.116149366
-0.056534946,0.34045577,-0.1593822,0.09205644,0.22673714,0.10966572,-0.1304194,-0.031107087,0.05979811,0.008823147
0.10076495,0.410588,-0.32518318,0.16795991,0.10330042,-0.00861085,-0.124244735,-0.16636866,-0.034160767,0.08039215
-0.035537302,0.21727473,-0.18759035,0.30845684,0.1500699,-0.045216393,-0.10358742,-0.08182716,0.1242358,0.03575212
-0.073796,0.27365416,-0.23725195,0.33382607,0.1653722,0.087863885,-0.075145304,-0.13831624,0.15749586,0.08973332
-0.038449213,0.17448662,-0.14822593,0.10331583,0.13939033,0.012862917,-0.046200655,-0.05084752,0.14516634,0.15119343
-0.05193896,0.27212542,-0.2075039,-0.12730148,0.017230581,0.049774364,0.013842257,-0.06586607,0.047415208,0.08238569
-0.13014682,0.36411893,-0.21408913,-0.05290112,0.16640583,0.022393823,-0.108636715,-0.00729296,0.13094571,-0.12933029
-0.15366738,0.19659398,-0.17515218,-0.01844418,-0.058726635,0.006271731,-0.11798598,-0.071173474,0.015344769,0.201946
-0.19268201,0.16687256,-0.23707226,0.07787366,0.05195944,0.083370894,-0.25372094,-0.0014550872,-0.050458405,0.31585705
-0.13612846,0.22424446,-0.15415315,0.09961562,0.06425205,0.19224422,-0.11730994,-0.054830868,0.06849089,0.2077994
-0.09621625,0.19397959,-0.24031356,0.12751244,0.10461448,0.16179955,-0.21118195,-0.057472,-0.0955068,0.13109092
-0.08993095,0.24543276,-0.24722211,0.09253968,0.14757048,0.17545834,-0.05214855,-0.14195661,-0.020206325,0.21191326
-0.12662068,0.31497076,-0.21854283,0.07493828,0.13455528,0.19077152,-0.075985,-0.11266209,-0.13589923,0.06369165
-0.123457514,0.18867196,-0.34302902,0.2506973,0.123951614,0.08073427,-0.073120005,-0.044016656,-0.017535055,0.118980646
-0.051960096,0.20671493,-0.29159212,0.17205788,-0.049888793,0.22191894,-0.13315286,-0.15287738,-0.14093389,0.046558432
0.04837484,0.27330106,-0.2783765,0.10794345,0.032669798,0.1707191,-0.045504756,-0.08591552,-0.0453338,0.055370413
-0.009093309,0.36207712,-0.2776991,0.08772193,-0.06521726,0.14072666,-0.08077505,-0.106301725,-0.12864356,-0.0019907341
-0.07061917,0.22951303,-0.32450256,-0.035730407,0.07734992,0.07216164,-0.07330528,-0.18316169,-0.012439301,0.09566939
-0.06250786,0.33132818,-0.33829087,0.25416934,-0.04468428,0.06542635,-0.04481858,-0.10207519,-0.0021943995,-0.17770618
-0.025653519,0.43961388,-0.30817282,0.118104324,-0.0057138167,0.04556108,-0.10881598,-0.14628923,-0.07027384,0.052862816
-0.12323169,0.22501487,-0.35006467,0.25464916,-0.02024277,-0.14959964,-0.10564602,-0.12513328,-0.04082335,0.04262565
-0.042376667,0.25237843,-0.22893636,0.11071539,0.110796496,-0.0024760794,-0.049839675,-0.16334414,-0.046720885,0.18298954
-0.062858075,0.32356197,-0.13140291,0.2500689,0.05480376,0.035680242,-0.14835252,-0.14137381,0.021729724,0.15659566
-0.00905763,0.41198766,-0.28769982,0.16618273,0.05508697,0.11853433,-0.09180853,-0.18613867,-0.008390404,0.16731502
-0.0048792707,0.40492034,-0.16724351,0.30861953,0.11015764,0.045890704,-0.15886213,-0.18723263,-0.08702003,0.05261445
-0.07935212,0.35913816,-0.29255274,0.47645774,-0.009473529,-0.07138222,-0.04016704,-0.1656197,-0.00066409865,0.1019333
-0.0530376,0.33485633,-0.17843352,0.16491656,0.016460322,0.048520967,-0.06014123,-0.24417543,-0.06480371,0.18191667
-0.011026072,0.31457013,-0.27655125,0.2948143,0.002985146,-0.20313852,0.00034981035,-0.24176675,0.020579316,0.12276736
-0.046999194,0.42901772,-0.24974497,0.36658138,-0.027186226,-0.012452828,-0.011302931,-0.2925615,-0.044092476,0.21643569
-0.026492689,0.6807505,-0.31467643,0.47742033,0.11375015,-0.19491065,0.020769073,-0.23741817,0.031799976,0.12743153
0.13211769,0.46392712,-0.33466777,0.28914434,0.0644105,-0.29014617,0.13799313,-0.23539764,0.08376088,0.21117367
0.047139026,0.51463664,-0.46171212,0.46381533,0.137398,-0.3449754,-0.016973956,-0.17844804,0.15925644,0.32721248
0.013390632,0.4560332,-0.37941545,0.2988108,0.16778569,-0.4104188,0.12832096,-0.3885373,0.086550355,0.2544701
0.050429158,0.40074486,-0.38976285,0.23703302,0.11372474,-0.42842406,-0.002982134,-0.28189662,0.22733486,0.46312883
0.036804423,0.45405734,-0.37146947,0.3376945,0.21150877,-0.14602761,-0.038332976,-0.070005596,0.21418059,0.29828468
-0.06462118,0.3440062,-0.28697887,0.3021971,0.23407722,-0.33757088,-0.052543312,-0.32002854,0.2007259,0.32625318
-0.08213719,0.32078335,-0.34785283,0.44083902,0.35835794,-0.010058189,-0.010801746,-0.31923407,0.2024348,0.5633991
0.07700446,0.4859669,-0.25224417,0.11877705,0.4974402,-0.07741651,-0.09382811,-0.20379516,0.25359932,0.22448699
0.10052606,0.50189394,-0.29613423,0.27770734,0.31701362,-0.07328792,0.0013871137,-0.2900837,0.22464696,0.35501286
-0.0015412234,0.47624505,-0.2089914,0.30270478,0.25706285,-0.12673163,-0.052528687,-0.14540923,0.15912639,0.14869624
-0.019537784,0.44027877,-0.2481551,0.21952316,0.28617212,-0.04731869,-0.1270497,-0.49029294,0.12008504,0.21011378
0.044534422,0.33598205,-0.17615308,0.31322247,0.20268512,-0.0070872903,-0.06812757,-0.19252333,0.08681123,0.19198062
-0.090167224,0.37595186,-0.29609987,0.4251527,0.1362716,-0.17061299,-0.13818742,-0.25926796,0.07133873,0.16295157
-0.13077585,0.21842597,-0.17685944,0.50671244,0.1965533,-0.13619836,-0.05097869,-0.21840096,0.07683523,0.20303035
0.063514814,0.40666416,-0.20156294,0.17961967,0.23120089,-0.24655281,-0.056627117,-0.18083644,0.06222308,0.30611607
0.04637763,0.3054386,-0.28500625,0.2758964,0.16770078,-0.20998876,-0.020502118,-0.1626229,0.15887536,0.29152456
-0.001245887,0.5124111,-0.28818542,0.27771363,0.19508913,-0.054613713,-0.07393399,-0.15688345,0.10574074,0.39107576
-0.049402684,0.24087921,-0.33138967,0.45085105,0.3310738,-0.03994096,-0.05126886,-0.2068842,0.17099789,0.42158267
-0.002347176,0.20612468,-0.29879853,0.32094437,0.19988945,-0.2407577,-0.09001466,-0.20803729,0.10992379,0.3593938
-0.04767203,0.21215643,-0.28433877,0.17450956,0.23278248,-0.06062053,0.013167294,-0.15457605,0.11763007,0.26955104
-0.0064046076,0.44146752,-0.36566028,0.1527254,0.18902095,-0.15158065,-0.05298792,-0.09662455,0.13072214,0.27220672
0.0236987,0.39281088,-0.33424887,0.16195214,0.19175807,-0.018756304,-0.05408878,-0.16909084,0.017162697,0.14199156
-0.04845471,0.33908638,-0.37235406,0.25143716,0.22990778,-0.036778018,-0.041825384,-0.20309731,0.11736426,0.31499252
-0.042397987,0.42212,-0.3662332,0.31816375,0.09165397,-0.013995279,0.007611608,-0.1401928,-0.0021185451,0.34485376
-0.037653103,0.2788007,-0.29113606,0.32436216,0.29514366,-0.15939349,0.026592685,-0.11856979,0.15483515,0.23224719
0.008789139,0.204395,-0.29244998,0.47431368,0.37017202,-0.055109754,0.08510873,-0.1782204,0.16192551,0.2132452
0.04508289,0.27139053,-0.23754558,0.374135,0.0709246,0.057808965,-0.009588642,-0.016258728,0.18176864,0.32558417
0.10549214,0.34433687,-0.2695105,0.10497715,0.21782506,0.127448,0.040373757,-0.14940892,0.023667526,0.122642666
0.01070777,0.21297114,-0.3041928,0.19466892,0.22615266,0.059115,-0.070680186,-0.08588107,0.0073534413,0.09883971
-0.026105141,0.22197051,-0.3113578,0.10688338,0.22136985,0.0057212655,-0.01187635,-0.17337503,0.19803128,0.06765884
-0.09206748,0.21958108,-0.3222336,0.23581779,0.10012573,-0.07632129,-0.09817289,-0.17671748,0.024427949,0.0998185
0.05601254,0.26256606,-0.3149724,0.16955604,0.110344075,-0.031548325,-0.07527265,-0.11311683,0.041637603,0.2531268
0.027363209,0.22361612,-0.33814153,0.29415566,0.1330011,-0.085583046,-0.024285374,-0.1883538,0.051723693,0.10197048
0.13520552,0.18976095,-0.3347707,0.0632035,0.2176671,-0.06458171,0.0392029,-0.074540764,0.076527484,0.21355605
-0.009319449,0.40813383,-0.25024083,0.12470171,0.06711245,0.019061621,-0.07535179,-0.17150222,0.11765272,0.1913899
-0.10137999,0.27548006,-0.18714331,0.11674918,0.13061094,-0.1515745,-0.053800046,-0.17052804,-0.004661961,0.19202371
-0.0557193,0.34050128,-0.110795245,0.060020268,0.08289583,-0.10145248,-0.16038735,-0.080871016,0.1528002,0.19515388
-0.025976788,0.27590632,-0.1751569,0.08769022,0.10058567,-0.03373454,-0.14406821,-0.08853161,0.05738565,0.20137195
-0.037669,0.37533006,-0.2510454,0.09268865,0.11073167,-0.102692,-0.25685364,-0.07621981,0.1346157,0.1613241
-0.042757835,0.43911985,-0.17470907,0.08516225,0.24906506,-0.063320614,-0.13488735,-0.13287282,0.051978,0.3216357
-0.06775916,0.24994272,-0.09118959,0.25647426,0.26268804,-0.18841663,-0.18408336,-0.21675733,0.192508,0.19054873
-0.046874963,0.38530925,-0.06727664,0.17939183,0.15288123,-0.14333938,-0.026383365,-0.20642012,0.08004082,0.26232398
0.0014854986,0.37119645,-0.24642432,0.2681324,0.3922165,-0.12955266,-0.10559404,-0.19782105,0.23411073,0.38319257
-0.0057242652,0.39772406,-0.2333355,0.00640852,0.4066019,-0.18561256,-0.0528706,-0.17063661,0.17297508,0.3069684
0.0014068987,0.53068364,-0.28919652,0.22773886,0.13163975,-0.2980776,-0.100266054,-0.22576675,0.083710164,0.31000373
0.045791157,0.41999087,-0.11508055,0.17721027,0.13260838,-0.3705283,-0.07892776,-0.17626926,0.2043248,0.35570794
0.033792317,0.4808742,-0.24254404,0.23813748,0.26425815,-0.2809538,-0.15507124,-0.26264977,0.26070344,0.29375434
-0.037016913,0.40682274,-0.15669358,0.2896104,0.24706711,-0.29114088,0.023369947,-0.42101166,0.33547762,0.30960745
-0.031587772,0.5362848,-0.26494193,0.31094873,0.24770173,-0.046232373,-0.0010006558,-0.31542107,0.19710012,0.19092125
0.39695707,0.41880795,-0.36844984,0.33907694,0.49558422,-0.1798291,0.0046828706,-0.2804229,0.25015652,0.16087225
0.118012734,0.47138518,-0.3792036,0.3066327,0.10218677,-0.014419483,0.021026896,-0.1549374,0.20768149,0.25305286
0.14015228,0.4620604,-0.3184794,0.3671016,0.27001184,-0.10936229,0.043329075,-0.20678723,0.22465648,0.2885654
0.07647031,0.52400655,-0.37706524,0.27197343,0.13030648,-0.21690027,-0.01109953,-0.19880682,0.06301087,0.20087495
0.11116303,0.493332,-0.28652507,0.5302794,0.21719976,-0.14614776,0.009237101,-0.2022571,0.19486278,0.22263919
0.11676783,0.4612146,-0.28998733,0.24774143,0.18139283,-0.44238478,0.057964675,-0.21585181,0.12260003,0.3814033
0.36624146,0.44502366,-0.32512248,0.36305973,0.2666523,-0.4206443,-0.013199722,-0.2581739,0.18265736,0.55842996
0.1339234,0.5003203,-0.27604324,0.4745619,0.5670715,-0.36246872,-0.07822599,-0.22409904,0.24039017,0.2973515
0.46247655,0.443496,-0.29023263,0.67677486,0.2784385,-0.118733495,-0.010585358,-0.20228294,0.23969768,0.20772
0.5544569,0.51226026,-0.31808296,0.6468041,0.2262966,-0.14664948,-0.04055863,-0.3114266,-0.051973637,0.23444329
0.75093573,0.43562713,-0.31494525,0.6077393,0.22122249,-0.26069793,0.069026135,-0.24855882,0.19385502,0.21008153
0.24067564,0.46839824,-0.4307138,0.39426708,0.19257826,-0.36267352,0.09493709,-0.2254326,0.10231855,0.121454135
0.34003803,0.50397784,-0.35527834,0.3777425,0.1104019,-0.30126297,0.16075525,-0.18109436,0.25151935,0.18220454
0.14264774,0.5087518,-0.41435978,0.527385,0.12436079,-0.23881486,0.017342525,-0.21829262,0.1160844,0.17212342
0.07322479,0.49332535,-0.33794597,0.27895933,0.121499345,-0.29218772,0.0066587087,-0.1983726,0.18112901,0.29914173
0.098700464,0.22498746,-0.430232,0.31850767,0.12849627,-0.23274808,-0.061825633,-0.37248,0.26381767,0.10451129
-0.010281762,0.4942072,-0.52066684,0.35025287,0.25209135,-0.0038537923,-0.07236534,-0.19590005,0.2330628,0.32462123
0.082810946,0.46130958,-0.4441767,0.28891546,0.17948367,0.06979617,0.057909243,-0.2115379,0.25958455,0.216185
0.11505159,0.4436023,-0.42390552,0.40794635,0.12166962,0.040064204,-0.08018913,-0.18089207,0.25942215,0.2413188
0.05999656,0.448151,-0.38857755,0.4024016,0.20148602,0.00969982,0.009522634,-0.24903747,0.080181755,0.39332876
0.14493993,0.37997153,-0.32527867,0.44543594,0.21316552,-0.0609084,-0.017076919,-0.22003269,0.037941378,0.21177769
0.085467346,0.46866742,-0.31277618,0.41856092,0.19179085,0.00706676,-0.048305586,-0.19318679,0.050341632,0.177866
0.12708871,0.22561297,-0.2988511,0.4973805,0.13627715,0.085445374,0.017477682,-0.3351961,0.121429555,0.21776919
0.15885167,0.22814724,-0.36466202,0.5535914,0.06639323,-0.092246994,0.03416834,-0.19985682,0.006918849,0.14590052
0.13576186,0.17207746,-0.340429,0.33001924,0.20868716,0.034626007,0.087760404,-0.18605453,0.040512033,0.20153229
0.61819667,0.124569006,-0.33558565,0.34822452,0.12648182,-0.03436906,0.004182404,-0.076652795,0.03215195,0.21355735
0.50199074,0.37504354,-0.29182747,0.0743556,0.20340341,0.021437805,-0.045696005,0.06915516,0.026333554,0.15710767
0.092308946,0.21355633,-0.3384333,0.09998048,0.11125372,-0.026452273,-0.032153137,-0.010092195,-0.055632103,0.28867492
0.096935235,0.13991885,-0.3461167,0.2668668,0.18069595,-0.020892153,-0.114165336,-0.031203587,0.010538349,0.18989794
0.060120843,0.053140156,-0.23405826,0.27907604,0.21708685,0.12972249,-0.07473891,-0.08124347,0.01113984,0.14082594
0.08673524,-0.040281877,-0.30097172,0.1352062,0.28627512,-0.08930074,-0.07952288,-0.006720964,0.0026860586,0.062963754
-0.055118226,0.20364125,-0.2892534,0.0930323,0.11249999,0.06728421,-0.102045305,0.081355676,-0.00782318,0.049063805
-0.0049615577,0.08452708,-0.3591747,0.10239291,0.124523595,0.072044566,-0.1693172,0.019715693,-0.010946354,0.18888661
-0.036445357,0.04667988,-0.34416977,0.28194782,0.13400689,0.19227019,-0.07718812,-0.003285516,-0.0036299122,0.11248104
-0.02464036,0.13094305,-0.2740549,0.07873744,0.22797641,0.057832845,-0.12919174,0.032797016,-0.031825464,0.043087196
0.010581581,0.15323742,-0.27237785,0.0074590743,0.12374769,0.13189617,-0.064366564,-0.008494649,0.08834515,0.015164806
-0.08624445,0.14308989,-0.26817125,0.007029213,0.115064666,0.0747447,-0.10971822,-0.06710333,0.060107607,0.07835833
0.015133062,0.21133806,-0.2655732,0.046216432,0.1323565,0.0021413565,-0.15978692,-0.011384044,0.032365352,0.14094304
-0.11513954,0.11724311,-0.28607684,0.07818878,0.025166824,0.0896467,-0.08553114,-0.004906252,0.1297239,0.07130144
-0.039825045,0.21540089,-0.28407547,0.10063997,-0.057476465,-0.10340216,-0.09355225,-0.052997354,0.11557115,0.22044538
-0.11338115,0.3624976,-0.17984922,0.0026445463,0.030990997,-0.0849956,-0.17360058,-0.0053519793,0.11341978,0.13871393
-0.042430647,0.08739989,-0.29712072,0.07252321,0.21250883,-0.0067813313,-0.13407813,-0.00053659454,0.10306915,0.3093113
-0.06506404,0.21058685,-0.2432125,0.099450946,0.18259792,-0.2246799,-0.16537152,0.013232507,0.10902796,0.26804456
-0.20712508,0.3430285,-0.24769662,0.10646367,0.11177661,-0.19181389,-0.07605607,-0.012189154,0.11629149,0.23504525
-0.043529518,0.19885133,-0.3638615,0.083918795,0.04305949,-0.21733105,-0.117157534,-0.0018022507,0.13872223,0.34277323
-0.07898432,0.22624153,-0.17836216,0.099882476,0.122912586,-0.2765084,-0.080182336,-0.012642641,0.1101268,0.38334623
0.037587382,0.21390022,-0.2792892,0.24122912,0.12368372,0.099005,-0.14482634,-0.055704515,0.18871893,0.34827417
-0.033577733,0.16144237,-0.23904513,0.16183037,0.18631662,0.063155,-0.016486546,-0.009254996,0.1525054,0.27741086
0.007619882,0.18956189,-0.25797173,0.104940526,0.13704515,0.009006279,-0.051541865,-0.012212213,0.0073961033,0.17986205
0.0031257328,0.14219742,-0.29885733,0.09746739,0.1390313,0.04098417,-0.14941429,-0.030309845,0.07035651,0.20095064
-0.029804194,0.30305487,-0.30839548,0.051879026,0.21313842,0.08721313,-0.15597911,-0.007593248,0.0073842234,0.09271465
-0.0126323365,0.18444893,-0.25160715,0.0759848,0.25118017,0.007295102,-0.15845874,-0.008220259,0.053652845,0.030832952
-0.04250989,0.2900124,-0.15483771,0.18135759,0.14205071,0.0018275604,-0.1646607,-0.00873467,-0.10458868,-0.045089897
-0.06968274,0.17400263,-0.23662475,-0.018514141,0.080272585,-0.009687455,-0.09518054,-0.05027761,-0.061403204,0.006549617
-0.10326481,0.38535738,-0.22678456,0.03222488,0.11330302,-0.032484606,-0.10383608,-0.0032421462,0.11228115,0.20242143
-0.09357563,0.25159734,-0.2566057,0.16449714,0.028638199,-0.0042084437,-0.12353286,-0.009370942,0.068773925,0.043983422
-0.041368917,0.2820672,-0.25875032,0.03858507,0.07146564,-0.038735773,-0.069208965,-0.04765298,0.13479342,0.21468231
-0.04664919,0.26027068,-0.058839075,0.017739594,0.119890735,0.08952674,-0.050942853,-0.07533465,-0.10362568,0.20242941
-0.095616825,0.19190581,-0.37214202,0.061206754,0.20489584,0.060418084,-0.2311499,-0.13573898,0.005015207,0.20357756
-0.10114763,0.22642334,-0.22958703,0.08375492,0.118166246,0.17658214,-0.07390498,-0.07421793,-0.02404868,0.14917289
-0.13280258,0.33856627,-0.31754157,0.1651316,0.14005764,0.12210564,-0.2859641,-0.081600815,-0.08806627,0.049323346
-0.17141347,0.19588041,-0.20474926,0.10514228,0.04703755,0.07018934,-0.11402039,-0.1264889,0.010614336,0.04306934
-0.088235386,0.32106897,-0.13157232,0.10879683,0.010812495,-0.050996903,-0.11860958,-0.10200466,-0.057835903,-0.053131077
-0.068469524,0.4355221,-0.20216867,0.12865737,0.10477579,-0.03660948,-0.043379173,-0.13664399,-0.006253254,-0.108071424
-0.09331951,0.23239571,-0.15867397,0.21597618,0.04444017,-0.06746305,-0.13837428,-0.10940559,0.057359193,0.13167134
-0.03915468,0.27472687,-0.28340766,0.2120888,0.13674423,0.012469251,-0.07843736,-0.16125815,0.14227998,0.06491081
0.014103582,0.18242045,-0.18777184,0.031222828,0.181257,-0.04924243,-0.12745212,-0.10765146,0.16071674,0.060784906
-0.018298084,0.21462837,-0.29636005,0.33275744,0.03270997,-0.12482778,-0.12021524,-0.12502262,0.14770104,0.20476395
-0.012997535,0.3724136,-0.3282407,0.205271,0.1404094,0.011599135,-0.15382035,-0.18617249,0.19832623,0.2239673
0.0324153,0.37022424,-0.28762284,0.34655964,0.18818168,-0.011227354,-0.0752635,-0.25778815,0.29923108,0.11096881
0.034070306,0.47398344,-0.27257985,0.49595937,0.20730394,-0.14622784,-0.06835878,-0.19393733,0.18350896,0.12323604
0.017549077,0.50814855,-0.26113582,0.31003392,0.14046016,-0.15270165,-0.09295224,-0.19117853,0.18099596,0.09960925
0.028363692,0.40248045,-0.17777152,0.5122245,0.20413433,-0.06359388,0.011823716,-0.24598476,0.23424123,0.2755379
0.0067327563,0.4169614,-0.24825747,0.3014033,0.010045897,-0.22937453,-0.023528373,-0.19091277,0.13041878,0.22023259
0.12109315,0.31367454,-0.20818995,0.31476974,0.20033093,-0.07799567,0.042628847,-0.44441798,0.18303089,0.28842142
-0.040730823,0.53508514,-0.3513167,0.17728332,0.11923812,-0.15452309,0.038947135,-0.055159245,0.205306,0.21267556
-0.046267495,0.5155751,-0.31553003,0.078823954,0.036317933,-0.25947347,0.032349862,-0.20697471,0.12247228,0.2718242
0.036939085,0.5181717,-0.34625742,0.46519077,0.12981024,-0.18603316,-0.05388239,-0.19548306,0.13309556,0.39052308
0.07674366,0.6029703,-0.2933136,0.35436475,0.11307375,-0.31194392,0.006771503,-0.28876647,0.21026881,0.3986775
-0.009889904,0.432213,-0.34297964,0.44093153,0.12546283,-0.19893955,0.017269986,-0.2632856,0.16492742,0.47130674
0.36272013,0.41313586,-0.2786678,0.44071862,0.24991903,-0.16791803,0.029161176,-0.34502152,0.10840648,0.48542094
0.17628506,0.5075573,-0.34497628,0.50327873,0.17741519,-0.06338868,0.053051487,-0.25124344,0.055462357,0.38107222
0.1797728,0.42091334,-0.33974186,0.29461646,0.13220064,-0.1364216,0.011691818,-0.37256947,0.18078476,0.37343466
0.09831253,0.53744406,-0.30193165,0.16863877,0.25011188,-0.31632948,0.12515996,-0.18124491,0.13908312,0.1771352
0.12580815,0.5879127,-0.32768354,0.31189063,0.13061751,-0.024492007,0.007153401,-0.26577458,0.20264964,0.23719233
0.07690909,0.5717489,-0.35451385,0.43742535,0.10735735,-0.24830265,-0.073094465,-0.2458961,0.12488525,0.34926793
0.16266091,0.4945067,-0.31604996,0.48745707,0.1938563,-0.13436973,-0.07784791,-0.2077933,0.1266354,0.28412327
0.30674383,0.51499677,-0.3432673,0.34271273,0.2305432,-0.28631398,-0.03131982,-0.2738116,0.1970998,0.27213264
0.110923536,0.31721598,-0.25448063,0.25997317,0.13297135,-0.16494195,-0.070446506,-0.36726078,0.24431933,0.31756803
0.0105029065,0.42311546,-0.29359937,0.3497357,0.1419083,-0.19337137,-0.07646568,-0.17493066,0.23743911,0.41730624
0.1292405,0.39738062,-0.26203364,0.31229967,0.19240509,-0.17827792,-0.07921469,-0.18271717,0.19740474,0.16097115
0.113203056,0.27822188,-0.2699911,0.28975174,0.18012303,-0.18913798,-0.08907681,-0.14792457,0.2831045,0.16830821
0.19917014,0.3556802,-0.3592322,0.35088128,0.020588506,-0.35626182,-0.062045038,-0.061954845,0.19537495,0.2257466
0.121945135,0.43050784,-0.25627717,0.24227484,0.46653736,-0.3341519,-0.12984438,-0.04641183,0.23366193,0.30765966
-0.0013487199,0.21306309,-0.29916316,0.23931675,0.2306956,-0.5364137,-0.1221005,-0.042375203,0.295876,0.4854332
-0.005797824,0.16884723,-0.22585139,0.1656414,0.4298263,-0.14221086,-0.14030223,-0.14502174,0.23207076,0.13931729
0.003821563,0.17048196,-0.16367994,0.031742856,0.6534601,-0.08606698,-0.17185584,-0.076755375,0.28608966,0.24916783
-0.051297233,0.28338578,-0.05565811,0.10223769,0.38896218,0.019439377,-0.13346048,-0.11697781,0.15990411,0.31152982
-0.0071778595,0.34951973,-0.1040298,0.2911191,0.37892607,-0.01989626,-0.11186327,-0.067338884,0.26873514,0.26993647
0.01675492,0.32785788,-0.24449523,0.26628894,0.48552018,0.07493535,-0.09655386,-0.15774119,0.03764772,0.1836902
0.024840554,0.22949503,-0.29091495,0.21401879,0.300534,-0.058209322,-0.0667503,-0.1430252,0.23757201,0.23980613
0.07295973,0.45270285,-0.27999413,0.2046651,0.17360093,0.17963496,-0.06064348,-0.14676376,0.17612195,0.21028756
-0.019239888,0.36874,-0.28798312,0.340122,0.23609926,-0.021844076,-0.04957889,-0.11664437,0.12489145,0.09642979
0.058384202,0.23459229,-0.2888512,0.19339608,0.1470849,-0.027967144,0.021100914,-0.17208315,0.11939854,0.20761473
0.1080185,0.37676442,-0.27653056,0.28725764,0.25636652,0.007770434,0.04500372,-0.1794334,0.18672043,0.14109446
0.025467409,0.37108847,-0.41293913,0.39746562,0.20911525,0.050214186,-0.033619598,-0.13091531,0.15990758,0.1656978
0.111770056,0.47716242,-0.3459132,0.40161046,0.11042891,-0.18860734,0.045384668,-0.17769437,0.13269617,0.2549568
0.06791742,0.39948827,-0.41706127,0.33035094,0.17102376,-0.3150111,0.008100016,-0.25751162,0.17106251,0.08201124
0.14193547,0.45404243,-0.37297416,0.25383508,0.118513644,-0.16079147,-0.021937547,-0.1368688,0.10402612,0.37789702
0.08848039,0.44043803,-0.46305573,0.44401342,0.12109177,-0.23003016,-0.13614742,-0.3145855,0.20180723,0.27513114
0.27919012,0.41827464,-0.30398646,0.36156368,0.11774312,-0.12683317,0.029632555,-0.33929124,0.2263269,0.19334316
0.13700877,0.5023174,-0.3408362,0.32088482,0.16853085,-0.2607998,-0.0069394913,-0.24193624,0.13851026,0.32423332
0.090362,0.5197949,-0.35947064,0.37550962,0.119093426,-0.17543596,-0.078992136,-0.16980772,0.20001738,0.20178623
0.0034585353,0.4906755,-0.3964155,0.48642316,0.0940444,-0.17199863,0.0022464786,-0.3341721,0.15837693,0.20556943
0.4275389,0.50086415,-0.3074081,0.31705332,0.15185776,-0.16564877,-0.069201216,-0.24469253,0.12777816,0.23695405
0.08338208,0.4682336,-0.31376058,0.5665766,0.12404412,-0.12500353,-0.03731356,-0.24937093,0.19855493,0.2418742
0.119727276,0.48602384,-0.30610567,0.40039906,0.12576807,-0.2521978,0.09476341,-0.32392427,0.13847832,0.37934127
0.21175627,0.6104697,-0.38054127,0.63889134,0.22150414,0.031521983,0.046977945,-0.35631758,0.20643741,0.3279595
0.12767668,0.6645009,-0.36512563,0.5952517,0.24769057,-0.30469498,-0.12019774,-0.28903636,0.1631026,0.18493283
0.11606448,0.7599629,-0.27165768,0.4408354,0.26434332,-0.032784745,0.05141855,-0.44330242,0.11923633,0.2732661
0.01801878,0.5120384,-0.314685,0.5237639,0.12315571,-0.21754432,-0.05022499,-0.2458264,0.19006756,0.35841754
0.12920202,0.5244388,-0.2802181,0.7730731,0.21799314,-0.21220109,0.07845652,-0.48229632,0.15384918,0.20790215
0.12626503,0.5899214,-0.2675657,0.5453583,0.24727723,-0.18532252,0.06422227,-0.30398217,0.108953714,0.33610094
0.3464581,0.5074355,-0.42054638,0.53503186,0.44582525,-0.50443864,0.14295645,-0.33679625,0.19464307,0.36705285
0.04720164,0.5316982,-0.48443654,0.633155,0.53775,-0.26883125,0.014635248,-0.37832052,0.16752227,0.48360598
0.056141227,0.5418827,-0.34791097,0.7945367,0.79414684,-0.14349654,0.036450945,-0.32436797,0.2930331,0.34598687
0.4396348,0.4939833,-0.37217364,0.58729076,0.32680392,-0.14991097,0.058913395,-0.34645122,0.20797858,0.48117185
0.13647068,0.5606473,-0.48194963,0.6300498,0.41912413,-0.1720187,0.033042483,-0.33237946,0.14870949,0.37888235
0.43651858,0.5255312,-0.3465938,0.73049116,0.30635974,-0.25242186,0.024314666,-0.28518286,0.2897673,0.17381726
0.47264048,0.50383455,-0.36381933,0.75160027,0.22482397,-0.09135306,0.10007516,-0.25757125,0.31615904,0.30039212
0.7939009,0.512723,-0.42598566,0.7976705,0.1572548,-0.31004125,0.20062493,-0.429879,0.20519201,0.36212462
0.35383135,0.5266525,-0.33143672,0.32159147,0.22748862,-0.33165687,0.2279305,-0.2990267,0.2700543,0.22255027
0.40944463,0.72139055,-0.49559656,0.53812003,0.20475699,-0.61841506,0.21954803,-0.35387987,0.23804186,0.34990206
0.2674195,0.6242677,-0.6873347,0.43963662,0.32426366,-0.45515212,0.29632473,-0.48498145,0.274625,0.46985126
0.11552366,0.75403404,-0.54604805,0.7040913,0.4697342,-0.53525656,0.3133445,-0.3414733,0.37883863,0.4590606
0.2156633,0.5292138,-0.7928952,0.68358636,0.5543073,-0.5498948,0.26898482,-0.24236068,0.3146207,0.4757677
0.06307835,0.68617105,-0.6044133,0.5659114,0.69271547,-0.28595692,0.17626314,-0.33265686,0.35354072,0.45464346
0.10831084,0.4276161,-0.6352403,0.6636634,0.12661721,-0.28622293,0.024753945,-0.40469947,0.27962098,0.46517956
0.26418892,0.4448328,-0.5371962,0.5144221,0.5680045,-0.32867545,0.11710618,-0.4467441,0.2452722,0.42096445
0.13160132,0.5695375,-0.4201603,0.46390235,0.35775134,-0.28561848,-0.012382166,-0.25974116,0.23968543,0.4287769
0.112489246,0.6460509,-0.433774,0.36192787,0.57690585,-0.1734938,0.044178694,-0.25496364,0.2586996,0.39737675
0.10127168,0.44710556,-0.48768538,0.44771254,0.19967346,-0.17387858,0.15506575,-0.25306362,0.27363527,0.34407374
0.5370802,0.40921226,-0.501351,0.30435732,0.451305,-0.3415156,0.23982964,-0.29373053,0.28524077,0.32881412
0.16048665,0.25538808,-0.65954137,0.62633204,0.22766969,-0.067148104,-0.01465573,-0.2945512,0.23382711,0.20704812
0.23948313,0.41279113,-0.45359656,0.29379374,0.44442847,-0.23327197,0.13665143,-0.21120921,0.17078254,0.30685237
0.508458,0.40445933,-0.43388194,0.33426753,0.25085342,-0.21516733,-0.010316579,-0.11132319,0.12827079,0.2613634
0.09747306,0.38941127,-0.46582147,0.33633146,0.2121877,-0.32792872,0.046665065,-0.04730085,0.23038837,0.12266595
0.12618135,0.3298817,-0.3757449,0.5619512,0.24315384,-0.22873671,-0.010365849,-0.13792862,0.18815917,0.21979861
0.14368379,0.39672348,-0.3409894,0.36375794,0.12279533,-0.014705185,-0.0015650783,-0.14244269,0.22797708,0.2263343
0.31490532,0.35601908,-0.34622133,0.6133195,0.32771975,-0.014884215,0.08781235,-0.17956804,0.2255733,0.22220333
0.09948345,0.33856037,-0.2895199,0.426655,0.12631498,-0.019636743,0.032284252,-0.20376334,0.12798174,0.1269546
0.09075995,0.4175085,-0.33707932,0.18076478,0.3970096,-0.053919863,0.0030157883,-0.12440856,0.2131397,0.32694432
0.07590941,0.46550485,-0.31696388,0.11797486,0.19405021,-0.14395994,-0.050358035,-0.18024011,0.19224377,0.18977292
0.031855345,0.43619376,-0.3225831,0.29406685,0.17378537,-0.072059356,-0.09961186,-0.26008907,0.09664524,0.21535021
-0.014274365,0.49204272,-0.3647891,0.28978142,0.20174187,-0.26298997,0.014945058,-0.17516969,0.18306628,0.26782486
-0.041575223,0.51816607,-0.32200313,0.26196462,0.21125391,0.04671915,-0.005023746,-0.25511947,0.12404261,0.29228622
-0.011142477,0.5012682,-0.36436242,0.5308342,0.11826982,-0.20684892,-0.013632162,-0.21320164,0.19635773,0.25041342
0.031344883,0.47591388,-0.45356858,0.31979722,0.19308358,-0.34941897,0.03181298,-0.16959159,0.13055892,0.30340007
0.14473149,0.38500482,-0.55353105,0.71296084,0.46558994,-0.43231598,0.0058332738,-0.19145969,0.32990772,0.2116674
0.1362279,0.44398737,-0.4706163,0.4767667,0.23395221,-0.3882908,0.19665396,-0.13204856,0.13509196,0.3511715
0.28423712,0.47345236,-0.4184378,0.38177824,0.5375248,-0.09965065,0.010009253,-0.23301831,0.27339712,0.47603592
0.13443358,0.32299244,-0.40690288,0.38453928,0.24143584,-0.047356285,0.09490609,-0.31306535,0.06746584,0.37799463
0.14309436,0.4229484,-0.46923262,0.37109575,0.35285804,-0.35062066,0.037605822,-0.32237273,0.11286757,0.36416382
0.12988485,0.5321706,-0.37474722,0.49703434,0.18193884,-0.18175513,-0.03216636,-0.19480306,0.16637382,0.48527437
0.009559853,0.45534387,-0.3179417,0.501531,0.2942764,-0.5176524,0.027853718,-0.36972713,0.1773901,0.40676796
0.08832132,0.3378816,-0.32136384,0.6413889,0.11977124,-0.2278858,-0.0728802,-0.2748123,0.19140914,0.5353431
0.07622383,0.46339914,-0.3274689,0.0986324,0.27428287,0.021621868,0.020838859,-0.23622194,0.15120485,0.5676516
0.21401744,0.42910302,-0.3474315,0.28359848,0.21772122,0.01460484,-0.0259729,-0.17815164,0.13017094,0.41922963
0.07658165,0.48798683,-0.53882223,0.2884478,0.5037269,-0.13194272,-0.10773508,-0.2068137,0.1526507,0.30332398
0.15696208,0.41024107,-0.34755623,0.3706876,0.24716868,-0.07917384,-0.0045782235,-0.06744607,0.024931403,0.37104428
0.06318508,0.33714285,-0.3049762,0.39075184,0.20903495,0.020658888,-0.036406547,-0.19844761,0.006954552,0.34890664
0.065478526,0.2718386,-0.33817706,0.27495185,0.28460076,-0.032207426,0.06507355,-0.13581571,0.08312506,0.28440598
-0.0285655,0.4388702,-0.36892053,0.29558074,0.43527666,-0.008063309,-0.014667964,-0.18710425,0.104607746,0.13685752
-0.026651967,0.51508224,-0.3684964,0.2905759,0.31580698,-0.09490511,-0.0060474295,-0.18761726,0.11209851,0.14087865
0.036996946,0.43002746,-0.3143368,0.33934665,0.12365073,-0.16559343,0.007064214,-0.25863606,0.22492653,0.21175902
0.08484992,0.39667028,-0.39183792,0.3041399,0.24959543,-0.27333626,0.00045728125,-0.21819484,0.25858414,0.20177636
0.01203469,0.440389,-0.3308691,0.22136232,0.18923669,-0.13442537,-0.04268466,-0.1840673,0.15646452,0.3622202
0.10970815,0.3443086,-0.3546821,0.2631395,0.25450245,-0.2524019,-0.07378565,-0.29702514,0.19499105,0.36700764
0.032521315,0.48011366,-0.28898767,0.28089035,0.37036395,0.005673509,-0.07293369,-0.22876644,0.16827856,0.37875846
0.114470385,0.34669307,-0.30984786,0.28834832,0.31605342,-0.08840602,-0.06719735,-0.2226645,0.26253507,0.3143374
-0.005777764,0.35288233,-0.2476408,0.35280558,0.44872105,-0.14470086,-0.10000886,-0.13505869,0.23026091,0.2826282
0.14729811,0.36261374,-0.2543442,0.4065611,0.16903313,-0.18068357,0.028171917,-0.09509668,0.2098441,0.33901525
0.040373363,0.34266245,-0.3044056,0.08574593,0.33164164,-0.023688056,0.017472113,-0.18395242,0.21598668,0.33931938
0.01948628,0.16047099,-0.3127564,0.286161,0.28705567,-0.12554991,-0.06609859,-0.09901109,0.37239376,0.2652037
0.14489985,0.29059145,-0.28414237,0.17168765,0.33898225,-0.2395481,-0.08069357,-0.1148078,0.12696686,0.24322513
0.34639227,0.37716308,-0.30071715,0.19252563,0.273973,0.13699165,-0.04403597,-0.016747314,0.20037518,0.24416246
0.103679016,0.34632805,-0.2962942,0.12609582,0.08987814,-0.03551399,-0.11823757,-0.018497054,0.20102683,0.06787892
-0.052565597,0.22040522,-0.30753335,0.20949012,0.11659174,-0.01717271,-0.04178325,-0.050573546,0.060109023,0.031025233
-0.077922784,0.32468823,-0.28974858,0.17408574,0.040603563,-0.2285116,-0.15877979,-0.019776788,0.0917851,0.20680405
-0.03958663,0.24217866,-0.3339637,0.30510864,0.136251,-0.17337684,-0.17082487,-0.011321861,0.0106001925,0.24212562
0.064363666,0.18638422,-0.2628381,0.29610556,0.2351012,0.12344593,-0.11471239,-0.013612647,0.17103076,0.15123539
-0.043994986,0.20173316,-0.24437776,0.26038265,0.15913342,0.13409783,-0.087264895,0.05455911,0.059729125,0.120023385
0.044322,0.12170585,-0.32319635,0.04637805,0.11400075,0.2268383,-0.0907789,-0.010276567,0.02678348,0.14720668
-0.04827869,0.15663102,-0.28114733,0.06708109,0.12061489,0.07176405,-0.027860353,-0.16641629,-0.09796385,-0.09395139
-0.14259198,0.30789593,-0.33342877,0.067251764,-0.016819548,0.34976736,-0.07646519,-0.017833155,0.02515087,0.015507223
-0.032637797,0.1959837,-0.31039226,0.26259908,0.0042571835,0.08628373,-0.13063328,-0.13524437,-0.12145015,-0.03307722
-0.025694018,0.3293538,-0.20120938,0.119725384,0.12694693,0.14215082,-0.14903791,0.0059618317,-0.015963612,-0.032893885
-0.031972148,0.289591,-0.25758818,0.17407487,0.12477121,0.2272238,-0.051737756,-0.10600896,0.008519193,-0.14605202
-0.086716324,0.30434847,-0.32858405,0.27666762,-0.088447005,0.099853,-0.1316663,-0.06954457,-0.06806298,0.04879622
0.009929888,0.26740524,-0.22678821,0.4023363,0.010041807,0.166087,-0.12599601,-0.13936754,-0.102618724,-0.001039688
-0.0141450055,0.40149117,-0.20872746,0.27708077,-0.11931291,0.05103399,-0.083177425,-0.19139397,0.016490065,-0.07022242
0.050180227,0.40573364,-0.22662252,0.2439829,0.07825011,0.11741687,-0.07779963,-0.17338134,-0.0848112,-0.015511284
0.059122466,0.3902837,-0.20502649,0.3404463,-0.06429027,-0.053043984,-0.09585716,-0.14182326,-0.13596891,0.009530004
0.008981219,0.45951498,-0.27118358,0.3519633,-0.002182018,0.14492743,0.0047163796,-0.23064739,-0.028945541,0.08254402
0.0030214284,0.45401534,-0.28202754,0.3057464,-0.14370343,-0.17988105,-0.05010757,-0.24348876,-0.10228614,0.079952285
-0.012087449,0.4457068,-0.34063533,0.3366061,-0.12257844,-0.008970816,-0.015183171,-0.19412822,0.09017301,0.13217594
0.06792296,0.415523,-0.3065508,0.38006556,-0.07729179,0.0015389174,0.04329849,-0.1719274,0.1388979,0.15641946
0.0335287,0.34349182,-0.3214081,0.30887017,-0.061809566,-0.08335741,0.04093615,-0.1630255,0.15824395,0.10929495
-0.024828289,0.32567623,-0.28300425,0.26290143,-0.010648292,-0.050226554,-0.00224041,-0.21537566,0.03736316,0.17723207
0.013591686,0.48944446,-0.26158196,0.17801243,0.13128003,-0.1288089,-0.046270348,-0.14811353,0.09382888,0.23024902
0.09497581,0.48308712,-0.26691625,0.12731022,0.11922236,0.0007051453,0.0033280868,-0.3443645,-0.04249485,0.21068391
-0.02035702,0.42989025,-0.33524704,0.207377,0.24797395,-0.14466812,-0.16543113,-0.24945825,0.12784536,0.037200995
-0.0010554753,0.36833695,-0.22530107,0.26600346,0.11863178,-0.12755749,-0.14124684,-0.16189973,0.18326806,0.20669658
-0.039910637,0.3914425,-0.20089397,0.086749636,0.14910565,-0.22282273,-0.0045891125,-0.07304059,0.19156015,0.18403924
0.0049625356,0.39688894,-0.28972933,0.32340193,0.17650083,-0.017822322,-0.0657569,-0.23239055,0.2009455,0.20575628
0.015415793,0.33815223,-0.2649049,0.21169762,0.34340358,-0.11952078,-0.07859868,-0.2204726,0.27851728,0.31358552
-0.015498455,0.37827265,-0.32986343,0.41918,0.16573477,-0.1083172,-0.04913272,-0.26007473,0.20527028,0.14583784
-0.03899009,0.44876602,-0.32052177,0.3185215,0.26104635,-0.29535967,-0.07325235,-0.2148237,0.15154174,0.20446265
-0.008956314,0.44441816,-0.28330505,0.5967852,0.116649464,-0.11225548,0.03014374,-0.1908838,0.20973188,0.10110319
0.077507116,0.46785486,-0.332488,0.31793764,-0.006282028,-0.16370004,-0.070557155,-0.18373421,0.1530507,0.15883262
0.027284084,0.28168058,-0.32533792,0.4423557,-0.06340736,-0.2439545,0.021877056,-0.14580658,0.36312833,0.12613255
0.08746513,0.40547287,-0.35740897,0.53309613,-0.018335085,-0.4479302,-0.0029917564,-0.20999101,0.20403297,0.14091001
0.01940138,0.32819524,-0.34101304,0.43414333,0.08678385,-0.28515822,0.038184725,-0.08822763,0.2585506,0.22123577
0.3385429,0.22975346,-0.4530428,0.27699843,0.043327447,-0.17422055,0.15295659,-0.15423335,0.31818563,0.29883394
0.0141881555,0.5276231,-0.41771045,0.3070122,0.123687536,-0.09954371,0.098003775,-0.17555073,0.29130843,0.3773527
-0.028951252,0.30261853,-0.40360913,0.1289284,0.20124263,-0.014164045,0.18296117,-0.13708895,0.19534816,0.37686554
0.11481743,0.3871015,-0.44544193,0.23563157,0.28152725,-0.016905826,0.010213735,-0.21550679,0.20999192,0.21388839
-0.04342915,0.40323362,-0.46102324,0.07386686,0.13425241,-0.12035105,-0.051749952,-0.23453206,0.123306446,0.062581316
-0.08582781,0.4420501,-0.4423395,0.32849103,0.13906673,-0.18842414,-0.111678794,-0.2222614,0.15191717,0.14359781
-0.053742833,0.37814996,-0.30721638,0.13306957,0.12321146,-0.37771988,-0.070511,-0.2068207,0.2964839,0.16001777
-0.04511652,0.4759538,-0.3563877,0.115075506,-0.0060672723,-0.026206557,-0.10088569,-0.25103012,0.23129635,0.17560022
-0.024897752,0.29848653,-0.28691876,0.35031092,0.10505246,-0.08410396,-0.11321239,-0.17270903,0.2936456,0.23455968
0.010642143,0.36808544,-0.27969727,0.26880944,0.1489808,-0.01670903,-0.078770414,-0.22164372,0.21755454,0.12637867
-0.020980507,0.35136572,-0.23355366,0.08964689,0.048322696,0.066423774,-0.10030795,-0.18340164,0.23905021,0.21147604
-0.048228502,0.43600792,-0.31516752,0.46105266,0.21968643,-0.032474156,-0.048388995,-0.09664962,0.19454479,0.1473508
0.0014668871,0.29213247,-0.3021237,0.2889825,0.0033752024,-0.1517791,-0.097396985,-0.19939208,0.120229356,0.1544713
0.0524927,0.46696177,-0.23628668,0.22770861,0.1893426,-0.107259594,-0.015048688,-0.16481358,0.14066148,0.1964348
0.123451404,0.5441405,-0.2682853,0.15639421,0.056539103,-0.23375387,-0.10302302,-0.21405518,0.20982462,0.20315066
0.08537845,0.44929683,-0.14833656,0.36648503,0.18909988,-0.22070268,-0.05910697,-0.17992298,0.28861958,0.17131539
0.19448128,0.4372528,-0.115064636,0.577029,0.15260139,-0.14913675,-0.20147248,-0.2247549,0.119236685,0.21203382
0.02044901,0.39752102,-0.25486842,0.4449459,0.21587342,-0.11722474,-0.0201942,-0.1668762,0.25882208,0.3593962
0.004054932,0.57410157,-0.27559775,0.2504722,0.13735923,0.14844619,-0.063430734,-0.24696729,0.10193541,0.14720841
-0.036524273,0.48780647,-0.28313935,0.3973554,0.2708752,-0.041337196,0.0022190418,-0.2534196,0.114311434,0.19884439
-0.04416968,0.44739783,-0.29844692,0.33607543,0.27346262,-0.26143363,-0.059385628,-0.28784004,0.0785823,0.047642484
0.12343661,0.4453293,-0.23721893,0.33407375,0.18179229,-0.34034485,-0.048147783,-0.14425649,0.14576162,0.1432649
0.13180809,0.3021993,-0.2556978,0.29646945,0.113126546,-0.37201014,0.00491667,-0.18597186,0.08624455,0.2633966
0.10791504,0.41624212,-0.278058,0.24573931,0.06467901,-0.23199566,-0.05616299,-0.13404772,0.2607527,0.24809442
0.072446056,0.19248739,-0.29809675,0.32775795,0.10155514,-0.06545444,0.012293285,-0.09945816,0.29089984,0.2557215
0.03176374,0.20807663,-0.31504807,0.21269548,0.22819273,-0.09136054,-0.0038369317,-0.083489895,0.21218388,0.3024921
0.34256878,0.2291069,-0.30910882,0.30043358,0.10390644,0.04713726,0.026599808,-0.14318673,0.26312432,0.43444267
-0.025304165,0.320154,-0.21361895,0.12052919,0.14410181,-0.07440804,-0.060622215,-0.089513436,0.2047372,0.30446342
0.1086567,0.17559117,-0.3091736,0.12364958,0.22687075,0.09870143,-0.018434694,-0.0098183565,0.14550346,0.22161144
0.26132903,0.24450745,-0.26857546,0.14921425,0.16952014,0.09776168,0.0042438377,-0.07398406,0.05929387,0.07672328
-0.053125925,0.20149483,-0.2919541,0.18552612,0.20308517,0.14926316,-0.04967902,-0.01941349,0.003206167,0.15108244
-0.04655747,0.21867165,-0.2990936,0.092805415,0.088583544,-0.0413698,-0.065480456,-0.04570892,-0.03437685,-0.029996132
-0.06787518,0.15810966,-0.27057466,0.21945857,0.17960614,0.07688366,-0.13812535,-0.08253792,0.047366112,0.04685633
-0.033117548,0.20408069,-0.2949801,0.17292808,0.10045029,-0.024382718,-0.044566482,-0.13696218,0.14298184,0.15923548
-0.045023926,0.1894383,-0.26212186,0.29943156,0.11121121,0.043586407,-0.02841716,-0.09294425,0.13716607,0.057465218
-0.035951674,0.19870484,-0.23617564,0.03456697,0.054976434,-0.0136876255,0.025228994,-0.16537867,0.18468675,0.07688161
-0.0035444284,0.23145899,-0.3117461,0.034490548,-0.08031097,0.04125621,-0.07539559,-0.078636825,0.14625156,0.10336598
0.022417365,0.39957353,-0.28131953,-0.022688389,0.24608693,0.13094877,-0.13432495,-0.17560105,0.08148241,0.21306477
-0.04837092,0.30297074,-0.28358498,0.14211582,0.11760165,0.13038433,-0.14668359,-0.19401029,-0.0009637275,0.07815663
-0.040405802,0.3288355,-0.3277784,0.21559949,0.16327542,0.006252624,-0.16491373,-0.3385218,-0.08965599,0.046692155
0.10124267,0.3379912,-0.29698658,0.09768446,0.081395306,0.09473204,-0.11826049,-0.18619685,-0.06902542,0.036410615
0.06477647,0.39556623,-0.26364318,0.12004791,0.14654139,-0.010640627,-0.05568973,-0.04625104,-0.00874209,0.03496067
-0.06723746,0.5217609,-0.26703858,0.39997947,0.1343039,-0.049286615,-0.07115937,-0.025558267,-0.029682843,0.09623928
0.036662467,0.28813747,-0.32358396,0.28736696,0.12860213,-0.038230203,-0.03732291,-0.08933069,0.024627315,0.05857345
-0.048253782,0.42803037,-0.25227383,0.30974615,0.04497185,-0.07421158,0.072661296,-0.19584551,0.08704349,0.07794078
-0.044019535,0.4262684,-0.29433313,0.26944506,0.05477909,0.0142402835,-0.003587978,-0.16255587,0.020211454,0.029754223
-0.03336847,0.54714924,-0.28179348,0.2538165,0.11871308,-0.13249427,0.12053992,-0.19328395,0.19634412,0.13179655
-0.029357705,0.48071894,-0.35165408,0.57607424,0.19562845,-0.20345283,-0.03837453,-0.08557139,0.104330786,0.070512734
0.013703899,0.52753395,-0.43262383,0.37601984,0.114497796,-0.23583539,0.026155805,-0.16846146,0.2898103,0.2763605
0.15414247,0.47487184,-0.33810142,0.6008054,0.18595345,-0.18899056,-0.016791461,-0.30525956,0.309137,0.25035468
0.1175457,0.5201412,-0.417536,0.6551819,0.18894565,-0.23434544,0.035555735,-0.16974026,0.32290438,0.28022462
0.039497957,0.41995198,-0.35813925,0.53415763,0.2266589,-0.18081993,0.15168273,-0.23878014,0.31727698,0.34257087
-0.00921067,0.43812802,-0.52323616,0.74347055,0.10869152,-0.15205866,0.0834927,-0.21602398,0.16910262,0.1431899
0.06379562,0.5389027,-0.39007115,0.19987783,0.13375556,-0.39477667,0.17126742,-0.22133794,0.239019,0.2774827
0.020548386,0.4981319,-0.52385175,0.30859256,0.12523341,-0.36273658,-0.0035313424,-0.17281826,0.1315376,0.18981388
0.00607715,0.44034058,-0.49360746,0.4023428,0.18870474,-0.5197556,0.11183846,-0.21470445,0.18908735,0.38020667
0.020926492,0.51603866,-0.5369015,0.45338959,0.1721129,-0.21485198,-0.009376116,-0.23827916,0.26341224,0.37205398
0.0038327985,0.49082777,-0.48104647,0.54544365,0.15252295,-0.13623033,0.03582885,-0.17501257,0.3231504,0.46386728
0.49536693,0.53004235,-0.48620552,0.44641286,0.24304447,-0.33646905,-0.0049807634,-0.15764484,0.26903945,0.5033938
0.14134605,0.50570625,-0.5196386,0.4015337,0.19484505,-0.2874367,0.09059632,-0.22228175,0.16963317,0.38094592
0.3754229,0.45456603,-0.39370435,0.35122642,0.19708738,-0.30689442,0.06339339,-0.34261495,0.1851744,0.536467
0.4062796,0.5124642,-0.33768067,0.313958,0.2773364,-0.19737594,0.1280907,-0.2119819,0.3562658,0.42962357
0.374513,0.49605533,-0.38142392,0.3001626,0.32807472,-0.3956762,0.047367364,-0.33178574,0.18098919,0.59938717
0.15149389,0.4488324,-0.4239567,0.64435136,0.24246873,-0.19627643,0.059133366,-0.304603,0.2581506,0.4295633
0.1487872,0.4801806,-0.3093125,0.31200665,0.29994035,-0.2799999,0.025627663,-0.24558091,0.2765574,0.3475667
0.017370833,0.415037,-0.34477305,0.29510212,0.28183633,-0.13878292,0.0044551995,-0.24473515,0.22013952,0.30206975
0.05980271,0.45917314,-0.3272282,0.46725622,0.5736392,0.020226266,0.034816712,-0.32665867,0.26989803,0.12790123
-0.009419033,0.5001726,-0.3547399,0.3787601,0.13966414,-0.06896457,-0.02630351,-0.35559186,0.13657562,0.45626494
0.027865944,0.49044913,-0.30222788,0.113060534,0.42618755,0.0024489947,-0.07506809,-0.25300384,0.15669681,0.16909377
0.11258968,0.5052769,-0.34256348,0.23610024,0.3909684,-0.10215446,-0.022951184,-0.52742684,0.112392776,0.35292196
-0.0017933156,0.5056483,-0.28847054,0.38172713,0.23030238,0.045101248,-0.008624533,-0.346969,0.111237474,0.21084213
0.08947568,0.4411022,-0.38651124,0.30666998,0.20302325,0.018829972,-0.012590533,-0.40200722,0.12665524,0.20514375
-0.018128153,0.5024079,-0.32561758,0.28637052,0.23357415,-0.07655183,-0.049307734,-0.4963155,0.094274215,0.12781711
0.09692567,0.66919076,-0.29650182,0.32710552,0.2952967,-0.07966494,-0.05513592,-0.40495732,0.06288255,0.15244998
0.10956452,0.80623925,-0.26980942,0.22881582,0.11937279,-0.010731069,-0.07053009,-0.4155044,0.1988561,0.18795983
0.083906345,0.78013855,-0.28224355,0.4330873,0.2244158,-0.15467471,-0.04283212,-0.37761965,0.08345726,0.23802751
0.062120587,0.6777928,-0.3198636,0.48171616,0.2065127,-0.27410865,-0.036886834,-0.4885364,0.12083503,0.27097398
0.35544735,0.78188264,-0.3365126,0.46963078,0.26774412,-0.47247797,0.008615198,-0.5892694,0.2162243,0.22817492
0.35219514,0.6271659,-0.28807175,0.8414928,0.17801388,-0.542946,-0.03008932,-0.54445785,0.1557606,0.35703093
0.3577351,0.9076321,-0.3313504,0.8372437,0.28422737,-0.45440096,0.18164112,-0.5499339,0.21385856,0.29989296
0.78778756,0.5439263,-0.39885482,0.9285356,0.22125193,-0.7090682,0.39714015,-0.7126155,0.37956253,0.45967263
0.80756104,0.8984233,-0.3856326,0.9537878,0.22760786,-0.54589564,0.3557239,-0.4351599,0.3710182,0.4170189
0.4730158,0.9620137,-0.42114356,0.89566076,0.23817788,-0.689886,0.31623638,-0.49442866,0.324178,0.42685097
0.7503666,0.50763047,-0.49182826,0.58968544,0.4558665,-0.793167,0.25903845,-0.7323439,0.34444395,0.39948618
0.9223207,0.6885107,-0.52174413,0.76894534,0.40074533,-0.78165907,0.32334352,-0.6865613,0.45699304,0.6468396
0.88348466,0.5111631,-0.7345525,0.7446188,0.562067,-0.3878642,0.46142292,-0.371937,0.34454432,0.6033482
0.9899396,0.5321142,-0.69978166,0.7085198,0.529103,-0.74598545,0.28401637,-0.29317886,0.3514438,0.31521672
0.62869585,0.5147988,-0.55993474,0.7488136,0.36431098,-0.50438297,0.26629066,-0.32125956,0.30419955,0.7857015
0.6165026,0.57763785,-0.6294143,0.50098825,0.43321955,-0.33134925,0.26910752,-0.27487397,0.41331512,0.5463814
0.14563811,0.5073544,-0.5843368,0.8740934,0.34816393,-0.47680822,0.14098433,-0.22754824,0.39375448,0.5389456
0.39739168,0.47255537,-0.5601199,0.8088622,0.38048664,-0.26510897,0.12848116,-0.3992349,0.42401892,0.7056833
0.21725999,0.6981275,-0.53399026,0.41903728,0.51963997,-0.093403086,0.07669856,-0.3382481,0.40839553,0.5583591
0.15437256,0.6256985,-0.5927141,0.6785413,0.50423765,-0.14857593,0.04236284,-0.32989475,0.1736971,0.30430666
0.4489331,0.6841405,-0.4147018,0.6676737,0.5920653,-0.32670245,0.08374676,-0.30571666,0.15549597,0.19843349
0.3525542,0.6081601,-0.41642252,0.8126992,0.45236793,-0.44886217,0.16589792,-0.30679175,0.27740586,0.18903846
0.45016575,0.6655571,-0.3611962,0.49723536,0.15821503,-0.24259996,0.13534118,-0.37461758,0.29540148,0.25897393
0.4911605,0.5131348,-0.5034045,0.59049207,0.19421491,-0.30109388,0.08706419,-0.41144967,0.33812574,0.34999853
0.525409,0.5327861,-0.49467537,0.8523234,0.3492696,-0.18641976,0.07843937,-0.35384983,0.23742215,0.3920908
0.47211042,0.474598,-0.53439105,0.59832895,0.2552374,-0.114590704,0.26149154,-0.30987453,0.30826864,0.3796979
0.71706426,0.4520854,-0.79101133,0.6924733,0.48409286,-0.24919263,0.21227789,-0.34003752,0.34062463,0.36793515
0.41429636,0.49746558,-0.67866004,0.56370574,0.559314,-0.18677069,0.36538607,-0.3190914,0.19814284,0.20523186
0.36263108,0.50953853,-0.59964293,0.77409315,0.14096946,-0.32480687,0.28812128,-0.26854607,0.3581706,0.30685323
0.7403807,0.48917732,-0.7814852,0.45089778,0.17579484,-0.024424545,0.18153355,-0.22921035,0.33440542,0.19909
0.49679852,0.5056206,-0.6741089,0.70192504,0.12620373,-0.36814263,0.28283718,-0.41668233,0.18661828,0.14329688
0.44180715,0.47557664,-0.6218657,0.38351032,0.2225743,-0.020505182,0.011349438,-0.25099143,0.08425373,0.16742936
0.57266176,0.43364388,-0.63425744,0.4251682,0.12317077,-0.04017815,0.27651504,-0.24416682,0.11960345,0.08195586
0.1709144,0.431168,-0.6186446,0.18586065,0.1747707,-0.107850745,0.094928935,-0.16204998,0.06874592,0.20917694
0.2523899,0.48763806,-0.70557797,0.6167582,0.11736405,-0.16847894,0.06570748,-0.22680768,0.1058514,0.1312747
0.16336997,0.37771192,-0.50920576,0.34625328,0.1290633,0.045708787,-0.0071635004,-0.1839238,0.1308218,0.18774328
0.14913093,0.44642344,-0.5493328,0.43481147,0.13166884,-0.18680356,0.052727804,-0.2277281,0.03918272,0.1229405
0.26054934,0.58439606,-0.45154616,0.2465038,0.12712654,-0.16148637,-0.06602856,-0.346558,0.30097312,0.31529447
0.11383433,0.4013884,-0.3778438,0.6009109,0.17818992,-0.3299086,-0.0052271876,-0.24035147,0.13242723,0.26091567
0.123343386,0.51464456,-0.36774454,0.2905319,0.25682244,-0.2936713,0.033442236,-0.23695403,0.173503,0.4324339
0.2227148,0.49218678,-0.3281041,0.28580368,0.25047338,-0.10271546,0.02735929,-0.323729,0.20150447,0.3628573
0.015204219,0.34762803,-0.38154134,0.3396439,0.30226138,-0.38076785,0.0070289355,-0.18851218,0.094324,0.43069518
0.06364091,0.4171406,-0.41989854,0.48591223,0.5136707,-0.12428854,0.05841235,-0.24453256,0.207107,0.3332171
0.114880584,0.3740153,-0.37527487,0.4811177,0.5624609,-0.15026976,0.07433226,-0.21409559,0.06794844,0.27662173
0.38378617,0.40324566,-0.41599616,0.4397855,0.22717574,-0.19611874,0.03687557,-0.19598761,0.27813974,0.30780852
0.1234198,0.22528736,-0.3964093,0.3746544,0.33396956,-0.27101347,0.05517356,-0.14403194,0.06759412,0.3087646
0.0057263654,0.118628785,-0.4175317,0.2939936,0.28069347,-0.15323293,-0.061424732,-0.25467852,0.26343703,0.28129122
0.10031954,0.3306986,-0.34357914,0.25816762,0.35627207,-0.06778718,0.034385063,-0.08711675,0.18988116,0.44436815
-0.03200009,0.3074805,-0.36039105,0.19491658,0.3745952,-0.022660676,-0.07592309,-0.008903589,0.11392405,0.33513206
0.012525069,0.22122109,-0.28755084,0.18882148,0.47679454,0.056826577,-0.0756528,-0.004179444,0.07322457,0.4356049
-0.10674224,0.10853735,-0.3244615,0.0076256394,0.43055853,-0.29645434,-0.07101335,-0.048464123,0.054163173,0.3788263
-0.12458901,0.16556734,-0.35264185,0.080865845,0.30087745,-0.011183266,-0.09384596,-0.028017882,0.13995469,0.20148374
-0.1360019,0.124255836,-0.29731217,0.19202468,0.16658689,0.111728996,-0.13796243,-0.04384459,0.11537632,0.34500775
0.0029795393,0.38876063,-0.33186495,0.29954582,0.2719301,0.1851592,-0.11309628,-0.1454013,0.11612984,0.29539675
-0.039428614,0.29842356,-0.25446597,0.08458451,0.25505126,0.21637344,-0.07324263,-0.079601675,0.09556713,0.104598984
-0.043214746,0.36911395,-0.3207376,0.16101068,0.23088522,0.1675011,-0.07355534,-0.20270753,-0.09483116,0.19107378
-0.037618373,0.4674008,-0.35106525,0.13723668,0.03867305,0.07183337,-0.11037283,-0.21171176,-0.12467594,0.07693781
0.014473321,0.5039233,-0.37124774,0.3276341,0.11749241,0.030666795,-0.13632585,-0.16458751,-0.013333501,0.056917466
-0.014854883,0.48384956,-0.26692528,0.4139818,-0.005514931,-0.11866381,-0.049061447,-0.37140396,-0.028343944,-0.062373273
0.029103206,0.49319175,-0.2347989,0.52617395,0.053491164,-0.24181318,-0.023147656,-0.36478123,-0.026114618,0.11706649
0.06096573,0.4502254,-0.22175236,0.27704638,-0.087147504,-0.047839437,-0.02036565,-0.48577943,0.056119706,0.23949899
0.09126763,0.5015647,-0.25020185,0.12181243,0.11588785,-0.19829819,-0.050321087,-0.19201246,0.07307873,0.1348372
-0.03424719,0.518616,-0.26797715,0.29508144,0.09337233,-0.11058737,-0.042910136,-0.32591,0.19539215,0.20440845
-0.075869046,0.49853927,-0.27162617,0.5056616,0.12568712,-0.16098431,-0.12966481,-0.38760784,0.09924101,0.3686339
0.116514586,0.6315156,-0.23729736,0.700297,0.20071845,-0.3298262,-0.0521831,-0.22613877,0.17533289,0.43526047
0.07702235,0.48854756,-0.20102902,0.7318064,0.26425385,-0.26049227,0.15741621,-0.21157676,0.063467,0.4196859
0.006841248,0.5513479,-0.2452314,0.50922644,0.2156653,-0.23070498,0.15784477,-0.21541783,0.13308802,0.29677144
0.19849709,0.42178792,-0.33848065,0.5235296,0.31568357,-0.27837703,0.15224823,-0.16728576,0.18661307,0.29038066
0.091414064,0.42497972,-0.41489795,0.32753322,0.42130512,-0.22928964,0.295725,-0.26407388,0.071721174,0.24382599
-0.0074878763,0.55094737,-0.4979014,0.28923205,0.3304185,-0.2536125,0.026761645,-0.15630668,0.18151681,0.19040214
-0.04532858,0.44873214,-0.3323613,0.24606547,0.16070585,-0.19092473,0.02335755,-0.18758361,0.20842636,0.34934595
-0.016173538,0.53594863,-0.37355575,0.45025456,0.1982747,-0.287947,-0.062282085,-0.2957309,0.10192835,0.32885352
0.02838148,0.4714041,-0.29499444,0.5856414,0.12075819,-0.24814996,0.050672702,-0.20601904,0.20702681,0.4591214
0.051017694,0.4413973,-0.27303138,0.5511565,0.20036033,-0.16203873,-0.054987922,-0.16346556,0.17902942,0.43232444
0.06476939,0.35255092,-0.30240417,0.28086913,0.3618714,-0.25366902,0.0895911,-0.06339981,0.1786933,0.35757512
0.10107911,0.36249292,-0.3445774,0.24179636,0.19596626,-0.1296194,-0.0008326527,-0.17175615,0.20633689,0.28471106
-0.032151185,0.43402016,-0.42944112,0.3662205,0.27721354,-0.022816986,-0.04409416,-0.085795864,0.19695517,0.3266859
0.082712404,0.34877807,-0.31720772,0.26976347,0.11242573,-0.16322818,-0.036143042,-0.09758116,0.28362542,0.33911288
0.24225645,0.22890899,-0.32564977,0.41005445,0.24062191,0.00911041,-0.014881549,-0.05615999,0.11729346,0.4505272
0.11560815,0.20994183,-0.32147673,0.23938866,0.21658297,-0.07260553,0.010368923,-0.18193746,0.09931366,0.36130962
0.09710779,0.4272557,-0.4524511,0.10920502,0.4207198,0.11937335,0.056689337,-0.2242539,0.19403884,0.31000927
-0.013802161,0.40955746,-0.3433674,0.3005566,0.4120909,0.18350303,-0.059643127,-0.17113982,0.10684444,0.20223887
-0.037665375,0.43007267,-0.35204354,0.39556527,0.20569338,0.08184046,0.00894201,-0.23853683,0.010535553,0.13982259
-0.015690237,0.42281857,-0.36763492,0.51811814,0.14122216,-0.047174085,-0.033339366,-0.19193512,0.026702056,0.060758896
-0.032496106,0.31162983,-0.36970815,0.28311664,0.1247285,0.051553406,0.113627695,-0.24125648,0.1821443,0.05394487
0.10901693,0.3457994,-0.3876737,0.3644078,0.07705141,-0.11324021,0.06717549,-0.08872867,-0.04613757,0.07359557
0.096188165,0.27584392,-0.45213076,0.28105286,0.10758582,-0.2089382,0.07289561,-0.19074427,0.028127333,-0.061936066
0.095466666,0.24801485,-0.5421976,0.36716494,-0.032963227,-0.085315995,-0.042187467,-0.17849833,0.0803124,0.20433562
0.012979232,0.22255784,-0.40331915,0.26317805,0.08968949,-0.06183426,-0.05421844,-0.18088748,0.039192665,0.16743788
0.005939435,0.2818982,-0.365442,0.11379239,-0.086162984,-0.120429784,-0.007865446,-0.1836045,0.12671357,0.20406346
-0.06925573,0.4773582,-0.3034385,0.25742638,0.0031164289,-0.15035294,-0.07401565,-0.010249633,0.037120666,0.2104556
-0.04060196,0.18139671,-0.25401822,0.2640942,0.12442137,-0.048039604,-0.053750098,-0.10496883,0.06639008,0.20714664
-0.059844688,0.13626374,-0.17624971,0.14016291,0.042197272,-0.03668057,-0.14130609,-0.082577065,0.036678873,0.17882018
-0.00640704,0.34635353,-0.22461095,0.16823396,-0.017448928,0.010515019,-0.13162838,-0.0666755,0.17823167,0.27112123
-0.084713764,0.3781056,-0.22808559,0.30414218,0.2109184,0.0029875282,-0.088520676,-0.047933128,0.12067529,0.20898856
0.004374994,0.270054,-0.28214923,0.27731168,0.18932578,-0.0785143,-0.074857764,-0.12441379,0.12058417,0.12137023
0.0667542,0.29300696,-0.2905887,0.22022909,0.20188327,0.16700526,-0.0782359,-0.07301739,0.12499537,0.23994671
0.08620152,0.3594482,-0.26775426,0.062016465,0.12570776,-0.045935504,-0.040269725,-0.124411,0.10009122,0.07332146
0.0010328088,0.2830115,-0.28864247,0.094198525,0.14350717,0.01193824,0.010141121,-0.008901123,0.010417303,0.19124807
-0.05518359,0.035762735,-0.37524086,0.16726252,0.26847643,0.044248506,-0.12789619,-0.18442822,0.08056898,0.0534201
-0.034366727,0.26792794,-0.28250074,0.1074061,0.18498223,0.0878647,-0.06439927,-0.08414248,-0.008250074,0.1567081
-0.07388279,0.16023368,-0.31822044,-0.014389828,0.10671459,0.045591526,-0.07362902,-0.0010077916,0.0719882,0.20155767
-0.082272105,0.18873951,-0.31572357,0.13039786,0.21377951,-0.08431606,-0.07606708,-0.06847559,-0.08043361,0.1580791
-0.05404046,0.22803965,-0.27358127,-0.004375361,0.29291376,0.10449319,-0.17831673,-0.08238588,-0.033927303,0.19490622
0.002590496,0.118542954,-0.3029157,0.28871232,0.19595718,0.04593311,-0.19168307,-0.027062643,-0.02035884,0.115735106
-0.013705992,0.22179925,-0.2408553,0.065964386,0.10384759,0.14941776,-0.18352051,-0.04870211,-0.092115946,0.22092879
-0.04544466,0.123626806,-0.2138858,0.12951408,0.12997018,0.038761444,-0.15686005,-0.052930076,-0.08040466,0.13151021
-0.005859351,0.2897637,-0.31135896,0.124289885,0.067320764,-0.09082064,-0.09565779,0.004609894,-0.032064695,0.08625521
-0.13526349,0.16840559,-0.2100305,0.11323887,-0.01531839,-0.13557598,-0.062969,-0.015173811,-0.0063679297,0.13956924
-0.11832395,0.10190624,-0.052885585,0.114996806,0.10583836,0.027545087,-0.16423135,-0.008501019,-0.0081223585,0.25201884
-0.035089616,0.08735249,-0.20943926,0.085621014,0.12011127,0.049692318,-0.0074542817,-0.12532674,0.11352855,0.37526605
-0.050383955,0.034687303,-0.25982025,0.080746725,0.15001161,0.13606082,-0.11854209,-0.010460358,0.13191865,0.050351813
-0.07326047,-0.061531216,-0.34046713,0.09336667,0.12032807,0.085067965,-0.0682422,-0.050095025,0.028942222,0.382989
0.014666924,0.058874212,-0.2146921,0.05824544,0.20207724,0.30254704,-0.10242431,0.04078929,0.15745163,0.09794234
-0.0066773854,0.20639358,-0.19333121,-0.035749137,0.2256798,0.12437235,-0.04460123,-0.13687855,0.018320158,0.21974896
0.04574485,0.2346629,-0.256246,0.052317448,0.23301418,0.29004115,-0.18239184,-0.024209764,-0.07085795,0.09242542
-0.099215396,0.31983346,-0.2380249,0.027325094,0.000655096,0.108030364,-0.14322853,-0.05702931,-0.10916034,0.04657152
-0.04652306,0.14090109,-0.2113373,0.05465946,0.13231194,0.2899459,-0.1475864,-0.010620896,-0.11696612,0.008903455
-0.09567672,0.13573834,-0.20195518,0.091396056,0.13002066,0.16937374,-0.047992587,-0.12103574,-0.02977299,0.03197043
-0.20433992,0.17980565,-0.2918073,0.078103974,0.09688605,0.25294608,-0.18890439,0.028137997,-0.030449232,-0.004288904
-0.047650307,0.21350081,-0.15984415,0.09059933,0.074873894,0.11020443,-0.12745343,-0.07406753,-0.12608947,-0.015825666
-0.12641577,0.10114336,-0.16869316,0.08129427,0.016570937,0.054363042,-0.07242817,-0.0007450171,-0.018221108,0.10365653
-0.13855128,0.29701754,-0.15525335,0.29379404,0.028665423,0.1913608,-0.008413279,-0.022646185,-0.019412594,0.0651898
-0.10852585,0.009933726,-0.30730635,0.30023795,0.02661826,0.09480861,-0.0012175273,0.022132892,-0.017471561,0.14095013
-0.09364191,0.015294043,-0.21723525,0.13983552,-0.03835695,0.07730927,-0.013112305,0.012944404,-0.12038437,0.06900135
-0.043471687,-0.030842943,-0.38007578,0.06602935,0.034232143,0.14300025,-0.007455604,0.088624075,-0.08733071,0.04554259
-0.13987976,0.010527933,-0.2996015,-0.084196776,0.06893222,0.090559036,-0.12003775,0.041261915,-0.055081423,0.01862815
-0.15190867,-0.06232333,-0.30697042,-0.037293196,0.10361433,0.18402317,-0.07304077,0.07579238,-0.02896188,-0.12154525
-0.15922152,0.08266972,-0.24858822,-0.08163959,-0.038569424,0.3232415,-0.14926934,0.011501316,0.08686793,0.004176322
-0.12576176,-0.06518958,-0.34809163,-0.2033549,-0.06922588,0.24573654,-0.16294666,0.059452493,-0.07376227,-0.075934105
-0.18352903,-0.034027837,-0.28521994,-0.05872619,-0.09006895,0.27742574,-0.20663467,0.06346765,0.011458881,-0.0441354
-0.10570458,-0.025923537,-0.3053312,-0.04390958,-0.05645896,0.23919648,-0.15613268,0.17424855,-0.07671649,-0.12217116
-0.16995259,-0.101661555,-0.3044051,-0.084507525,-0.09439929,0.24252245,-0.1753387,0.08611112,0.014892068,-0.15110509
-0.116904736,-0.022127492,-0.21063355,0.08471081,-0.13639705,0.1883655,-0.18996374,0.15858525,0.102252945,0.017941175
-0.20182237,0.024278834,-0.19177,0.08833666,-0.14220797,0.309413,-0.073535636,0.113014266,-0.04280043,0.0020964644
-0.06593088,-0.19618338,-0.28834563,0.0011893213,0.020836692,0.118813306,-0.18396822,0.13897826,0.020321602,-0.07551102
-0.13902058,-0.017263556,-0.12655427,-0.09857857,-0.040756624,0.26584163,-0.1553496,0.04354093,-0.020806314,0.10009178
-0.079642944,-0.011437867,-0.21080299,-0.066336244,-0.092068,0.24877724,-0.19401094,0.03615029,-0.033835728,-0.0137642715
-0.049914278,0.024944738,-0.16061965,-0.23595998,0.053237654,0.059036493,-0.1785813,0.09836581,-0.14545317,-0.11119135
-0.17286623,-0.08843755,-0.11664796,-0.15512988,-0.12766856,0.19342333,-0.19264694,0.06789105,0.029638259,0.15070705
-0.21604295,0.021142721,-0.19480567,-0.19597864,-0.05615407,-0.03696891,-0.2961617,0.07273972,0.043995205,0.05465281
-0.2645817,0.099988885,-0.05463235,-0.14840701,0.017346308,0.21987653,-0.24616338,0.0061367042,0.09303463,-0.07244778
-0.19092503,-0.0974841,0.11224811,-0.0021537542,0.12637277,0.12382299,-0.16121612,0.0051954724,0.047917992,0.1103528
-0.15940861,0.07629114,-0.026067724,-0.06337421,0.15219715,0.105577886,-0.23377,0.0037125982,-0.0071187527,0.033621415
-0.14708836,-0.072367646,-0.06979171,-0.06618178,0.13101672,0.12867473,-0.17716715,0.0059162043,0.01322042,0.08417877
-0.13902096,0.0708569,-0.1901519,-0.29058436,0.18725754,0.16145438,-0.21772775,-0.008456986,0.0019941586,-0.013715083
-0.13638589,0.027719945,-0.23214021,-0.09658499,0.1195249,0.344719,-0.15776591,-0.0059507973,-0.018242393,0.14986284
-0.18229428,-0.07124024,-0.24686795,-0.11658478,0.10341233,0.2744286,-0.3871992,0.041388888,-0.14008221,-0.021642594
-0.24267569,-0.0017758328,-0.22873153,-0.11859086,0.10230878,0.3618215,-0.22793235,0.07506448,-0.11268944,-0.01439991
-0.19759576,0.009417208,-0.03079334,-0.14076914,0.11985879,0.27693534,-0.2988686,0.033419054,-0.12981477,-0.055371493
-0.2650673,0.009971181,-0.13603175,-0.13467224,0.1306205,0.27180964,-0.4333048,0.004433226,-0.13368674,-0.034050614
-0.30572855,-0.12084365,-0.097683564,-0.18706557,0.072785035,0.23062292,-0.400326,0.00014484674,-0.1073335,-0.14493415
-0.32201898,0.004164301,0.083206594,-0.26162097,-0.09003252,0.3535604,-0.48209804,0.01941657,-0.103223406,-0.024457669
-0.32253206,-0.006127512,0.10151796,-0.20127746,0.057192206,0.3363314,-0.20388332,0.08631101,-0.08536376,-0.12621565
-0.29773742,0.013876311,-0.017408943,-0.108395636,-0.076491505,0.23959091,-0.44890133,0.077632196,-0.14386013,-0.18724988
-0.18697308,-0.014033439,0.091897175,-0.18617961,-0.16364059,0.21594156,-0.26859,-0.009677473,-0.037324857,-0.11738126
-0.18519627,0.010703975,0.11101058,-0.19378075,-0.15222344,0.1946218,-0.30834743,0.0011780821,-0.11084996,-0.07488208
-0.19613324,0.012519714,0.09647764,-0.014648706,-0.17629866,0.3183005,-0.4424051,0.10459633,0.035556283,0.058516078
-0.18695062,-0.087575786,-0.023161681,0.008768603,-0.09216434,0.18658209,-0.3207952,0.08587417,-0.13623226,-0.052379824
-0.07630746,-0.4092861,0.060973316,-0.1400902,-0.021354016,0.33759284,-0.21634342,0.10685156,-0.014975144,0.09982131
-0.06722481,-0.074912556,-0.0019269194,-0.2805865,0.043476757,0.43339074,-0.19478495,0.094159916,-0.12495357,-0.14848125
-0.18989976,-0.053453945,-0.040235482,-0.3303712,0.0017378218,0.47789085,-0.1567923,0.20860033,-0.123983085,0.058827225
-0.15171455,-0.1769318,-0.14131516,-0.2453737,0.017872278,0.5029753,-0.1675431,0.052396014,-0.13837832,-0.28457063
-0.13840228,-0.26130775,-0.057123885,-0.27784288,-0.00071699545,0.45518324,-0.09816484,0.19920933,-0.13431549,-0.18759677
-0.24920668,-0.06881395,-0.12914604,-0.19255453,-0.122778624,0.58455426,-0.14608881,0.26273924,-0.13546318,-0.0629182
-0.19450149,-0.077666886,-0.045953214,-0.17518947,-0.06775358,0.50846016,-0.21566972,0.1171557,-0.18903674,-0.18221253
-0.3337095,-0.02868913,-0.11137448,-0.016689561,-0.15877266,0.342571,-0.23167877,0.14862068,-0.17280982,-0.116561495
-0.276101,0.055163935,-0.05434957,-0.16539443,-0.11606096,0.65431166,-0.24145545,0.07492143,-0.15560696,-0.10872866
-0.24605393,0.0065919375,-0.07836416,-0.15385357,-0.14110911,0.23709208,-0.27868238,0.057617225,-0.16363424,-0.15715367
-0.25344035,0.118414916,-0.04417038,-0.23568055,-0.14941004,0.30049255,-0.26295602,0.014227979,-0.13206512,-0.046758343
-0.11242787,-0.035267033,-0.07243006,-0.18601999,-0.09760471,0.1534091,-0.28659073,0.08081869,-0.13572134,-0.017519943
-0.17267023,0.14195266,-0.062306486,-0.16923538,-0.098119825,0.21017127,-0.40931565,0.0131126195,-0.13159356,0.030444007
-0.23630188,0.13685742,0.008555492,-0.19344905,-0.03027318,0.1376933,-0.18143936,0.06624669,-0.13112473,0.06695239
-0.22890063,0.067303166,-0.10511081,-0.08728683,0.019810773,0.12635018,-0.30461684,0.015896965,-0.09559218,-0.11833219
-0.23311122,0.18178514,-0.22759597,0.03603174,0.019267667,0.1460383,-0.41547537,-0.008976642,-0.15357353,0.20378834
-0.13840936,0.095438115,-0.07310201,0.004531011,-0.07502949,0.24051362,-0.18630928,0.07466811,-0.12864919,0.074602954
-0.19335572,0.14449875,-0.07073855,0.075506665,0.046943888,0.0795843,-0.119755045,0.029491112,-0.11456639,0.12954092
-0.11712459,0.19075035,-0.21111678,0.019146502,-0.06864981,0.12059881,-0.16399117,0.12899666,-0.1268697,-0.05826976
-0.071128555,0.04493957,-0.1824867,0.034225103,-0.12641922,0.1542964,-0.15610331,-0.017070133,-0.036351267,0.04929833
-0.19058017,-0.051565826,-0.113153495,0.047808733,-0.15760231,0.10244228,-0.2280743,-0.0013722815,0.012603909,0.077816635
-0.25200334,-0.0022320617,-0.11268243,0.103009954,-0.24247816,0.16830915,-0.12779094,-0.013592269,-0.07297627,0.008120719
-0.17367254,0.2094989,-0.20472838,0.07847454,0.030384365,0.18202507,-0.33710292,0.020682462,0.04946405,0.12837005
-0.24018528,0.1713504,-0.11563883,-0.025699414,0.11728164,0.16017857,-0.2594677,0.012162004,-0.040701795,0.05709317
-0.10424617,0.14321598,0.024154505,-0.061017603,0.0937969,0.1245669,-0.14169551,0.04517614,-0.07278896,0.052767877
-0.23013172,0.086486176,-0.08972938,-0.10402179,0.014792923,0.1831911,-0.18030913,-0.009070922,-0.06692444,-0.0809906
-0.17588818,0.17328219,-0.12982018,-0.087581456,0.099962115,0.12407124,-0.16142194,-0.0065260716,-0.032076556,0.11097475
-0.1638604,0.09802339,-0.024491696,0.052038074,0.014728181,0.0219854,-0.30393568,-0.06150843,-0.059303395,0.05620311
-0.22275366,0.13008885,-0.05958415,-0.025986344,0.016974729,0.21314931,-0.15489538,-0.021764461,0.0650105,0.059864074
-0.13659726,0.20869906,-0.07878549,0.08135081,-0.07435459,0.16900751,-0.15756692,-0.059440766,-0.12427519,0.033157278
-0.105082184,0.15762444,-0.13016659,-0.020917065,-0.060902555,0.05227059,-0.13395154,-0.060526643,0.029427683,0.103991866
-0.1866224,0.19513606,-0.1370576,0.14599895,-0.021444436,0.12686804,-0.16883104,-0.13813896,-0.03048223,0.1053683
-0.13083944,0.20997617,-0.23360851,0.05124178,0.035534784,0.06015916,-0.117386505,-0.09602642,0.03874621,0.2027295
-0.041592315,0.19073154,-0.14730817,0.10937641,-0.030949656,0.10006301,-0.14591311,-0.09731686,0.065405995,0.18683614
-0.008773275,0.3040912,-0.13103144,0.011827491,-0.015559625,0.004869759,-0.15440683,-0.05906119,0.16507787,0.13410498
-0.04119745,0.34314695,-0.11017596,0.18238026,0.11651033,0.089387454,-0.048108444,-0.019479532,0.014385041,0.06094925
-0.035821103,0.2688053,-0.21577604,0.10400137,0.19169828,0.04482321,-0.22300108,0.008734427,0.23127297,0.21594298
-0.06556147,0.34761733,-0.36637184,0.36765227,0.2407963,0.07202891,-0.17766939,-0.099534854,0.12717417,0.09814222
0.059341386,-0.04875058,-0.15009658,0.36065257,0.3016094,0.03680958,0.035069145,-0.07812478,0.14970435,0.16207938
-0.055621557,0.26957414,-0.27657261,0.2936523,0.19632792,0.143004,-0.0392546,-0.032299105,0.17295207,0.19641581
0.04883627,0.22762987,-0.26323482,0.2634931,0.15720913,0.14773738,-0.03038078,-0.07696207,0.27405053,0.1777651
-0.008182604,0.2961967,-0.2795198,0.1660423,0.09988187,0.24433663,-0.01276513,0.0010709241,0.16687132,0.07169189
-0.04409899,0.1813618,-0.22763161,0.26035064,0.122006446,0.14511164,-0.029217092,-0.034456898,0.055618342,0.06802483
0.10764194,0.25603798,-0.291474,0.09142457,-0.0022528134,-0.0008102376,0.012479285,-0.12248208,0.03765212,0.06607865
0.00021124072,0.41307056,-0.34384832,0.07845185,0.11088304,0.10792333,-0.07708301,-0.0013291426,0.060340244,0.1759928
-0.02035224,0.28539357,-0.23259741,0.114035875,0.11457874,0.024915248,-0.11297797,-0.16789931,0.023930296,0.16986395
-0.083744,0.26419005,-0.2914781,0.33899987,0.25365388,0.106086984,-0.17049974,-0.023611534,0.062398855,0.04383895
-0.030560076,0.19012053,-0.13079976,0.25597662,0.12640412,0.11422622,-0.09899387,-0.05342539,-0.014432661,0.14040186
-0.053842604,0.12722725,-0.15830478,0.13494593,0.13767302,0.22553942,-0.12250163,-0.093569204,-0.015257586,0.13466759
0.112058036,0.3608314,-0.22698143,0.07643299,0.14727442,0.082844384,-0.075071156,-0.007900644,-0.0015594014,-0.013261767
-0.1434551,0.17376144,-0.2605079,0.03995015,0.24933559,0.12912004,-0.08974637,-0.00725979,0.03018616,0.00067380583
-0.14468534,0.1380048,-0.3081392,0.04847233,0.18937966,-0.03852435,-0.14865567,-0.004508488,0.12899995,0.07782395
-0.11880521,0.07944008,-0.20192106,0.08289145,0.08178283,0.073523566,-0.13460943,-0.08530623,0.17932451,0.10653917
-0.037787214,-0.0401574,-0.22899428,0.0940188,0.022776835,0.06467137,-0.25286117,-0.0033435524,0.123559184,0.05451128
-0.05937925,0.12419311,-0.16549838,-0.15018353,-0.005954195,0.004783623,-0.22198261,0.05599466,0.11883988,0.20254405
-0.05133304,0.08205141,-0.047536694,-0.11754072,0.12898517,0.17903186,-0.20584622,0.095868856,0.13386907,0.1440495
-0.10086299,-0.03268744,-0.039603107,0.06893533,0.121350214,0.08432843,-0.15057994,-0.022566434,0.00016105315,0.09087352
-0.06909859,0.09262282,-0.08234287,-0.11603561,0.13236485,0.17321646,-0.16211005,0.040334877,-0.071765296,-0.040404215
-0.0564434,0.07609047,-0.17437656,-0.049422145,0.13722417,0.34535968,-0.16441375,-0.010485221,0.022339365,0.008875415
-0.18060593,-0.05462849,-0.13954413,0.085172124,0.1996064,0.25272444,-0.1697338,-0.0014593974,-0.07027689,-0.01721283
-0.13781554,0.09492649,-0.21996883,-0.115479246,0.09353754,0.19220422,-0.0711499,-0.0060159154,-0.11206687,0.0009751073
-0.13840668,0.027203836,-0.10664375,0.057974506,-0.07099694,0.3890371,-0.14152613,-0.015849423,-0.028505806,-0.1346106
-0.1773225,0.17107274,-0.22752087,-0.202272,0.11025527,0.115556866,-0.18152522,-0.008181173,-0.14405622,0.0036648284
-0.20244828,0.15079388,-0.25305828,-0.036661863,-0.1550274,0.17841555,-0.14708297,-0.028992195,-0.02139801,0.055320807
-0.21703991,0.13447544,-0.168502,0.084965676,-0.0422312,0.28960449,-0.2598245,-0.0006150417,-0.024350261,0.042855162
-0.20427677,0.32945454,-0.20166773,0.075991526,-0.07108672,0.12430757,-0.15394358,-0.025725659,-0.1271609,0.045742504
-0.16333422,0.22351365,-0.2125913,0.19568957,-0.12823623,0.22854888,-0.15821184,-0.010409255,-0.15304935,-0.08900963
-0.12799318,0.17084953,-0.15006332,0.23955081,-0.047181766,-0.03830336,-0.07540442,-0.10607986,-0.07054449,-0.049117688
-0.08980576,0.18815246,-0.08060018,0.20887423,-0.16435596,0.15249118,-0.011117907,-0.08283381,-0.020104561,0.04561349
-0.045078896,0.1373371,-0.20463139,0.13999718,-0.11736357,0.1537189,-0.057221055,-0.00026878715,0.10868453,0.006134964
-0.11723212,0.09213442,-0.19577096,0.092814736,-0.12765682,0.17651679,-0.0053553414,0.011056878,-0.08144324,0.05644679
-0.098166764,0.07742555,-0.31694296,-0.005398214,-0.077519834,0.14518437,-0.06321174,0.005367458,-0.03179799,-0.044118896
-0.16239817,0.029872043,-0.25856617,0.09115733,-0.09215213,0.2869359,-0.09246005,-0.006296668,-0.0033837748,-0.0246028
-0.16245362,0.026540872,-0.24073942,0.058538284,-0.15460207,0.23522288,-0.15888612,0.0055436976,-0.059958484,-0.09123205
-0.0954904,0.0769321,-0.18167737,-0.10078053,-0.10424554,0.13480869,-0.076977104,0.045290597,-0.014181407,-0.084949724
-0.11029084,0.1365061,-0.22777526,0.024605505,-0.122374624,0.072444156,-0.17308868,0.14156605,0.015203588,-0.13003902
-0.07540135,-0.06500338,-0.054121807,-0.05610539,-0.13554001,0.13949865,-0.09826474,0.00191129,0.052999668,0.007068355
-0.07397405,0.031930868,-0.26698074,-0.12732023,0.066635385,0.22036447,-0.1376446,0.0131895915,-0.12993841,0.0032083704
-0.11776823,-0.03343468,-0.20795025,0.013141207,0.0051006116,0.056996882,-0.17224514,0.018895745,-0.111413576,0.1434301
-0.13669226,0.17303875,-0.28224733,0.005196199,0.09053813,0.16885197,-0.31695324,-0.009615537,-0.14186291,0.06910267
0.050200135,0.09461138,-0.0683221,-0.08479917,0.12299586,0.14046295,-0.29111826,0.012273226,-0.11775861,0.13770668
-0.052878186,0.09066903,-0.04123973,0.084959164,-0.1004405,0.12024255,-0.31361523,-0.01258089,-0.04681338,0.09614107
-0.094419084,0.16645038,-0.08822594,0.09601863,0.1285962,0.3051244,-0.22414975,0.0043400154,-0.12613373,0.05856581
-0.056999035,0.14500187,-0.06400362,0.009250067,0.23157647,0.20892362,-0.18547961,0.022486981,-0.035788618,0.03004839
-0.072374985,0.2207526,-0.008048585,0.0019959062,0.060890973,0.08205576,-0.0851433,-0.0035467818,-0.130538,0.05905912
-0.045119636,0.065030485,-0.11924121,-0.3278351,-0.08064979,0.20877722,-0.14048828,-0.007374171,0.010752244,-0.0057505113
-0.09815447,0.22947092,-0.19323507,-0.12977087,-0.01907624,0.007767193,-0.19194925,-0.093106836,-0.0744968,0.0723819
-0.1962158,0.12452654,-0.16562293,-0.14747757,-0.15585239,0.1414645,-0.2799583,-0.041236673,-0.013181848,0.043613814
-0.074659556,0.123067364,0.012023335,-0.044076145,0.12991375,0.09276725,-0.14604674,-0.0012950338,0.08029463,0.12912315
-0.25819257,0.19242966,-0.07942976,-0.07690717,-0.006819669,0.24150473,-0.2461778,0.002203621,-0.04551302,0.13700922
-0.2285197,0.082450084,-0.2320749,-0.050115526,0.023548402,0.3297759,-0.26516476,-0.07811841,-0.037121944,0.14136624
-0.27157143,0.119934484,0.0010042358,0.07874973,0.13572837,0.2636736,-0.25985834,0.011557553,-0.05677729,0.05135517
-0.18036273,0.12526038,-0.10577799,-0.06709671,-0.028020214,0.11110863,-0.2717928,-0.0056518875,-0.13011105,-0.018354585
-0.11694356,0.19205621,-0.06626725,0.025550261,0.10068841,0.107709706,-0.17333473,-0.013230968,-0.098270215,-0.01057172
-0.144278,0.2202633,-0.06404628,-0.14683488,0.12613034,0.19268757,-0.22348072,-0.039438296,-0.1056739,0.14079632
-0.11584552,0.22288659,-0.20211518,0.10862272,0.008766834,0.19739825,-0.22122492,-0.011156511,-0.083300054,0.1310521
-0.039226167,0.21880053,-0.14723396,0.07989193,0.07371506,0.14673042,-0.12779944,-0.003332533,-0.133099,0.066574946
-0.032473266,0.16051753,-0.07621555,0.3584666,0.06646195,0.12730941,-0.04295463,-0.017569136,-0.1115478,0.07582113
-0.040598445,0.14036563,-0.2125375,0.18259107,0.058669563,0.08112444,-0.15504001,-0.10361007,-0.11150838,0.08967165
-0.0005874019,0.21333264,-0.23018682,0.22089125,0.12822282,0.09838778,-0.08049973,-0.1101179,-0.033793636,0.058126204
0.06145647,0.24699882,-0.13939176,0.113788545,0.17436427,0.13703465,0.023688732,-0.11851579,-0.0021321946,0.048571933
0.016653912,0.31384036,-0.19149889,0.30126315,0.10003489,-0.15553842,-0.10706498,-0.042020675,0.015014727,0.121227235
-0.04391166,0.21321541,-0.18552424,0.1612767,0.09378368,0.048993953,-0.12936562,-0.067114994,-0.048840288,0.07356247
0.07124188,0.32791147,-0.2739706,0.24121173,0.18068908,0.04259687,-0.0772918,-0.18403266,0.011464708,-0.047289025
-0.011743471,0.22134401,-0.2653087,0.29742917,0.12349211,-0.033883557,-0.071121275,-0.082953975,-0.056994233,0.05102461
0.012709895,0.39176637,-0.18949512,0.07843937,-0.041711625,0.14836505,-0.043327227,-0.086246535,-0.046634246,0.050827865
-0.02390099,0.35146698,-0.32025996,0.23134525,0.11691501,0.040424373,-0.07680775,-0.073714435,-0.026953658,0.08756954
-0.023298802,0.34867224,-0.23739463,0.2866522,-0.051058862,0.1350016,-0.067358166,-0.048872758,-0.05760102,0.1278537
0.019967353,0.3902987,-0.28284797,0.1236098,0.23053515,-0.14294893,-0.0560387,-0.14775044,-0.13939081,0.07109217
0.08241788,0.2297677,-0.2990696,0.329443,0.14079319,0.1899219,-0.123928145,-0.14877158,0.13954103,0.29571283
-0.047705222,0.39417264,-0.31780285,0.038116027,0.19274506,0.08235926,0.044162042,-0.11187908,-0.037099045,0.14251547
-0.00039996766,0.22419763,-0.25082293,0.1771568,0.14902395,0.12788175,-0.050547183,-0.13909529,-0.0534512,0.057733163
-0.013486949,0.39563316,-0.3199686,0.23336181,0.07619019,0.11898494,-0.077686094,-0.14181295,-0.021070326,0.11934574
0.008526692,0.5169508,-0.22411524,0.25529706,0.20675643,0.24082103,-0.079571456,-0.07505171,-0.0436404,-0.02830348
-0.024197605,0.4091151,-0.26327422,0.40542072,0.14740323,0.1802808,-0.015235363,-0.07058728,-0.0691295,0.019171817
-0.026333127,0.32879522,-0.29163566,0.26278418,0.12935941,-0.021483341,-0.04927534,-0.1415561,-0.05706923,-0.24235892
0.070163526,0.3802956,-0.23656599,0.33914107,-0.015063409,-0.060339652,0.02268496,-0.16730428,-0.12383933,0.042919047
-0.105041675,0.22428954,-0.21551958,0.50292253,0.1497818,-0.13165641,-0.057380706,-0.16629027,0.045302685,0.09215844
0.0740083,0.46700916,-0.3175136,0.2745619,0.12311688,-0.0048967535,-0.012423236,-0.20031646,-0.0494551,0.1438711
-0.06829658,0.49089634,-0.37140426,0.3631704,0.1305777,-0.093809344,-0.07757794,-0.18529451,0.1378998,0.20497447
0.061089635,0.48608157,-0.28556642,0.28790253,0.09017018,0.06789931,-0.020189608,-0.13897139,0.096025616,0.040113747
0.039210893,0.5150178,-0.23127037,0.28598785,0.16570386,-0.20565039,-0.027139215,-0.14240721,0.02640356,0.20428188
0.1056661,0.37195098,-0.29552156,0.30804536,0.11419738,-0.089309014,0.026141794,-0.16395816,0.11992108,0.07723612
0.17232648,0.3963404,-0.31395087,0.12688807,0.10955107,-0.16318431,-0.07800491,-0.15023416,0.20358029,0.23526043
-0.008715005,0.4280719,-0.35245076,0.21719167,0.039980207,-0.14786957,-0.18402447,-0.16042282,0.07283133,0.34153727
0.04718882,0.22991174,-0.28898475,0.1895841,0.12165895,-0.12232094,-0.073382616,-0.22893113,0.110441394,0.22160158
-0.03147886,0.23881072,-0.2855902,0.16668272,0.18415335,-0.2472839,-0.03765276,-0.17400947,0.055072892,0.2059086
-0.04669734,0.34034732,-0.31014824,0.19512406,0.10761604,-0.15057449,-0.1299584,-0.039601494,0.18727733,0.2828621
-0.039900318,0.208294,-0.23262133,0.28887147,0.23209605,-0.14150636,-0.008381603,-0.18212765,0.11521062,0.16762087
-0.02526301,0.3100709,-0.11440466,0.0463712,0.15125701,-0.10328159,-0.06622195,-0.17096475,0.13107204,0.3117041
-0.062217504,0.251907,-0.30980656,0.30611414,0.15073733,0.019222673,0.031990908,-0.16515523,0.14514126,0.22094546
0.099951126,0.18420307,-0.33764824,0.09798209,0.11601325,-0.014350325,0.09672725,-0.13764328,0.16773528,0.1279057
-0.0054287193,0.28132895,-0.36859405,0.22660859,0.18126607,-0.056226984,0.09412146,-0.1528104,0.094840966,0.14133553
-0.008047804,0.104872435,-0.3076696,-0.046314657,0.12857783,0.07292788,-0.050532207,-0.11737646,0.21092409,0.23437247
-0.014215214,0.14950298,-0.22750406,-0.118073106,0.1584778,0.13735661,-0.04237227,-0.03309844,-0.012275865,0.1910732
-0.03153253,0.21555787,-0.23220757,-0.098169446,0.12003714,0.07220366,-0.13606939,-0.15748402,0.03172034,0.14107868
-0.12066459,0.3035649,-0.28639388,0.07945931,0.13409926,0.113944024,-0.17503892,-0.038906593,-0.02311661,0.12067017
-0.08804035,0.2718114,-0.062141337,0.087161034,0.23776816,0.07604508,-0.015874876,-0.04573567,0.044782814,0.06371696
-0.055734128,0.17554337,-0.21809629,0.13497296,0.24509269,0.18487738,-0.14313646,-0.10223624,0.014770554,0.083348826
-0.032710254,0.2136608,-0.21139191,0.04897485,-0.041853663,0.044624288,-0.058059216,-0.10130446,0.06256334,-0.0772447
-0.12718256,0.19015785,-0.1826914,0.075227514,0.13195612,0.10119789,-0.14672157,-0.08284798,0.053291257,0.1229517
-0.14344108,0.19946966,-0.17905408,0.15372865,0.17819223,0.08122115,-0.07359021,-0.047713604,-0.037307646,0.025868703
-0.08113281,0.2206974,-0.10859716,0.13096419,0.13132302,0.030942898,-0.12192722,-0.02695201,0.06521973,0.037035007
-0.11649789,0.26957974,-0.11429988,0.08890648,0.05645801,-0.021840889,-0.041622125,-0.05220851,0.013251711,0.09966312
-0.112352535,0.30502748,-0.2820701,0.16871212,0.10472983,0.067913786,-0.04245718,-0.07861267,0.05103848,0.06158928
0.0063374788,0.16305923,-0.29015782,0.08524425,0.17703442,0.004479699,-0.122561306,-0.15503958,0.1838381,0.14239858
-0.02349265,0.4087371,-0.3200078,0.12720501,0.010560907,0.02209529,-0.15575707,-0.17070876,0.055331014,0.14401813
0.05583497,0.34640574,-0.27309728,0.1596883,0.059197553,-0.1419405,-0.049652666,-0.13435993,0.23278603,0.04829313
-0.06356674,0.47068894,-0.33308557,0.123317756,0.12504031,-0.13248622,-0.085476,-0.08705355,0.111976676,0.16272706
-0.09627837,0.40435046,-0.34983462,0.16029789,0.12295058,-0.12639838,-0.09922005,-0.15454717,0.19440632,0.21545441
-0.038793728,0.43521053,-0.31810483,0.2671451,0.23361638,-0.005123019,-0.074608766,-0.037856374,0.19919695,0.14043608
-0.003744619,0.43191186,-0.31154397,0.26925337,0.1536365,-0.03425635,-0.048194468,-0.183409,0.13050565,0.21019931
0.019421836,0.49863395,-0.30158094,0.26557595,0.12704875,-0.014027387,-0.05283293,-0.14580107,0.07530968,0.2866484
0.13632339,0.4819004,-0.31616268,0.28441924,0.13179119,-0.11242071,-0.031790495,-0.19832996,0.012971057,0.1272257
-0.005012827,0.16732645,-0.2822812,0.22384347,0.1235708,-0.25984654,-0.12210983,-0.024923358,0.063584395,0.32349086
0.08952841,0.4260713,-0.3000027,0.27478743,0.25391728,-0.085401684,-0.023783168,-0.13771981,-0.050248124,0.34442076
-0.03333636,0.42765117,-0.30080974,0.22904395,0.33420566,-0.2131822,-0.034682773,-0.18772587,0.18269227,0.36936337
0.051202744,0.2602156,-0.30041036,0.30099353,0.23053165,-0.37631094,-0.0066734087,-0.19223425,0.12370268,0.30923435
0.010001192,0.35873288,-0.40073577,0.2594875,0.2966012,-0.28402254,0.0258052,-0.2073741,0.21775986,0.20723157
0.0066195484,0.16712768,-0.31326193,0.1009935,0.13870664,-0.32560378,0.045551248,-0.14850228,0.23068744,0.36547408
0.10836797,0.3174394,-0.31107822,0.10788049,0.2162637,-0.055277526,0.03282029,-0.15495415,0.26218635,0.26888844
-0.08396735,0.17203349,-0.23929007,0.066176295,0.19908322,-0.13059083,-0.05976764,-0.05359001,0.23538496,0.32788482
0.01778884,0.17520928,-0.31540352,0.20783049,0.057349708,-0.02768514,-0.06476404,-0.008125637,0.2244961,0.20567763
-0.009010008,0.16265091,-0.27628508,0.105137944,0.12899892,-0.05090829,-0.10361545,-0.0020939596,0.2898722,0.36188608
-0.047592647,0.10942463,-0.25034353,0.09077791,0.18562384,0.11833958,-0.17246844,-0.003794495,0.108241834,0.21786363
-0.08131886,0.08716612,-0.21233754,-0.075801894,0.094652385,0.05312702,-0.051174365,-0.024884555,0.13105312,0.30165178
-0.03480488,-0.021923149,-0.12770636,0.13238153,0.23791453,0.025917966,-0.2871292,-0.027775723,-0.026005125,0.16516349
-0.05449313,0.19142358,-0.3131163,-0.08011077,0.14263736,0.2156468,-0.023087448,-0.0022199936,0.0027271057,0.21157904
-0.05050493,0.06497773,-0.11732227,0.15427747,-0.05180713,0.17029703,-0.07997156,-0.026590962,-0.038445957,0.16098364
-0.073313564,0.23954897,-0.17367776,-0.18326211,0.110589154,0.2057433,-0.08119236,-0.12665279,-0.02088961,0.014694268
-0.08287249,0.17527062,-0.27549532,-0.056577817,0.14058019,0.2680779,-0.081643626,-0.010378104,-0.029988414,0.10002434
-0.16979726,0.28889534,-0.2604133,0.09576292,0.07672245,0.16384338,-0.08095129,-0.15985283,-0.13700804,0.052198857
-0.15833953,0.25213143,-0.2678356,-0.033983126,0.13485174,0.30036235,-0.115877256,-0.0813711,-0.12548497,-0.10252279
-0.20872976,0.2082265,-0.29582575,0.26340517,-0.07241073,-0.0024435846,-0.102998145,-0.11036289,-0.034564734,-0.057230856
-0.10571688,0.12290117,-0.27826396,0.1226832,-0.10960001,0.14901187,-0.14953144,-0.062768266,-0.096448384,0.019758316
-0.011933138,0.19771264,-0.20894004,0.08788884,-0.09648524,0.20440876,-0.10052143,-0.020731736,-0.102521434,0.08245442
-0.051659293,0.199622,-0.264761,0.20835532,0.098094314,0.29713494,-0.047623083,-0.010537449,-0.12642075,0.087213755
-0.10617688,0.15798615,-0.15893073,-0.03835909,-0.10134828,0.037254952,-0.002005605,-0.025257144,-0.15597744,-0.118684754
-0.1211315,0.24859531,-0.3373523,0.0058088973,0.06842003,0.12625724,-0.1298318,0.01235947,-0.029231688,-0.030013992
-0.12686026,0.10311969,-0.27274945,0.013507426,-0.057957824,-0.02348452,-0.10938457,-0.15679197,-0.106741555,0.044346698
-0.1751267,0.18859796,-0.31416664,0.17938228,-0.051225763,0.11275634,-0.16981786,-0.012013707,0.06649894,0.14733416
-0.09859188,0.015488829,-0.3202405,0.07429206,0.06367416,0.16979675,-0.149451,-0.004083231,-0.05403891,-0.08387229
-0.0776946,0.16510315,-0.24631232,0.110074356,0.013542779,-0.031059586,-0.08169612,0.0071490407,0.03329773,-0.08425002
-0.04213146,0.11079693,-0.20015158,0.06477868,-0.02469125,0.15928435,-0.11541171,0.04409032,0.0066772304,-0.07243578
0.08888815,0.0077327285,-0.102706626,-0.124691546,0.107447416,0.12456016,-0.15341927,-0.009954739,-0.0020338693,0.032049906
-0.16659074,0.21205832,-0.29982457,0.07324156,0.111581534,0.15375663,-0.11779173,0.010918461,-0.056669492,0.0687878
-0.048341833,0.07306729,-0.24620505,-0.17151213,-0.08340818,0.05173336,-0.15457256,-0.0020572804,0.02282886,-0.010782454
-0.10645769,0.05574125,-0.21354613,0.04305894,0.118963614,0.0045953467,-0.15563686,0.09588383,-0.062453132,0.12895982
-0.06829547,0.13103668,-0.17320839,-0.06535962,0.002908636,0.15056613,-0.07785702,0.05223289,0.055955816,0.20225267
-0.06880475,0.029746044,-0.21869871,-0.07109949,0.010263458,0.20238313,-0.1200206,0.08647809,0.004743177,0.11740185
-0.16687591,-0.058299266,-0.09326148,-0.09255029,0.12378767,0.23827466,-0.11708647,0.048537467,0.047575902,0.04284872
-0.0864508,-0.03260889,-0.19943888,-0.17460886,-0.021360766,0.24051204,-0.18835832,0.14020585,-0.11886596,-0.030396545
-0.08659595,0.04371525,-0.1233857,-0.1262916,0.0062828995,0.32454592,-0.13807182,0.15860185,-0.049174342,-0.08086756
-0.18737237,-0.055386,-0.15472293,-0.17247456,0.09081122,0.2360375,-0.167612,0.18440089,-0.13260278,0.03027852
-0.15115984,-0.09575601,-0.15075439,-0.003362745,-0.12002742,0.29843366,-0.17143811,0.07397868,-0.021373307,0.09144673
-0.10440569,-0.011329776,-0.13742976,0.06361865,0.118792,0.43840337,-0.15272164,0.17408213,-0.022553852,0.10426508
-0.10000209,-0.08181399,-0.114613846,-0.27799633,0.1424429,0.379798,-0.13846694,0.21570088,-0.13641706,-0.0075066728
-0.17205797,-0.15551817,-0.12553146,-0.31501135,0.11892009,0.29236376,-0.13859232,0.14625208,-0.12248162,-0.22828805
-0.20254792,0.018737402,-0.24296695,-0.26237768,0.0761427,0.29309577,-0.29259834,0.17288819,-0.024423348,-0.25846756
-0.16916932,-0.15760076,-0.12710293,-0.2481775,-0.035171475,0.19978857,-0.30045193,0.13172181,-0.123325,-0.019609915
-0.14369476,-0.05684538,-0.15953735,-0.24391589,-0.1233252,0.193314,-0.35618377,0.093149915,-0.13155207,-0.070344225
-0.21168935,-0.21314327,-0.2536348,-0.2624343,-0.02666701,0.17201906,-0.3511863,0.23972815,-0.09997649,-0.011996463
-0.21147065,-0.115853146,-0.025133537,-0.15375538,-0.008125354,0.3880788,-0.37198746,0.103438035,-0.052973185,0.019978065
-0.24675174,-0.041928925,-0.07537366,-0.14540528,-0.026704159,0.27236754,-0.28345227,0.09116158,-0.13506152,-0.11009544
-0.28044453,-0.11734356,-0.008916831,-0.13044333,0.11326608,0.30661398,-0.32655302,0.13738382,-0.015964413,0.039049245
-0.19321783,0.04125715,0.014568517,-0.25170785,0.005300127,0.42474157,-0.25474724,0.22785218,-0.12124329,-0.21991108
-0.24825801,-0.10975543,-0.06543362,-0.18213642,0.04363124,0.3137908,-0.26732415,0.17611957,-0.1318847,-0.131648
-0.181207,-0.10972756,-0.041210636,-0.15861976,-0.015490007,0.30445498,-0.3720241,0.19220039,-0.129003,-0.21046124
-0.24941649,-0.20593643,0.02653961,-0.014782488,-0.049032602,0.15873075,-0.33138594,0.106707394,-0.08721584,-0.11012466
-0.17450474,-0.05843521,0.077325895,-0.111469,-0.026394587,0.5544491,-0.31553012,0.059207506,-0.12004345,-0.02567377
-0.1846822,0.029387131,0.113517106,-0.10786933,-0.09273377,0.55247426,-0.29138216,0.015832271,-0.03831616,-0.23632273
-0.21792461,0.13351285,0.10977933,-0.11346617,-0.10542387,0.5140468,-0.27203646,0.011295948,-0.13095784,-0.03383035
-0.1647458,-0.030004395,0.046532333,0.07141262,-0.0760072,0.3022101,-0.32281172,0.016981106,-0.12306372,-0.106549434
-0.09725809,0.08241492,-0.054037176,0.24669021,-0.08741714,0.18325563,-0.14913176,-0.013297107,-0.15705249,-0.027842281
-0.042651422,0.18999656,-0.07385056,-0.092824444,-0.061837103,0.23947841,-0.07544869,-0.07298195,-0.09942211,-0.11151115
-0.120456964,0.33623254,-0.03987626,0.13530768,-0.13107601,0.08058966,-0.14994708,-0.07477273,-0.13293622,-0.13845544
-0.08647239,0.33844757,-0.2148934,0.13481288,-0.17360875,0.14555469,-0.067590415,-0.0061788373,-0.06421232,-0.004006335
-0.07049562,0.34668246,-0.2511181,0.07455302,-0.11530596,-0.07855227,-0.153926,-0.030032229,-0.12028227,-0.043303505
-0.020083576,0.165648,-0.2711198,0.13381912,0.04557484,0.011277802,-0.07717051,-0.114373654,-0.11481694,0.094920896
-0.033457063,0.27966475,-0.24411775,0.08400127,-0.026013914,0.098576754,-0.07667477,0.00290218,-0.054325406,0.10718894
0.0012660995,0.14542863,-0.2882789,0.15789136,0.124081746,0.07551037,-0.054124095,-0.13462657,-0.14109333,0.15277997
0.07623636,0.27599698,-0.27303118,0.12928039,0.007381212,0.12645116,-0.15059878,-0.08091515,0.029823592,0.056738984
0.0046675242,0.36348924,-0.30409187,0.08573665,0.036274023,0.1366977,-0.08943858,-0.017076556,0.05892347,0.017878901
0.0042615943,0.23387966,-0.36219707,0.2621677,0.088122785,0.16659212,-0.15773378,-0.15127505,-0.060541634,-0.096511155
-0.015498346,0.4147325,-0.29963675,0.3567225,0.02339692,0.14119944,-0.12864123,-0.23731232,-0.07347157,0.049046293
0.025616297,0.26709208,-0.21107544,0.17192127,0.06896241,0.015759625,-0.03277851,-0.24222615,-0.13954991,-0.0028972444
0.05631663,0.46100885,-0.30697998,0.2965951,0.068483636,-0.13213646,-0.12753563,-0.14698927,-0.10904991,0.050351534
-0.0037690485,0.46333653,-0.21021584,0.52193075,0.0941619,-0.115083806,0.0063837674,-0.14405288,0.0056584193,0.054522887
0.021894129,0.40518713,-0.32537538,0.3535612,0.19238274,-0.19553916,0.105227806,-0.23583215,0.048914094,0.058887396
-0.04424859,0.44284832,-0.28162333,0.48974645,-0.03767323,-0.16037644,-0.05278545,-0.22377333,0.14133015,0.05538391
0.044084944,0.40102616,-0.3528786,0.3342482,0.2081115,-0.21275106,0.118043356,-0.20570493,0.047272455,0.021101031
0.08266341,0.5194123,-0.3844808,0.3523,-0.025155168,-0.11441226,0.023962779,-0.13341449,0.05083267,0.12947059
0.23004247,0.32602575,-0.32656613,0.18702167,0.09104724,-0.30117828,0.16378248,-0.15541315,0.15500645,0.09717055
0.20438874,0.34960955,-0.52868444,0.29336423,0.10284074,-0.3158953,-0.09502147,-0.1776636,0.13931586,0.19880532
0.09877476,0.3841126,-0.3382656,0.102091625,0.11562762,-0.37856233,-0.053993367,-0.13091233,0.13313562,0.29204395
0.037387833,0.35723376,-0.33298078,0.25454918,0.1311188,-0.25676912,-0.0020592082,-0.24094236,0.09355696,0.39852837
0.01616841,0.46734646,-0.2924783,0.26836926,0.11368935,-0.17399949,0.009544039,-0.12635668,0.047819823,0.42602965
-0.018955672,0.32938206,-0.34683684,0.3371957,0.12634046,-0.261976,0.120887704,-0.2172338,0.21333283,0.32419965
-0.02365071,0.3330101,-0.43902847,0.30415383,0.12399557,-0.20439506,-0.042979516,-0.18482661,0.02016413,0.31049556
-0.0023410665,0.42090917,-0.42331824,0.28942564,0.26928663,-0.119773045,-0.006839065,-0.21051303,0.12688255,0.38372973
-0.07832979,0.4017449,-0.28609884,0.3008436,0.20535238,-0.26150176,0.012054535,-0.1728531,0.13863617,0.23118703
0.032840446,0.22988157,-0.33570355,0.22058997,0.08590595,-0.20336595,0.07651413,-0.044990342,0.23385158,0.3209463
0.006904971,0.4428169,-0.39764437,0.25268215,0.124079056,-0.046763975,0.04843609,-0.13753605,0.23470452,0.14469308
0.08626408,0.27562213,-0.38753954,0.16864273,0.12822405,-0.04383474,0.03759951,-0.119151935,0.22887227,0.225866
0.018093443,0.3939984,-0.37464765,0.2678057,0.1253882,-0.06529468,0.02885033,-0.12527125,0.15953802,0.14373223
-0.032919586,0.43252578,-0.38679108,0.3459362,0.17836697,-0.1599018,0.010385247,-0.008038592,0.18939789,0.22390215
0.11204661,0.3335512,-0.35966262,0.3336184,0.08457082,-0.14933717,0.03256736,-0.18190147,0.25360832,0.32284597
0.017661208,0.36367992,-0.38918278,0.24134123,0.28742474,0.039324045,-0.01632951,-0.1201112,0.29257503,0.19699371
0.10707427,0.34515062,-0.33904535,0.64522874,0.24049655,-0.03531067,-0.017019594,-0.16824563,0.110128954,0.18730396
0.16276063,0.3186956,-0.31165692,0.29371023,0.044380225,0.028692383,0.074565016,-0.107918456,0.032834057,0.20034084
0.13869764,0.26253682,-0.38217515,0.271663,0.3339434,0.06340863,0.09282936,-0.11181179,-0.0092484355,0.09751715
-0.03659317,0.25445238,-0.35838875,0.09050524,0.1537392,0.14511809,0.059926674,-0.04349192,0.16543615,0.14593185
-0.024437454,0.12999287,-0.46065995,0.06998938,0.1307058,-0.039477386,-0.07353319,-0.100605056,0.06935756,0.16157515
-0.0031434223,0.13061671,-0.2990717,0.09648587,0.22048499,-0.0058443286,-0.05222304,-0.058123816,0.076118566,0.0910969
-0.04241974,0.19179949,-0.31922787,0.073818594,0.123424724,0.05399911,-0.07431053,-0.122382924,0.09733573,0.20443963
-0.12465406,0.22330694,-0.337762,-0.04549375,-0.010228697,0.018847216,-0.12325655,0.017145269,0.10675701,0.20306449
-0.14151871,0.1144173,-0.30571684,0.09529258,0.10494675,0.10517135,-0.067283995,-0.069064945,0.010886552,0.14266966
-0.19316827,0.14628142,-0.33430892,0.06663477,0.119659856,0.043946132,-0.15812442,0.0028592162,0.024002288,0.22333337
-0.12781139,0.01365325,-0.30973074,-0.14186075,0.14306043,0.023628168,-0.07154549,-0.018917102,0.10871809,0.14173548
-0.1862303,0.1755369,-0.21852154,0.07971969,0.15465142,0.0067286547,-0.18575658,-0.0076246075,0.087073855,0.25881907
-0.075759105,0.13372983,-0.15225986,-0.11963472,0.21543652,0.1221402,-0.14730002,0.01042496,0.10125762,0.18146336
-0.12057806,-0.043679707,-0.09104057,0.06924864,0.12801081,0.0025734827,-0.07089032,-0.061481427,0.13394685,0.24589628
-0.1303036,0.09382663,-0.2077792,-0.19100839,0.18513565,0.12588763,-0.25565067,0.035845548,0.0762822,0.2020037
-0.16812986,0.13413344,-0.13202803,-0.11066295,0.23793858,0.24502534,-0.18760432,-0.0030730553,0.21043931,0.16681424
-0.14785722,0.12558964,-0.07494962,0.056625146,0.15291424,0.12804362,-0.22885075,0.057334848,0.06551578,0.08116099
-0.20079695,0.07652217,-0.06079728,0.068970196,0.10425596,0.1671909,-0.22699924,-0.0938507,0.019330917,0.07298338
-0.107940495,-0.122846335,-0.07897178,0.11488991,0.13739246,0.019358315,-0.17907985,-0.03996678,0.014589917,0.20053871
-0.16329865,0.19073573,-0.14038466,-0.099032536,0.122676104,0.19341797,-0.14690636,-0.0035903938,-0.060369242,0.05230214
-0.11889906,0.16208608,-0.23000029,0.20634963,0.1357964,0.3786779,-0.14558877,-0.036433447,-0.0048107454,-0.049140926
-0.13097191,0.12239002,-0.14546114,0.08205046,-0.012545358,0.09456239,-0.1127518,-0.026887331,-0.116292365,-0.12437706
-0.049386814,0.24530514,-0.10863371,0.09291414,-0.0071738325,0.17849267,-0.15739489,-0.015616495,-0.1259113,-0.16640492
-0.036089912,0.20983641,-0.13457112,0.12125484,0.014093544,0.13007857,-0.15496264,0.10964273,-0.13315329,-0.040040594
-0.037710756,0.13790162,-0.077803984,0.27729768,0.119188584,0.14247024,-0.10335502,-0.029553067,-0.11956869,-0.09219819
-0.00962314,0.25573224,-0.16421703,0.21913575,0.05316595,0.12682754,-0.10814174,-0.013845567,-0.07051667,-0.0152991265
-0.07916106,0.24962173,-0.3029064,0.22193778,0.1328247,0.12877204,0.0032611098,-0.08725491,-0.14162953,0.04287949
-0.057453126,0.31302983,-0.23316874,0.24269192,-0.077181816,0.1030482,-0.009845613,-0.057049323,-0.100894384,-0.082329676
0.017948775,0.19639827,-0.33246905,0.13751295,-0.09369978,-0.116564855,0.014869882,-0.15840262,0.019589778,0.016755302
-0.0474329,0.35068628,-0.28386992,0.06501824,-0.032440927,0.07973486,-0.14839904,-0.12166311,-0.016243339,0.0017037024
-0.052306816,0.19741239,-0.34245548,0.15529858,-0.10996738,-0.14341205,-0.17038245,-0.10767168,-0.0041090143,0.14354202
-0.0771989,0.226179,-0.23189998,0.318495,-0.0126721375,0.0081054345,-0.16396385,-0.0252011,0.11067881,0.0082269255
0.010949256,0.20310917,-0.2025147,0.2004837,0.0751155,0.025803741,-0.09976861,-0.060612734,0.14513679,-0.023560511
0.015614701,0.3709069,-0.085666664,0.13300455,0.097101994,0.0464131,-0.02111358,-0.048645277,0.028239803,0.14050828
-0.11401382,0.19288017,-0.13674593,0.23665398,0.106352314,0.12078354,-0.071553454,-0.069355994,0.009479519,0.13941997
-0.012692734,0.23106217,-0.17175023,0.19523628,0.124054834,0.050942764,-0.08697051,-0.11939795,-0.0073667136,0.059373576
-0.018334476,0.13997355,-0.26706252,0.16796258,0.11745411,0.06450182,-0.06856212,-0.12826231,-0.0023018797,0.051861588
0.018463051,0.11557002,-0.26622114,0.02312316,0.08063189,0.08011298,-0.119641885,-0.095326304,0.12928309,0.19790468
-0.012676388,0.35868073,-0.16639207,-0.07472351,0.26931307,0.1896567,-0.14895628,0.014423508,0.07077165,0.004879963
-0.04742242,0.3009693,-0.18330123,0.07333097,0.13430916,0.068979464,-0.14751068,-0.06778404,-0.10738371,-0.16596322
-0.04885602,0.16726102,-0.19867583,0.08170228,-0.056228247,0.048440374,-0.13507159,-0.068037465,-0.06040654,-0.08733747
-0.1421365,0.28799355,-0.30157438,-0.035431415,-0.06063744,0.19114868,-0.16082515,-0.012713019,-0.032664962,0.025949981
-0.14880212,0.2006722,-0.26742616,0.09412187,-0.1590792,0.11017275,-0.17765836,-0.006119255,-0.0505274,0.0124650765
-0.17818354,0.20954098,-0.10073806,0.09088791,-0.043335866,-0.017871734,-0.1826937,-0.010217506,-0.057631485,0.03399192
-0.14558801,0.18890992,-0.22109996,0.034254707,-0.12509468,0.0037930626,-0.2281733,-0.118593454,-0.14368542,0.13949178
-0.09536909,0.17975454,-0.08857592,0.11797104,0.0046285875,0.09338533,-0.16605891,-0.11194183,-0.076366626,0.011824502
-0.06480176,0.23827788,-0.27682164,0.057149153,-0.11924827,0.15513572,-0.15780987,-0.062141363,0.027524939,-0.13364397
-0.14237033,0.15569033,-0.26344565,0.0951253,-0.10267739,0.160559,-0.06449642,-0.11387135,-0.041800424,-0.09079254
-0.018596798,0.2252871,-0.19138987,-0.16217262,-0.10962586,0.20044366,-0.13955788,-0.038834874,-0.013900192,-0.087801374
-0.13381998,0.3163725,-0.25801256,0.10424864,-0.0062217973,0.12899657,-0.0926184,-0.08501604,-0.041573912,0.015279459
-0.11160257,0.3480036,-0.36677352,-0.04320523,-0.086078614,0.19798288,-0.06227956,-0.0010125376,-0.006485487,0.12982404
-0.11077597,0.08093326,-0.28508148,0.07117302,0.016085323,0.017044045,-0.05084142,-0.2542397,-0.0684455,0.12157437
-0.14172168,0.344338,-0.3224595,0.08082599,-0.11415267,0.097001255,-0.08004117,-0.10209501,-0.028109457,0.1315998
-0.028065491,0.22565763,-0.29741374,0.06180246,-0.09602207,0.17102101,-0.13351975,-0.079071596,0.05909427,0.17383766
-0.015190346,0.24581073,-0.3150352,0.22057797,0.069410786,0.1506859,-0.06442838,-0.17319441,-0.032611333,0.040793493
-0.0036469325,0.36479938,-0.26439723,0.08778857,-0.011843901,0.19562715,-0.090996504,-0.17883807,0.111114495,0.12274053
-0.013139121,0.3377645,-0.27530122,0.2132383,0.096332096,0.21977915,-0.046462156,-0.16374232,0.0027084886,0.09254767
-0.04100383,0.31912214,-0.2114319,0.08426614,0.11489077,0.052705467,-0.14978154,-0.22503084,-0.09551194,0.061466347
-0.03657738,0.51350135,-0.29347548,0.23597848,0.120151386,0.048207372,-0.047111534,-0.16983895,0.058856074,0.10037469
-0.06639506,0.47303548,-0.24249335,0.24638748,0.123888016,-0.24444616,-0.13591559,-0.16667134,-0.07222148,0.1970359
0.020669034,0.50736076,-0.36414036,0.23819184,0.13334748,-0.10525814,0.003812531,-0.14572945,0.041075025,0.33069348
-0.045187943,0.36549804,-0.26229563,0.41908345,0.22482845,-0.30601817,0.017930442,-0.34717682,0.09489871,0.29010144
0.07294867,0.4018457,-0.21502967,0.30961373,0.35613412,-0.20390369,0.05973454,-0.2700992,-0.03404078,0.42227635
0.0073711704,0.35690033,-0.26309842,0.37777862,0.19403997,-0.2782864,-0.023487067,-0.18013826,0.10590459,0.34327063
0.047362708,0.40541592,-0.3495763,0.29634732,0.26080632,0.09714497,0.12760676,-0.17827907,0.19635585,0.3541449
0.10782151,0.39807266,-0.33107865,0.33734775,0.21514753,-0.050748475,0.032752663,-0.16365445,0.1780429,0.25975296
0.04177226,0.44569096,-0.38829657,0.28103638,0.32417175,-0.16245322,0.047312908,-0.24129677,0.04720417,0.20496087
0.026319453,0.33919856,-0.37476254,0.37781504,0.3255864,-0.10106085,-0.042400114,-0.18512067,0.0699001,0.14719176
-0.0014989935,0.5391142,-0.41356173,0.558835,0.2722661,-0.027093321,0.015293432,-0.27744195,0.06527191,0.24080326
0.037904344,0.5097971,-0.3611809,0.49461836,0.25237918,-0.1174292,-0.08320426,-0.16100629,0.073319994,0.11738449
0.16181915,0.5193433,-0.28203347,0.60823786,0.27832976,-0.38224941,0.034161516,-0.18018058,0.11693196,0.21499914
0.4952175,0.5093881,-0.25033438,0.6296686,0.1304772,-0.18797512,0.06403016,-0.17448565,0.19118236,0.19067834
0.24646197,0.5263002,-0.2751826,0.33139932,0.21702802,-0.4559425,0.11193843,-0.26595783,0.15322974,0.19311012
0.10809124,0.49144736,-0.33416697,0.68544614,0.21675324,-0.28727898,0.18406634,-0.24412704,0.2766814,0.19599344
0.12047855,0.640067,-0.31595618,0.47971216,0.12137832,-0.36371624,0.09134902,-0.30939898,0.24623267,0.26366228
0.6860954,0.47326705,-0.32621676,0.63954043,0.1512758,-0.28645915,0.09059896,-0.30992198,0.38549256,0.21866684
0.14775333,0.5585269,-0.35185012,0.3720975,0.23788221,-0.65457326,0.20859182,-0.13563208,0.27851754,0.25845173
0.428825,0.5098666,-0.41950038,0.52943796,0.21386102,-0.24970412,0.031155756,-0.2647081,0.35342845,0.38762856
0.2100532,0.4421191,-0.35305893,0.5139417,0.13779181,-0.49325678,0.09988247,-0.23495516,0.35070512,0.40529305
0.19818674,0.51614755,-0.30831668,0.4346189,0.1382698,-0.3686073,0.14114198,-0.2388398,0.34138936,0.4832351
0.10327138,0.5150016,-0.42806038,0.76936185,0.22970769,-0.43976787,0.042896636,-0.21959183,0.26152363,0.57397664
0.33674332,0.48910302,-0.32599333,0.49709865,0.149606,-0.25462186,0.08644168,-0.20672184,0.25072062,0.6552234
0.86403656,0.4766592,-0.47092032,0.65933967,0.4190461,-0.29086787,0.21227948,-0.30499268,0.2925058,0.6027505
0.6254765,0.49228057,-0.308327,0.46667483,0.31576246,-0.06312923,0.17461513,-0.43140543,0.21118335,0.4884662
0.342495,0.58445334,-0.44320777,0.4375958,0.50524586,-0.16698332,0.10649387,-0.47039112,0.20483112,0.28554937
0.8383309,0.6315309,-0.44596148,0.43211427,0.26462242,-0.34128872,0.084403306,-0.39866427,0.12639312,0.2157539
0.75704664,0.55136025,-0.47222236,0.46404538,0.15705588,-0.2779826,0.10760648,-0.59597963,0.12086926,0.34910047
0.23117451,0.5444594,-0.41085654,0.685012,0.28328568,-0.37266985,0.15916054,-0.5211431,0.12539005,0.30972788
0.32873985,0.50614,-0.50901335,0.40850663,0.25908697,-0.45781878,0.15571757,-0.28733882,0.21092069,0.30756155
0.12450657,0.66200674,-0.5243127,0.4976225,0.24846026,-0.62890637,0.06353217,-0.35501957,0.2583794,0.48824653
0.13398825,0.5288184,-0.57148755,0.37946424,0.22205259,-0.50216347,-0.0139212515,-0.1958924,0.27699658,0.4453892
0.10858584,0.5340259,-0.4799328,0.43366954,0.22813295,-0.63596,0.026775604,-0.3602328,0.2956416,0.6551356
0.101433896,0.45835724,-0.4303843,0.7583599,0.38238364,-0.088086784,0.039494656,-0.41614822,0.36989507,0.6599461
0.1213497,0.5045343,-0.41793302,0.4748738,0.3002235,-0.29214507,0.049193114,-0.47400936,0.41524917,0.5123535
0.40872952,0.47609583,-0.41218343,0.537468,0.27033055,-0.4607217,0.110896915,-0.18151829,0.16506097,0.4731531
0.22375771,0.6688331,-0.4106953,0.6449214,0.36550942,-0.39064342,0.017304031,-0.22511259,0.2865604,0.35542434
0.29277477,0.4713783,-0.4639418,0.5410416,0.4092878,-0.35483032,0.045267865,-0.3873632,0.2486759,0.607577
0.46782285,0.49932668,-0.44902554,0.88484013,0.51148415,-0.42237848,0.0783717,-0.24189836,0.24999557,0.50705326
0.37728903,0.42067623,-0.31578997,0.4247514,0.48356935,-0.30415097,0.19140294,-0.1456319,0.22664247,0.6345443
0.36070785,0.38994128,-0.31878898,0.36252216,0.65203685,-0.39248332,0.16234444,-0.28153893,0.16547833,0.48712957
0.4091112,0.29784352,-0.34815425,0.2809887,0.651302,-0.19619775,0.027116494,-0.17711788,0.23027448,0.5603091
0.20452903,0.2655094,-0.48523718,0.5267783,0.46626464,-0.2557878,0.025856534,-0.17344129,0.20359255,0.5714354
0.15070333,0.28019232,-0.4003016,0.25226524,0.4474457,-0.12399711,0.0009401459,-0.0783955,0.024673859,0.5402112
0.029328024,0.39265826,-0.3525969,0.5515913,0.47763705,0.12538023,-0.074603796,-0.118739575,0.020806162,0.53838474
-0.0006155111,0.35573843,-0.3396435,0.47931537,0.25692767,0.019148435,-0.015428623,-0.072016776,-0.024444269,0.2589145
-6.3231215e-05,0.32630357,-0.28170493,0.4856049,0.37341702,-0.061017446,0.016965518,-0.044226456,-0.074527524,0.18977225
0.23367466,0.22664252,-0.28759608,0.39738548,0.2743208,-0.08292155,0.06434424,-0.10721707,-0.015614359,0.25649625
0.14206557,0.2617053,-0.33949006,0.23138654,0.18214281,0.10953686,0.011456253,-0.0963148,0.021293618,0.19269904
0.04633636,0.21725544,-0.38949066,0.17677718,0.12935366,0.08883018,0.011081448,-0.0031830333,-0.00039250636,0.21213202
0.0014586281,0.17371956,-0.34193823,0.0026268512,0.09002662,-0.024577236,-0.008904835,-0.15627593,0.033452496,0.09238017
-0.09051582,0.21130541,-0.35193905,0.12299894,0.12569684,-0.01958238,-0.075327575,0.011974815,0.041627496,0.1353146
0.02333421,0.3461251,-0.30272666,0.0548077,0.13053176,0.052567527,-0.21464102,-0.056944218,0.10786565,0.0586496
-0.06941674,0.3235185,-0.22648619,0.09069218,0.03529161,-0.02038897,-0.15308903,-0.00990146,-0.02063548,0.20863867
-0.09377504,0.19688587,-0.233357,0.073876485,0.10361721,-0.02226904,-0.23949601,-0.025655445,0.10166001,0.11459917
-0.16471563,0.33030134,-0.111555345,0.13083726,0.22413304,0.0031328853,-0.16262569,-0.07375993,0.102160625,0.12593901
-0.1293998,0.22287515,-0.081554025,0.114990145,0.12594448,0.14434615,-0.13034941,-0.08533241,0.12380885,0.084570356
-0.040332027,0.21427937,-0.20723173,0.4336435,0.079862,0.03405047,-0.16335519,-0.06545402,0.009450825,0.109975666
0.008449402,0.085721344,-0.08652015,0.16601093,0.06549542,0.07378507,-0.11013405,-0.0074211173,-0.0027159532,0.073147275
0.050682545,0.30709517,-0.2270381,0.07058522,-0.14223623,0.09339803,-0.12260376,0.06926261,0.051278323,0.13162586
0.024618438,0.21253589,-0.16639017,0.21379656,0.026630964,0.06374554,-0.0744398,0.00027690083,0.04040857,0.006719464
0.028457334,0.16170788,-0.22916318,0.31140938,0.03317781,0.096803166,-0.06835428,-0.025642652,-0.023197977,-0.03933764
-0.02820807,0.2456418,-0.25282234,0.3574585,-0.021395456,0.04520919,-0.08017017,0.016177267,-0.05099786,-0.03639461
0.018725058,0.19631478,-0.33781883,0.32704815,-0.09474504,-0.004706178,0.057856493,-0.07480322,0.060169112,-0.023285193
0.10381204,0.19355497,-0.20189759,0.17193696,-0.099431515,0.115984604,-0.0027905349,-0.032485414,0.16527401,0.20214732
-0.029420523,0.2075078,-0.3044058,0.15885389,0.06091796,0.15979096,-0.002968369,-0.008199763,0.006273595,0.04563553
-0.028165113,0.16712914,-0.26958436,0.052868895,0.11293137,0.22291803,0.034772687,0.017569497,0.06382538,0.063174054
-0.14590305,0.14091218,-0.33735138,0.09429485,0.08087923,0.18311083,-0.030074904,-0.0020250343,0.025975497,-0.020682355
-0.19081123,0.14213973,-0.36772728,0.058253616,0.08793329,0.1713151,-0.0757096,-0.050808463,-0.129723,-0.023563815
0.011355367,0.114964105,-0.32006404,0.089763805,-0.011458572,0.17769559,-0.06907702,-0.16752513,-0.11320502,0.1276362
-0.18943883,0.1476208,-0.3436814,0.079019055,-0.08521865,0.098925605,-0.21545741,-0.032377068,-0.11294152,-0.045388512
-0.049065165,0.25817582,-0.1610594,0.07642992,-0.079996556,0.2016246,-0.083747424,-0.083639935,-0.07773987,0.07994315
-0.12628496,0.22479005,-0.3006628,0.013239041,-0.030254867,0.061661676,-0.14304094,-0.17219497,-0.0035398775,-0.025885994
-0.056741536,0.21773557,-0.19924913,0.0069376603,-0.008706208,0.074423954,-0.12226294,-0.06976199,-0.0022716415,0.09893279
-0.051005296,0.109023996,-0.30255574,-0.12714651,-0.034764554,0.009218853,-0.17151238,-0.07915175,0.06669368,0.04367961
-0.10375078,0.20470989,-0.2690286,-0.039900973,0.15227588,0.09506655,-0.13846119,-0.094398096,0.03237689,0.06399285
-0.20588706,0.25212836,-0.28320804,-0.12617925,0.11494602,0.11085865,-0.121028766,-0.0010447912,0.040297996,0.10631816
-0.12108619,0.20018217,-0.2665111,0.07789688,-0.0073186196,0.018645503,-0.16802572,-0.048338313,0.088073246,0.048164643
-0.2595521,0.2018324,-0.23213711,0.076758355,0.0913434,0.046837203,-0.19467448,-0.17025588,0.010344697,0.13301753
-0.21163476,0.13272685,-0.1256994,0.0759487,0.03592135,0.14027527,-0.17559683,-0.13639805,0.110469334,0.19816463
-0.18006554,0.19292952,-0.22166876,-0.13667609,0.19540022,0.05171399,-0.15959579,-0.046531055,0.15067738,0.067785785
-0.18050055,0.26651862,-0.2052287,0.037637644,0.1381274,-0.05712521,-0.15548989,-0.03506436,0.01454303,0.1289706
-0.25908652,0.21203996,-0.2703557,0.08650363,0.33971158,0.05090809,-0.15716694,-0.0020157471,-0.0727872,0.2145449
-0.17234613,0.11098407,-0.25681344,0.19103086,0.14548485,-0.026185792,-0.12821595,-0.06532228,0.04207286,0.23705892
-0.056186028,-0.009683983,-0.17100987,0.080760434,0.1987688,0.027270839,-0.08417314,-0.10770969,-0.042595267,0.22367086
-0.11302646,0.16656001,-0.24038786,0.02277267,0.12899286,0.2005339,-0.14624725,0.054343358,0.005066113,0.28009915
-0.0050431993,0.13508745,-0.30076516,0.03945344,0.121932775,0.20005018,-0.22769132,0.06692761,0.048899833,0.13200869
-0.1433695,-0.09526937,-0.13124408,0.07520485,0.13617606,0.24293524,-0.09010038,0.0051223524,0.0017685569,0.14450642
-0.04663951,-0.14536229,-0.28480944,0.08525342,0.09915361,0.36589563,-0.16133624,0.053662155,-0.035362072,-0.050268415
-0.026333623,-0.08921027,-0.17703126,-0.13336411,0.12864882,0.23816577,-0.10348973,0.09146285,-0.07274275,-0.03736568
-0.023028664,0.06856164,-0.19745111,0.06912254,0.025834527,0.13845077,-0.17093626,0.0072792396,-0.006868644,-0.09507962
-0.017019292,0.0068629263,-0.24794942,-0.11842342,0.00697726,0.2034742,-0.23874484,0.09109248,-0.02527266,0.04738675
-0.058478482,0.016283808,-0.23380013,-0.025608614,-0.14096129,0.07100017,-0.20513731,0.054582186,-0.07536962,0.038141552
-0.05394586,0.01900517,-0.26114848,0.03904368,-0.039354194,0.21722616,-0.22540058,0.052125674,-0.11905738,0.04950452
0.006261654,0.07426276,-0.2232082,-0.09633756,-0.097602755,0.09716472,-0.3179344,0.030395947,0.055254254,-0.13771866
-0.103318214,-0.015039986,-0.10444862,0.053296708,0.07772072,0.112665385,-0.14790599,0.005558133,-0.05305164,-0.03870631
-0.21275124,0.14254153,-0.19905563,0.05606589,0.13034147,0.26797563,-0.13728006,0.12809344,-0.072680436,-0.03513984
-0.13525629,-0.016264493,-0.19899948,0.092357285,-0.07625225,0.27341762,-0.14685401,0.16972324,0.04892356,0.048527785
-0.08729912,0.07222148,-0.08260552,0.16086453,-0.12747133,0.14453118,-0.07018459,0.08211394,-0.08947876,-0.06510781
-0.10881358,0.11745478,-0.095485434,-0.011207357,-0.083318874,0.24325705,-0.15942003,0.10596876,-0.10172581,0.025523633
-0.16085035,0.07400658,-0.1385222,0.10348149,-0.08812609,0.13761266,-0.076222196,0.07208879,-0.124723695,0.15031767
-0.16340992,0.13029554,-0.2187988,0.04963486,-0.09808874,0.16384505,-0.123810396,0.026711013,-0.049686294,0.06597482
-0.07587987,-0.01636278,-0.117687196,0.13904604,0.052870136,0.17943117,-0.06729322,0.109094426,-0.05275343,0.26165968
-0.05453801,0.11840368,-0.27420342,0.19347456,0.012300815,0.11150135,-0.15547085,-0.004490223,-0.036574055,0.016612308
-0.1292811,0.100649714,-0.20693737,0.29271275,0.16140099,0.15141225,-0.124163195,-0.0032674707,-0.047532447,0.09428196
-0.010547776,0.03448854,-0.28001994,0.17408875,0.088608146,0.23833129,-0.06956594,-0.007847596,-0.09085947,-0.13723306
-0.00517793,-0.0006404184,-0.24538235,-0.013601452,0.06911838,0.121394545,-0.0031184983,7.868558e-05,-0.084045544,0.1103273
-0.060443655,-0.008805007,-0.30527154,0.08252758,-0.026874807,0.15576668,-0.14980675,-0.013696749,-0.05343574,0.007414794
-0.101970375,-0.041807197,-0.28528428,-0.15216483,-0.030938875,0.22514835,-0.12305097,-0.008778531,0.055290923,0.07870286
-0.15684745,0.06295291,-0.28219482,0.05748002,0.029417813,0.32006273,-0.13064063,-0.004836384,-0.033466727,-0.07241476
-0.14638141,0.1621205,-0.116231546,0.013278618,0.10677607,0.11402014,-0.1615486,0.013394956,-0.05564532,-0.07053311
-0.15870298,0.1371643,-0.25364178,0.08490968,0.015564095,0.18958473,-0.15278347,-0.1117775,-0.12362642,-0.06622445
-0.16258821,0.18268174,-0.24578574,0.09265606,0.03163269,0.15330954,-0.23411602,-0.001556728,-0.110411696,-0.04967375
-0.08285323,0.19618058,-0.21019767,0.12616734,-0.040311445,0.107282825,-0.208679,-0.1300515,-0.13598977,-0.023712495
-0.06136541,0.22751284,-0.07278409,0.085809045,-0.12828454,0.05116774,-0.27092195,-0.09556605,-0.0964952,-0.03983136
-0.08577081,0.2175075,-0.08726061,0.094177485,-0.098477736,0.1949145,-0.24855332,-0.09227002,-0.054658778,0.04719115
-0.03542821,0.40013772,-0.05972874,0.17930691,-0.107756704,0.1570468,-0.22387858,-0.037136283,-0.14443855,0.025768412
-0.040761147,0.14377227,-0.01928105,0.21744242,0.10524443,0.13402003,-0.17711009,-0.009076569,-0.039364602,0.08970427
0.0004149042,0.24595767,-0.113001585,0.12126379,-0.006865669,-0.09075981,-0.13155426,0.0021729358,-0.10566134,0.011114839
-0.06796573,0.212358,-0.19386043,0.2471908,0.1559333,0.07686235,-0.15609281,0.008183524,-0.03386681,0.09985485
0.045163147,0.19356163,-0.124555185,0.0861775,-0.00013387576,0.00828746,-0.108654946,-0.026960354,-0.0014475235,0.13267612
-0.017321799,0.05126407,-0.081930496,0.047904883,0.15115434,0.1032406,-0.13324131,0.010916434,-0.08030475,0.0905879
-0.04772573,0.15174195,-0.13800405,-0.016120225,0.12850389,0.13771215,-0.08140109,-0.0032364465,-0.033595897,0.042312995
-0.08786734,0.24690107,-0.2860845,0.07671112,0.11639588,0.28892285,-0.15860383,0.017060515,-0.0690658,-0.092541344
-0.12542985,0.20684688,-0.09223642,-0.053177655,0.06903288,0.1593883,-0.122392416,0.031546175,-0.099233925,0.02639074
-0.18536168,0.13136512,-0.21632154,0.17970349,0.058474883,0.2133474,-0.055233493,-0.06584041,-0.1099443,-0.04754286
-0.15469928,0.07012984,-0.23198532,0.03992336,0.10912326,0.12946913,-0.07438788,-0.10512458,-0.1280972,0.11524529
-0.05651366,0.22305955,-0.24285863,0.16946106,-0.09802917,0.12139678,-0.08115831,0.023296542,-0.026579017,0.069895215
-0.038612522,0.1341612,-0.14393522,0.021182798,0.108314514,0.05893807,-0.07248784,-0.07303828,-0.118211634,0.053881176
-0.13857567,0.16966692,-0.23009859,-0.11857957,0.011534017,0.05161923,-0.073737055,-0.031112257,-0.13945006,0.06284871
-0.029220853,0.06383037,-0.16905664,0.059748948,-0.017958444,0.025365725,-0.16283368,-0.037844438,0.052052654,0.20413364
-0.012697,0.27848592,-0.26853952,-0.0103018135,0.12875049,0.10420062,-0.15394162,-0.13456829,0.006422275,0.17170325
-0.035596415,0.2804675,-0.27597544,0.10955875,0.10284135,0.13238737,-0.088387184,-0.065745026,0.042311665,0.060088187
-0.16708349,0.19228213,-0.2842132,0.10326275,0.017400306,0.060299873,-0.15979306,-0.050610263,0.025848312,0.022567974
-0.11041078,0.3471646,-0.21933158,0.093163885,0.016665641,0.0010739416,-0.1522243,-0.11813435,0.061114315,0.046423726
-0.07815188,0.3434715,-0.20622571,0.088301644,0.1086216,0.050854363,-0.07527983,-0.010674987,0.02049447,0.13494414
-0.17400011,0.1853288,-0.14833821,0.17729886,0.13850254,-0.07679221,-0.14756213,-0.18681668,0.1250668,0.056246683
-0.06528338,0.19894631,-0.21718949,0.30022752,0.14654654,0.09602305,-0.047337815,-0.022358138,0.12150695,0.059842072
-0.096686184,0.20946701,-0.30110165,0.09573528,0.13601276,-0.09442123,0.015722366,-0.008358803,0.107784145,0.10584827
-0.090730555,0.20912586,-0.27287284,0.093002245,0.22310393,0.022296697,-0.029559718,-0.0027534887,0.17050114,0.19964096
-0.2060445,0.22343229,-0.3217903,0.08240487,0.1197381,-0.021854194,-0.12069863,0.05583728,0.08407844,0.15889357
-0.1506247,0.21634467,-0.30402642,0.20512703,0.3887653,-0.07513333,-0.106924266,0.0020856448,0.19309816,0.16062057
-0.12015655,0.1727,-0.32157305,-0.052936077,0.1634203,0.06667858,-0.0966236,0.07544638,0.05845714,0.24017125
-0.047053576,0.13550058,-0.29897836,0.0628451,0.1712239,-0.11458918,-0.17517585,-0.08660743,0.15490395,0.2090977
-0.042561494,0.18095873,-0.22113444,0.066434786,0.028225977,-0.03753913,-0.122547194,-0.11959994,0.18113306,0.25409582
-0.115952596,0.18055508,-0.2347642,-0.106188476,0.22929358,0.08724024,-0.16789387,-0.011241641,0.17101416,0.3320088
-0.1940786,0.14995857,-0.20649767,0.1404105,0.23090982,0.08846731,-0.18407276,-0.09016438,0.1523251,0.28476486
-0.09823377,0.21568328,-0.28265387,0.09432724,0.26340407,0.11319114,-0.16350345,-0.011207368,0.06700823,0.16374743
-0.12823743,0.21561733,-0.13636464,0.11426143,0.16808057,0.076894805,-0.115031585,-0.002854094,0.12394699,0.11568756
-0.12948477,0.26719132,-0.32605925,0.13644864,0.1102771,0.008569781,-0.17484109,-0.0643639,0.057661507,0.12303698
-0.108101666,0.12068328,-0.1620207,0.12660784,0.12477575,-0.061301343,-0.09114013,-0.05869307,0.11704803,0.1408367
-0.1381858,0.1643061,-0.04483272,0.10738319,0.11441642,0.036740124,0.0133667495,-0.01688603,0.15674962,0.08173671
-0.07766359,0.119736604,-0.22158605,0.07389411,0.1174072,0.055329688,-0.049296558,0.0027080849,-0.01628526,0.12576938
-0.053792402,0.12539726,-0.22830671,0.118877016,0.13235708,0.21686259,-0.060014606,-0.033054333,0.0045624557,0.06865116
-0.087302946,-0.013813967,-0.3108768,0.08898603,0.020417467,0.16003548,-0.14375553,0.037838794,-0.013261415,0.055361956
-0.09214636,0.08238854,-0.23690711,0.08754715,0.11582421,0.22986853,-0.2593808,-0.010353778,0.012272533,-0.17259078
-0.18713142,0.056808643,-0.18504585,0.0989821,-0.022772085,0.20634294,-0.13911971,0.03865052,-0.092653595,0.020053754
-0.012495251,0.06205424,-0.27489904,-0.12386061,-0.06395532,0.29168484,-0.15511116,0.066856414,-0.12687117,-0.17491518
-0.07376934,-0.014833974,-0.21264991,-0.08460471,-0.07937293,0.21490386,-0.06974705,0.06967217,-0.028277725,-0.14580113
-0.06767408,0.06964242,-0.24904113,-0.089062914,-0.14046027,0.25540847,-0.14606003,-0.010618035,-0.14211704,-0.14613838
-0.11689488,0.2005073,-0.08198306,-0.064326584,-0.0710925,0.19687665,-0.1493117,0.01309903,-0.05340844,-0.109320074
-0.1601082,0.22397591,-0.13517265,-0.05835417,-0.05310082,0.13470918,-0.07463786,-0.008320931,-0.14835772,0.005694141
-0.18369706,0.022288006,-0.2289443,0.09495048,-0.1338642,0.11102834,-0.16620372,-0.076139286,-0.104862206,0.041191295
-0.07901593,0.33001095,-0.10469493,0.074651815,-0.1818011,0.16961792,-0.18996568,-0.11133945,0.15422834,0.04540394
-0.1425707,0.2750466,-0.10057743,-0.041498363,-0.041756082,-0.0710937,-0.16806884,0.0048840195,0.13700296,-0.062275812
-0.09503842,0.28744915,-0.07224387,0.17955926,0.0025557391,0.14563207,-0.22672589,-0.11515865,0.14321177,0.11206929
-0.085967,0.45028114,-0.16990064,-0.043223843,0.0063509904,0.08443102,-0.18537709,-0.030747268,0.14826316,0.048993103
-0.05475033,0.21960014,-0.09706867,0.3645122,-0.062431928,0.047131695,-0.12965961,-0.1117426,0.07523767,0.05026975
0.032948114,0.27980158,-0.09259412,0.20321745,-0.17966719,0.13713829,-0.09263384,-0.14226598,0.044532057,0.20224488
0.041493595,0.39517578,-0.2709392,0.2155633,0.11713798,-0.046626173,-0.050691247,-0.0827056,0.11731999,0.18286178
-0.07447766,0.27715027,-0.25505847,0.2896862,0.011964392,0.11743505,-0.07264507,-0.14084238,0.046877034,0.1999627
-0.043178223,0.34121868,-0.35903546,0.18817098,0.1244571,0.0032065473,-0.059712388,-0.011716019,0.10852643,0.13518105
-0.11756394,0.21385981,-0.30596676,0.3222363,0.23857458,0.041470535,-0.079158284,-0.13466275,-0.04489289,0.11593768
-0.083779305,0.3988407,-0.33183545,0.16869852,0.32157,0.07836546,-0.023436917,-0.034604955,0.029714083,0.1583634
0.007245779,0.19284102,-0.30440682,0.23307881,0.03819233,-0.16497247,-0.07599172,-0.018232536,-0.11789708,0.13901058
-0.020666147,0.20544001,-0.33852696,-0.008784406,-0.027375195,-0.24715981,-0.07616812,-0.08063774,-0.044774204,0.18895124
-0.018733427,0.1976986,-0.31393334,0.13529968,0.01925487,-0.12740123,-0.056256562,-0.03623751,-0.007486895,0.20064165
0.03954976,0.06804327,-0.21879274,0.022635013,0.1106679,-0.015236186,-0.07299253,-0.0018626526,0.1232441,0.47786966
-0.019536082,0.13525122,-0.28262848,-0.0022440553,0.3006539,0.068296984,-0.13379528,-0.031039756,0.032582257,0.2885397
-0.05239144,0.19696155,-0.22328144,-0.04303755,0.1268052,-0.018766161,-0.13445462,0.031336587,0.0051968857,0.21278143
-0.14273667,0.17709668,-0.23910989,0.054732986,0.3460155,0.0831858,-0.11051722,-0.02763572,0.0757074,0.13209434
-0.132209,0.09365015,-0.27520403,0.08166541,0.24974726,0.07165636,-0.21716304,-0.09706113,0.1098498,0.04634992
-0.038565062,0.17648579,-0.08604706,0.2717405,0.11647038,0.12264106,-0.1586641,-4.1794032e-05,0.05722892,0.13972357
-0.12021621,0.023644742,-0.10338181,0.2550676,0.08401107,0.11439335,-0.07579357,0.043598525,0.02097469,0.06108843
-0.12542906,0.13716222,-0.21658227,0.14734396,0.120854706,0.35400718,-0.029959714,0.02112053,-0.13111769,0.16994248
-0.10332049,0.0659402,-0.28971553,0.13358006,0.11067532,0.13372406,-0.09961659,-0.0015483759,-0.1335672,-0.029862775
-0.08089873,0.060058385,-0.122359365,0.11248335,0.11726062,0.15039137,-0.08248517,0.009652432,-0.13507405,0.029233254
-0.061741665,0.08897424,-0.22802733,-0.07575616,0.09078857,0.16018514,-0.051115334,-0.053191233,-0.04368279,-0.17051312
-0.043116964,0.19380394,-0.17358527,0.07433901,-0.12903114,0.059370816,-0.17907585,0.034838926,-0.0743132,-0.08385862
-0.08183984,0.102801025,-0.23390819,0.090881646,-0.024729233,0.2100086,-0.1288779,-0.005594898,-0.124428906,-0.026421338
-0.12860943,0.11519187,-0.18350403,0.09970367,-0.009280752,0.1425108,-0.1432121,-0.030192692,0.02284638,-0.024248738
-0.13993591,0.16866192,-0.16312157,-0.109509766,-0.14290844,0.061905682,-0.12490493,-0.015372742,-0.039493304,0.057284124
-0.11939323,0.09058591,-0.22661857,0.017035007,-0.041461598,0.11648896,-0.1277688,-0.014591161,0.024132954,0.04933587
-0.12130584,0.3525408,-0.2934709,-0.12864763,0.033257186,0.23949572,-0.021237215,-0.019701097,0.026702223,0.060833156
-0.20843266,0.39820927,-0.27159503,-0.090998024,-0.033200797,0.16932791,-0.07842833,-0.03696235,-0.103428826,0.1221917
-0.29116884,0.47092098,-0.2463095,-0.20297381,0.13053393,0.16694799,-0.19149761,-0.06529571,0.0030265036,0.084303945
-0.090842046,0.22297806,-0.23788056,0.09126702,0.05544277,0.047593944,-0.26181126,-0.19371817,-0.12837404,-0.0031918786
-0.04670208,0.3600445,-0.15212436,0.18332142,0.012849905,-0.14139801,-0.30012348,-0.17672946,0.01926338,-0.059499286
-0.1108692,0.30691797,-0.13319746,-0.06751633,-0.035679545,-0.0607167,-0.1241508,-0.18664858,0.079334736,0.090162665
-0.046329997,0.34341565,-0.11098458,0.29804134,0.14372443,-0.24030845,-0.13424377,-0.20756042,-0.007989585,0.19053479
0.0042173285,0.42206016,-0.1787707,0.20315196,0.10071253,-0.2658896,-0.15016021,-0.132111,0.08017101,0.34993544
0.10700357,0.3467308,-0.051296726,0.20077583,0.09731798,-0.15973954,-0.11416571,-0.13760117,0.17082778,0.24830054
0.033323914,0.26468545,-0.27233145,0.42991725,0.304494,-0.30614603,-0.003290223,-0.18273714,0.21268806,0.4200323
0.10876081,0.2864356,-0.17789938,0.4289162,0.25132588,-0.013480404,-0.06570557,-0.24058476,0.13325565,0.25080487
-0.014605664,0.53049725,-0.2733001,0.43792284,0.29945743,-0.012916343,-0.006725805,-0.13316394,0.1461135,0.29942584
0.0062647425,0.27857253,-0.26282388,0.36782542,0.42392853,-0.016142443,-0.04467029,-0.2015073,-0.08015109,0.28047532
-0.012810496,0.2974995,-0.3302876,0.61560726,0.30945992,-0.023218645,-0.025417319,-0.13024217,0.098680176,0.30652615
0.1264572,0.2286298,-0.35826445,0.43443263,0.39252472,-0.057137012,0.020414857,-0.18396896,0.07177127,0.40558597
0.12644498,0.19276811,-0.26923332,0.29961205,0.24997197,0.03945291,0.009184511,-0.12024748,0.0107896235,0.18192935
0.03873582,0.25861955,-0.29087743,0.28883973,0.20768933,0.071734205,0.08214461,-0.14104553,0.24469568,0.17390166
0.10778713,0.38019583,-0.2781129,0.3114672,0.28446674,0.010885533,0.0362091,-0.12714657,0.1056387,0.28571728
0.14302593,0.29376897,-0.37321156,0.26509327,0.12715346,-0.031301074,-0.012619128,-0.23402494,0.11581204,0.097786024
0.047582313,0.40752918,-0.28490636,0.28878415,0.12318349,-0.13682398,0.0056081023,-0.17206049,0.1617583,0.1217959
0.07740429,0.39171574,-0.37887987,0.1506449,0.105570324,-0.17988229,0.022673005,-0.15939638,0.08775874,0.2987891
-0.05633995,0.3471927,-0.34075096,0.13056058,0.11669773,-0.10008573,-0.053410925,-0.21566755,0.2139042,0.12097901
-0.111111976,0.3134055,-0.3256354,0.3077148,0.12845522,-0.06758225,-0.081295654,-0.18611377,-0.02328102,0.3392101
-0.056360386,0.48054275,-0.32789567,0.17600814,0.3448211,0.06355691,-0.061940454,-0.12858729,0.12353345,0.19969504
-0.01322467,0.5107894,-0.34138682,0.33008438,0.5278715,-0.012616094,-0.148432,-0.13618144,0.11616486,0.34706572
0.06164842,0.49978605,-0.3044661,0.24621825,0.26979768,-0.10082448,0.016894622,-0.17471407,0.0137901865,0.28467423
0.1358107,0.5305741,-0.34824967,0.42622027,0.27514875,-0.1310677,-0.0225954,-0.17313395,-0.0738328,0.2322067
0.07694466,0.37207875,-0.31613,0.48642775,0.3263233,-0.32563785,0.01272274,-0.2412045,0.024477957,0.21474625
0.12353147,0.5020502,-0.26036268,0.3601899,0.28644988,-0.022213608,-0.06377689,-0.18457367,0.010524284,0.27092174
0.10146849,0.5496441,-0.32820264,0.30343485,0.1970725,-0.2356056,0.0058213826,-0.3954688,-0.027393898,0.2773233
0.28079596,0.5966129,-0.298582,0.2590258,0.22579949,-0.2646926,0.046603322,-0.22144559,0.011906261,0.21135193
0.16620243,0.46110475,-0.40817773,0.29853773,0.39650574,-0.2661937,0.041964076,-0.35815728,0.0642883,0.4584227
0.00048401207,0.62024945,-0.40602574,0.43854576,0.13640699,-0.43732947,0.02726599,-0.20301607,0.13926113,0.53400785
0.038684018,0.56936526,-0.56160027,0.40329757,0.27968448,-0.46568143,-0.017781084,-0.4780421,0.08662402,0.414403
0.12852748,0.51267827,-0.35540113,0.35402662,0.31429785,-0.53022945,0.0035809856,-0.39669886,0.19993648,0.54067785
0.16689534,0.69236547,-0.33539477,0.57388955,0.3223127,-0.30383942,-0.00051063113,-0.3372945,0.3575555,0.68111414
0.047176607,0.54614764,-0.30397046,0.5413374,0.7325303,-0.28224018,0.06491802,-0.33422476,0.32529387,0.6446608
0.025754625,0.5265987,-0.4147596,0.33436656,0.46374747,-0.18020715,0.0075847004,-0.25838333,0.17115065,0.58863705
-0.008709464,0.4874307,-0.37530008,0.543723,0.7018807,-0.4349896,0.058481492,-0.33247113,0.23727132,0.46686804
0.10896092,0.35006475,-0.5631738,0.318569,0.746442,-0.13971709,0.024021154,-0.21646103,0.26461563,0.36909235
0.07608363,0.39275965,-0.41830918,0.25415528,0.4582196,-0.22298849,0.10456826,-0.14806017,0.20463537,0.17226653
0.10465155,0.23911032,-0.4315606,0.3300352,0.2559818,-0.05927695,-0.09684853,-0.16681483,0.24845,0.2155867
0.10701717,0.4023058,-0.3305801,0.21749124,0.26440656,-0.12648492,0.029853752,-0.22737631,0.21741845,0.19112088
0.12789142,0.42961317,-0.2845178,0.29303327,0.25260028,0.043306068,-0.096796125,-0.1758451,0.024435235,0.24373393
-0.0066480394,0.5140782,-0.28914323,0.28029156,0.2698834,-0.33330023,-0.0011229571,-0.07170397,0.2022946,0.3510958
0.11175989,0.44532135,-0.3396305,0.38773787,0.44022843,-0.1509702,-0.05300021,-0.17825687,0.11120352,0.20529787
0.0974945,0.4805268,-0.34205475,0.33449304,0.27711198,-0.02964148,-0.025510179,-0.19473547,0.19006577,0.2920414
0.001367772,0.59062874,-0.33891436,0.34930375,0.1353744,-0.042304777,-0.0073027667,-0.20335773,0.12972593,0.34667924
0.07412583,0.43475574,-0.3609306,0.3432361,0.1052558,-0.3244083,-0.01992183,-0.4727783,0.20044854,0.19813807
0.019280879,0.65192866,-0.33653644,0.49105042,0.24055028,-0.18476105,-0.006394824,-0.41187313,0.18390389,0.2464387
0.1357077,0.56053615,-0.25260055,0.5854196,0.20972237,-0.2005198,0.01992227,-0.4707004,0.12949537,0.47026387
0.3411489,0.6207374,-0.3117529,0.5638618,0.11002019,-0.23516576,0.12739588,-0.35126668,0.26275283,0.4797362
0.091693394,0.5776825,-0.37971577,0.6332625,0.13174339,-0.3299982,0.09609042,-0.41684985,0.32260165,0.38308188
0.31895277,0.5875271,-0.3527785,0.59597325,0.30305618,-0.12937583,-0.019310383,-0.27650347,0.30522558,0.3258594
0.080868006,0.4681907,-0.27895138,0.606079,0.19682541,-0.12604783,0.2134463,-0.30163154,0.12795171,0.37435853
0.4635087,0.45956206,-0.2974653,0.49656355,0.34316954,-0.21740508,0.1572824,-0.30435213,0.11067601,0.35613257
0.57601804,0.32709602,-0.3280215,0.31828767,0.35092965,-0.3170684,0.09091434,-0.43105552,0.19097345,0.29531738
0.03230834,0.5284864,-0.39317957,0.44995517,0.58682466,-0.3761431,0.019503513,-0.14618832,0.22446981,0.5129519
0.34597164,0.4482746,-0.38075,0.34847048,0.47252414,-0.25818044,-0.011273658,-0.25714737,0.33247292,0.44568655
0.23091048,0.41982526,-0.3674242,0.42474326,0.73413306,-0.047342144,0.108686574,-0.26794848,0.3022324,0.36869133
0.2383037,0.213274,-0.390075,0.38637826,0.66444653,-0.3218873,-0.06122767,-0.37138984,0.25639826,0.2856603
0.1773328,0.5228219,-0.32700762,0.57255864,0.36238366,-0.10401976,0.031085582,-0.36484265,0.19408134,0.43328366
0.2049816,0.66713387,-0.2867477,0.28605998,0.3630306,-0.28648555,0.03240583,-0.20135623,0.19172682,0.42605495
0.10125992,0.46838802,-0.30859557,0.47796923,0.33872962,-0.6625908,0.02045442,-0.26045603,0.31649148,0.26660344
0.023025034,0.41433972,-0.33548817,0.3038634,0.12811664,-0.60887414,0.0037089493,-0.2841147,0.25682333,0.39954126
0.11628979,0.51261765,-0.36972216,0.54351985,0.26492757,-0.23066874,0.017693585,-0.3787298,0.33388105,0.4762087
0.020101426,0.41248977,-0.36085314,0.35939595,0.31076884,-0.3715667,0.010924945,-0.46030608,0.25390556,0.6185641
0.08035986,0.5513818,-0.43157896,0.54793644,0.59705436,-0.16882893,0.09095356,-0.31073606,0.21994974,0.54034895
0.046803422,0.5074891,-0.36941472,0.4899107,0.70151067,-0.17043118,0.007192081,-0.48967394,0.30847263,0.59665686
0.1266962,0.6135094,-0.29433194,0.52882916,0.55401844,-0.3615157,0.03911715,-0.43294546,0.21095653,0.6058928
0.106907375,0.49964255,-0.28275236,0.35826945,0.53601646,-0.15582377,-0.010019382,-0.46240065,0.25491902,0.3785122
0.13282624,0.49488428,-0.27026019,0.42679676,0.3498323,-0.27995363,0.020811932,-0.3440337,0.3278597,0.40244466
-0.021479504,0.4291874,-0.28810015,0.66873455,0.37945548,-0.265182,-0.025373695,-0.3843958,0.28811485,0.4843325
0.12550281,0.4450213,-0.38984647,0.70013833,0.24875772,-0.3005636,-0.018623812,-0.38975438,0.20471266,0.4061931
0.19251262,0.46489057,-0.2820804,0.3016966,0.41052446,0.04305755,0.08059706,-0.27679536,0.18133193,0.32583588
0.22559649,0.49973747,-0.2531278,0.27153355,0.16412967,-0.27990422,0.020040004,-0.29564017,-0.026817346,0.26569322
0.16734165,0.7097526,-0.3272997,0.34476662,0.14993379,-0.24751326,0.033480622,-0.21510676,0.11058483,0.2791703
0.4029157,0.44067392,-0.39195856,0.65079427,0.14026952,-0.36845565,-0.120383725,-0.27648714,0.17915758,0.16236961
0.2181782,0.43374276,-0.31110194,0.45649227,0.12607506,-0.17639226,0.013326781,-0.17842093,0.17785405,0.30951393
0.12074252,0.43483934,-0.31073892,0.5597211,0.12516789,-0.32206237,0.106454864,-0.21152124,0.26867646,0.36623666
0.122867174,0.41565648,-0.31164092,0.58661973,0.12237123,-0.1649382,0.008174775,-0.141089,0.2567373,0.30847552
0.4522029,0.29922462,-0.2676471,0.46999353,0.15338255,-0.09731156,0.11625049,-0.22397402,0.22401492,0.26140755
0.4614815,0.45923385,-0.55435765,0.37136945,0.16208377,-0.015127055,0.019072888,-0.18136582,0.17051145,0.24780697
0.029905325,0.48054704,-0.369374,0.2636819,0.122585475,-0.18767558,0.08266586,-0.1628401,0.124161355,0.3273669
0.19241531,0.37523416,-0.4514863,0.3511733,0.12024001,-0.017447056,-0.00061257,-0.24454638,0.23818964,0.31812754
0.13925214,0.28455836,-0.4488602,0.23893009,0.25039604,-0.072292425,-0.01957451,-0.22932944,0.12827295,0.44290948
0.07773815,0.3735842,-0.42487237,0.28614825,0.22953862,-0.01838955,0.025767153,-0.21617284,0.08361569,0.4202369
-0.020336617,0.35556352,-0.40913418,0.109409675,0.23221509,-0.41803122,-0.032330617,-0.14256042,0.15114178,0.25531748
-0.037961803,0.33674604,-0.37107936,0.3602933,0.24806069,-0.15141544,-0.007192908,-0.1166421,0.32822278,0.21645345
-0.014667476,0.15611766,-0.34516123,0.15836775,0.11274276,-0.17808983,-0.0031538736,-0.22662613,0.18123683,0.27301437
0.14355896,0.35554922,-0.2663696,0.31103605,0.14884053,-0.35328305,0.08884412,-0.059642885,0.16105881,0.42667732
0.04923097,0.3871224,-0.34059462,0.19546004,0.23069079,-0.20526999,-0.04079689,-0.08802201,0.23143604,0.31530407
-0.055981867,0.32324737,-0.24662472,0.15725297,0.13197726,-0.029362999,0.0010574106,-0.019261371,0.34283075,0.26634783
-0.061541624,0.25206146,-0.44500548,0.30207804,0.1985264,-0.23259854,0.094245255,-0.07798943,0.16656557,0.3334674
-0.04398717,0.25307313,-0.37640122,0.07674916,0.1728013,-0.12799323,0.0068070684,-0.066052094,0.2489766,0.16786282
0.050521433,0.30290115,-0.5308918,0.29234827,0.23117864,-0.20125338,-0.02130518,-0.081104994,0.16473734,0.19638374
-0.032477863,0.33201674,-0.3311257,0.24473004,0.17571506,-0.10773921,-0.04255361,-0.023262773,0.084944256,0.14563882
0.009555573,0.28956643,-0.30152014,0.35374308,0.3723847,-0.20672093,-0.01503071,0.0023938678,0.24297933,0.28013495
0.0085491855,0.24934617,-0.26905107,0.16153759,0.14036056,-0.0039297827,0.0018880311,-0.16047502,0.13884254,0.20800655
-0.04452676,0.360811,-0.2743578,0.2715637,0.2423982,-0.1511123,-0.074332684,-0.17221618,0.13267274,0.11266098
